Time_Sec,CH0-ThumbLow,CH1-ThumbUp,CH2-Pointer,CH3-Middle,CH4-Ring,CH5-Pinky
4744212572614300,2366,1823,2210,2033,2227,2119
4744212572826100,2363,1825,2210,2030,2225,2125
4744212573332300,2365,1824,2210,2030,2225,2125
4744212573422700,2366,1824,2210,2032,2224,2124
4744212573492100,2365,1823,2211,2030,2226,2126
4744212573940900,2365,1824,2210,2030,2224,2195
4744212574034900,2365,1823,2209,2032,2125,2127
4744212574158400,2363,1824,2212,2032,2225,2125
4744212574422000,2365,1823,2212,2032,2226,2123
4744212574537800,2365,1825,2212,2031,2225,2126
4744212574822500,2363,1824,2211,2031,2229,2126
4744212575075600,2364,1825,2212,2188,2227,2126
4744212575155900,2363,1825,2209,2032,2226,2124
4744212575443700,2363,1840,2210,2032,2228,2126
4744212575529300,2364,1824,2210,2032,2225,2124
4744212575638200,2362,1823,2198,2032,2229,2124
4744212575927000,2365,1823,2212,2031,2225,2124
4744212576006500,2366,1824,2209,2030,2263,2126
4744212576065300,2364,1823,2220,2032,2228,2126
4744212576126300,2364,1824,2212,2032,2223,2125
4744212576217800,2365,1823,2210,2032,2225,2125
4744212576354700,2366,1824,2211,2030,2227,2127
4744212576430800,2365,1824,2211,2032,2293,2125
4744212576507600,2364,1824,2211,2032,2226,2125
4744212576597400,2362,1824,2212,2032,2225,2124
4744212576660400,2363,1825,2211,2031,2223,2126
4744212576725400,2365,1823,2218,2033,2226,2126
4744212576781200,2364,1824,2210,2031,2225,2126
4744212576835500,2365,1823,2209,2034,2226,2125
4744212576889500,2363,1866,2211,2031,2227,2452
4744212577753000,2364,1673,2210,2032,2276,2125
4744212577928500,2367,1822,2212,2032,2223,2126
4744212577987900,2367,1824,2211,2031,2224,2126
4744212578062800,2367,1823,2211,2032,2225,2125
4744212578153400,2364,1823,2210,2030,2224,2238
4744212578226000,2367,1823,2240,2031,2228,2125
4744212578452400,2366,1824,2210,2032,2225,2125
4744212578894500,2368,1821,2210,2031,2224,2126
4744212579126800,2376,1824,2209,2032,2227,2126
4744212579222400,2364,1824,2211,2031,2224,2222
4744212579298800,2366,1825,2211,2033,2225,2125
4744212579379700,2367,1824,2211,2032,2225,2125
4744212579464800,2367,1824,2211,2030,2225,2127
4744212579572600,2363,1824,2216,2032,2224,2125
4744212579647000,2365,1825,2210,2033,2224,2126
4744212579748700,2366,1823,2210,2032,2297,2126
4744212579830700,2362,1823,2212,2040,2225,2124
4744212579883800,2365,1844,2213,2031,2226,2126
4744212579946600,2364,1823,2210,2032,2226,2094
4744212580000000,2366,1826,2210,2033,2224,2126
4744212580134500,2365,1822,2211,2032,2224,2125
4744212580200300,2365,1824,2211,2032,2225,2124
4744212580265700,2367,1822,2211,2032,2225,2126
4744212580333700,2364,1916,2211,2034,2225,2125
4744212580432900,2422,1824,2210,2032,2223,2126
4744212580496400,2366,1824,2210,2033,2226,2126
4744212580563600,2366,1824,2254,1983,2226,2126
4744212580732300,2364,1824,2210,2033,2227,2126
4744212580835500,2365,1825,2211,2032,2225,2125
4744212580941700,2363,1824,2210,2031,2228,2125
4744212581050400,2364,1824,2218,2031,2225,2125
4744212581143400,2487,1824,2212,2032,2225,2126
4744212581252800,2362,1825,2210,2031,2225,2123
4744212581336100,2366,1823,2211,2031,2226,2125
4744212581404100,2365,1824,2210,2032,2226,2126
4744212581467500,2366,1824,2211,2031,2225,2126
4744212581553000,2364,1825,2212,2031,2226,2127
4744212581622700,2363,1822,2211,2032,2226,2125
4744212581865500,2366,1824,2210,2030,2224,2191
4744212581934900,2366,1824,2210,2032,2124,2127
4744212582004200,2364,1824,2211,2031,2225,2126
4744212582073800,2364,1825,2210,2033,2225,2127
4744212582137800,2367,1824,2212,2031,2226,2126
4744212582191700,2365,1824,2211,2032,2229,2126
4744212582252300,2366,1825,2212,2188,2225,2127
4744212582301000,2365,1822,2210,2030,2224,2126
4744212582352000,2367,1838,2211,2032,2227,2127
4744212582399600,2367,1823,2210,2032,2225,2125
4744212582447600,2365,1823,2195,2032,2228,2125
4744212582502400,2365,1822,2212,2033,2224,2125
4744212582555800,2364,1824,2210,2030,2228,2126
4744212582609900,2363,1824,2225,2032,2224,2126
4744212582676600,2365,1823,2212,2030,2224,2126
4744212582734900,2367,1823,2212,2030,2224,2126
4744212582792300,2367,1825,2212,2032,2225,2129
4744212582846700,2364,1823,2209,2032,2296,2125
4744212582902800,2365,1824,2211,2032,2227,1870
4744212582960700,2365,1824,2212,2031,2225,2124
4744212583009700,2366,1824,2210,2032,2296,2125
4744212583064900,2367,1824,2227,2032,2224,2126
4744212583346600,2365,1824,2211,2031,2225,2124
4744212583529500,2364,1824,2209,2033,2225,2124
4744212583620500,2364,1865,2211,2032,2227,2453
4744212583702000,2366,1674,2212,2032,2274,2125
4744212583788500,2365,1823,2212,2030,2227,2126
4744212584013700,2364,1825,2212,2031,2226,2125
4744212584129700,2367,1825,2211,2032,2227,2124
4744212584246400,2367,1825,2210,2030,2225,2224
4744212584331400,2365,1825,2243,2033,2224,2125
4744212584439000,2365,1823,2212,2031,2227,2125
4744212584517500,2366,1823,2210,2034,2225,2127
4744212584632600,2378,1824,2210,2032,2225,2126
4744212584731500,2365,1824,2210,2032,2225,2224
4744212584997600,2366,1823,2210,2032,2225,2124
4744212585091200,2364,1825,2211,2032,2223,2126
4744212585152000,2363,1825,2209,2032,2226,2126
4744212585222700,2366,1825,2217,2031,2226,2125
4744212585275000,2368,1822,2210,2031,2224,2127
4744212585342100,2368,1823,2210,2029,2300,2126
4744212585423100,2362,1823,2212,2041,2225,2124
4744212585540800,2365,1839,2211,2032,2226,2125
4744212585616100,2367,1824,2210,2031,2224,2094
4744212585669100,2364,1824,2210,2032,2226,2126
4744212585733100,2364,1824,2211,2032,2226,2126
4744212585801700,2366,1824,2211,2031,2225,2125
4744212585858000,2365,1822,2212,2033,2225,2126
4744212585943800,2366,1915,2211,2031,2227,2095
4744212586011700,2422,1825,2210,2032,2224,2124
4744212586074500,2365,1823,2210,2035,2227,2124
4744212586166600,2366,1822,2253,1983,2227,2126
4744212586227900,2365,1823,2210,2030,2226,2126
4744212586283300,2364,1825,2209,2032,2226,2126
4744212586366200,2366,1824,2213,2032,2226,2126
4744212586432300,2367,1824,2216,2031,2225,2126
4744212586481600,2488,1822,2212,2033,2226,2125
4744212586535600,2364,1826,2210,2031,2227,2125
4744212586744800,2366,1823,2214,2032,2226,2119
4744212586820500,2365,1824,2211,2032,2226,2128
4744212587373200,2364,1824,2211,2033,2224,2125
4744212587432500,2365,1826,2211,2031,2225,2125
4744212587513300,2365,1828,2211,2032,2226,2125
4744212587988900,2365,1824,2211,2031,2223,2195
4744212588119800,2364,1823,2210,2032,2122,2128
4744212588219200,2366,1824,2211,2031,2224,2126
4744212588300300,2366,1825,2210,2032,2225,2125
4744212588391800,2363,1823,2211,2033,2226,2125
4744212588474400,2363,1825,2211,2031,2230,2125
4744212588557600,2364,1823,2212,2188,2225,2125
4744212588630400,2366,1823,2211,2032,2226,2125
4744212588690700,2368,1840,2210,2032,2228,2126
4744212588937000,2368,1823,2209,2037,2226,2125
4744212589050100,2365,1823,2199,2032,2224,2126
4744212589162900,2365,1823,2210,2032,2225,2125
4744212589401400,2364,1823,2209,2032,2261,2126
4744212589517500,2364,1824,2228,2032,2226,2123
4744212589637900,2366,1824,2212,2031,2226,2125
4744212589725500,2368,1825,2212,2029,2227,2124
4744212589801100,2364,1825,2210,2030,2227,2127
4744212590014200,2368,1826,2211,2032,2294,2125
4744212590106500,2364,1825,2209,2030,2226,2125
4744212590235300,2366,1825,2211,2032,2224,2127
4744212590318300,2368,1825,2210,2032,2293,2125
4744212590394600,2365,1823,2218,2032,2225,2126
4744212590665800,2365,1824,2211,2032,2227,2126
4744212590767600,2366,1823,2209,2030,2224,2124
4744212590877200,2365,1866,2211,2030,2227,2455
4744212590982600,2366,1673,2211,2032,2272,2125
4744212591070300,2364,1824,2212,2033,2225,2125
4744212591150100,2365,1824,2208,2031,2227,2126
4744212591236100,2365,1824,2210,2032,2300,2125
4744212591304200,2367,1825,2211,2030,2224,2205
4744212591404000,2365,1825,2240,2033,2224,2126
4744212591520900,2365,1822,2210,2034,2223,2125
4744212591594100,2368,1823,2212,2032,2225,2127
4744212591670600,2376,1823,2211,2032,2224,2126
4744212591740500,2365,1827,2210,2031,2225,2245
4744212591830900,2366,1824,2210,2032,2225,2123
4744212591908700,2364,1824,2211,2032,2225,2126
4744212591969400,2365,1824,2209,2032,2227,2125
4744212592022700,2367,1823,2216,2032,2224,2126
4744212592230400,2364,1825,2211,2031,2223,2125
4744212592297500,2365,1822,2211,2033,2055,2127
4744212592355300,2360,1822,2214,2040,2225,2125
4744212592419100,2367,1842,2211,2031,2227,2126
4744212592491100,2365,1825,2211,2030,2224,2095
4744212592558300,2366,1822,2211,2032,2225,2126
4744212592620500,2367,1824,2210,2032,2225,2126
4744212592868700,2365,1825,2210,2031,2226,2126
4744212592973500,2367,1824,2211,2031,2226,2126
4744212593042800,2364,1930,2212,2031,2228,2182
4744212593088200,2426,1825,2210,2033,2224,2126
4744212593133400,2367,1823,2209,2035,2227,2126
4744212593176100,2365,1822,2255,1983,2227,2126
4744212593241800,2364,1825,2210,2032,2225,2125
4744212593296400,2365,1825,2210,2032,2226,2124
4744212593344500,2366,1823,2212,2032,2226,2126
4744212593457400,2365,1824,2217,2033,2226,2125
4744212593546000,2486,1824,2211,2031,2227,2124
4744212593600200,2364,1824,2210,2032,2224,2126
4744212593658600,2366,1823,2211,2032,2224,2125
4744212593712500,2366,1825,2211,2031,2224,2127
4744212593817900,2364,1825,2210,2032,2224,2127
4744212594332300,2365,1823,2210,2032,2223,2127
4744212594392500,2366,1824,2210,2031,2224,2125
4744212594456100,2367,1826,2211,2029,2225,2196
4744212594741200,2368,1824,2209,2032,2124,2126
4744212594956000,2367,1825,2211,2031,2227,2126
4744212595027000,2365,1824,2210,2032,2224,2124
4744212595221300,2365,1826,2211,2033,2224,2125
4744212595471100,2365,1824,2211,2032,2229,2125
4744212595566400,2367,1825,2212,2188,2227,2126
4744212595629000,2367,1824,2210,2032,2226,2125
4744212595741600,2367,1841,2210,2032,2226,2126
4744212595860500,2366,1823,2210,2032,2226,2126
4744212595965900,2364,1824,2197,2033,2227,2124
4744212596046500,2365,1822,2211,2031,2224,2125
4744212596149200,2364,1824,2209,2032,2265,2126
4744212596257100,2364,1824,2228,2034,2226,2125
4744212596343500,2365,1825,2212,2031,2226,2125
4744212596465700,2366,1826,2210,2039,2206,2125
4744212596553500,2364,1825,2211,2032,2227,2127
4744212596633500,2366,1824,2211,2032,2292,2125
4744212596712300,2364,1824,2210,2031,2226,2125
4744212596793500,2366,1823,2211,2031,2224,2126
4744212596916800,2365,1823,2210,2031,2304,2126
4744212597181400,2364,1823,2220,2033,2226,2124
4744212597294300,2365,1823,2211,2033,2226,2126
4744212597394700,2367,1825,2209,2032,2224,2126
4744212597479100,2365,1861,2211,2031,2226,2127
4744212597535600,2364,1676,2210,2032,2272,2125
4744212597611900,2366,1824,2212,2032,2227,2126
4744212597829100,2366,1825,2210,2031,2225,2127
4744212597911400,2365,1824,2210,2032,2297,2126
4744212597969600,2365,1820,2210,2030,2225,2226
4744212598028900,2367,1823,2238,2033,2226,2125
4744212598084400,2368,1824,2210,2031,2226,2126
4744212598147500,2368,1824,2210,2031,2226,2126
4744212598205700,2376,1824,2210,2032,2226,2125
4744212598261600,2365,1824,2212,2031,2224,2234
4744212598519000,2366,1825,2209,2031,2227,2126
4744212598611800,2366,1823,2210,2032,2250,2125
4744212598690900,2364,1824,2210,2029,2226,2127
4744212598753300,2365,1824,2216,2031,2226,2124
4744212598815200,2366,1824,2210,2031,2223,2125
4744212598879800,2366,1823,2211,2032,2294,2127
4744212599098700,2361,1825,2210,2041,2222,2125
4744212599673000,2366,1826,2212,2032,2226,2126
4744212599780400,2364,1824,2211,2034,2227,2094
4744212599891200,2364,1824,2213,2033,2227,2125
4744212599970500,2366,1824,2211,2031,2226,2127
4744212600039300,2366,1824,2210,2032,2227,2125
4744212600108400,2365,1824,2212,2033,2226,2125
4744212600189500,2365,1915,2211,2033,2227,2094
4744212600249000,2422,1823,2210,2032,2224,2125
4744212600311200,2366,1825,2207,2034,2228,2125
4744212600368100,2364,1824,2254,1983,2227,2125
4744212600432000,2369,1824,2211,2033,2225,2126
4744212600497000,2365,1825,2211,2032,2227,2127
4744212600554200,2366,1823,2211,2031,2228,2125
4744212600619400,2365,1824,2217,2032,2225,2125
4744212600685500,2486,1822,2211,2033,2227,2125
4744212600740700,2362,1825,2210,2033,2225,2124
4744212600800200,2367,1823,2209,2032,2226,2123
4744212600866300,2364,1824,2211,2032,2226,2126
4744212600927800,2367,1824,2212,2032,2224,2127
4744212601008500,2366,1825,2211,2033,2225,2126
4744212601083400,2367,1824,2211,2032,2226,2126
4744212601158900,2365,1824,2210,2032,2223,2186
4744212601221300,2368,1825,2209,2032,2126,2127
4744212601473800,2367,1823,2211,2032,2226,2126
4744212601563500,2367,1825,2210,2032,2224,2126
4744212601662500,2367,1825,2212,2032,2225,2126
4744212601785100,2366,1824,2211,2034,2227,2125
4744212601877200,2365,1824,2212,2187,2227,2126
4744212601944300,2364,1824,2211,2032,2225,2125
4744212602019900,2365,1843,2209,2031,2225,2127
4744212602160900,2367,1823,2210,2032,2226,2125
4744212602254400,2365,1824,2196,2031,2225,2125
4744212602351200,2366,1824,2212,2030,2225,2125
4744212602473000,2367,1823,2209,2032,2262,2126
4744212602558300,2364,1824,2230,2033,2223,2126
4744212602921400,2367,1824,2212,2033,2225,2124
4744212603074600,2366,1824,2211,2032,2224,2124
4744212603209500,2365,1827,2211,2030,2225,2127
4744212603309800,2364,1823,2211,2030,2286,2125
4744212603433900,2363,1825,2211,2032,2225,2124
4744212603762300,2367,1824,2210,2033,2224,2126
4744212604180400,2367,1823,2211,2030,2226,2120
4744212604544100,2367,1825,2230,2036,2225,2126
4744212604901900,2367,1823,2211,2033,2224,2125
4744212605221700,2365,1823,2209,2031,2225,2125
4744212605342200,2365,1862,2212,2030,2227,2455
4744213141513700,2366,1674,2211,2032,2275,2125
4744213141839200,2365,1826,2211,2030,2226,2126
4744213141945200,2367,1824,2212,2030,2225,2125
4744213142040900,2366,1825,2210,2032,2296,2125
4744213142183700,2368,1824,2209,2030,2225,2227
4744213142452000,2363,1826,2240,2031,2225,2125
4744213142662600,2368,1824,2210,2031,2224,2125
4744213142798200,2366,1823,2211,2030,2225,2127
4744213143082100,2377,1825,2209,2032,2226,2125
4744213143293300,2366,1824,2211,2031,2224,2234
4744213143414200,2368,1824,2210,2031,2225,2126
4744213143656000,2368,1823,2210,2033,2247,2126
4744213143772100,2365,1824,2211,2032,2225,2126
4744213143864800,2364,1825,2213,2031,2224,2125
4744213143948500,2366,1824,2211,2031,2224,2126
4744213144041200,2364,1823,2211,2032,2298,2126
4744213144451700,2364,1824,2212,2040,2224,2126
4744213144771400,2366,1823,2212,2031,2226,2126
4744213145114000,2366,1824,2211,2031,2225,2095
4744213145455700,2366,1825,2210,2032,2226,2125
4744213145725000,2366,1825,2210,2032,2226,2126
4744213146019600,2368,1824,2211,2031,2225,2125
4744213146126700,2365,1824,2212,2032,2224,2125
4744213146234000,2365,1915,2211,2033,2226,2096
4744213146349300,2420,1825,2209,2033,2224,2126
4744213146477700,2366,1823,2210,2035,2226,2124
4744213146646600,2366,1822,2259,1983,2227,2126
4744213146782500,2366,1826,2210,2033,2225,2124
4744213147037400,2367,1824,2210,2032,2228,2125
4744213147182100,2365,1824,2211,2032,2226,2126
4744213147387100,2367,1824,2218,2031,2225,2126
4744213147536100,2490,1825,2211,2031,2226,2124
4744213147685400,2364,1825,2210,2032,2225,2124
4744213147883000,2367,1826,2211,2033,2224,2125
4744213148134400,2365,1826,2212,2031,2225,2126
4744213148319600,2364,1825,2210,2031,2224,2126
4744213148709000,2367,1825,2210,2032,2225,2125
4744213148880900,2365,1825,2210,2030,2228,2125
4744213149099400,2366,1824,2211,2032,2226,2194
4744213149301200,2368,1824,2210,2032,2124,2125
4744213149437600,2365,1824,2211,2033,2226,2125
4744213149711200,2367,1822,2212,2034,2224,2123
4744213149846000,2365,1824,2211,2033,2224,2126
4744213149974800,2365,1825,2211,2031,2228,2125
4744213150192100,2366,1823,2212,2188,2227,2126
4744213150772500,2365,1822,2210,2032,2225,2126
4744213150863800,2367,1840,2211,2032,2229,2125
4744213150935700,2365,1825,2209,2033,2226,2123
4744213151314900,2364,1824,2198,2033,2224,2125
4744213151713800,2364,1824,2211,2032,2226,2125
4744213151894100,2368,1825,2210,2032,2225,2126
4744213152073400,2366,1823,2220,2032,2225,2126
4744213152243700,2367,1824,2211,2031,2226,2124
4744213152377400,2366,1824,2210,2029,2226,2125
4744213152500700,2367,1826,2212,2030,2225,2127
4744213152943800,2368,1824,2210,2031,2295,2124
4744213153101200,2366,1824,2210,2031,2226,2126
4744213153287400,2366,1824,2212,2032,2224,2125
4744213153486300,2366,1824,2211,2030,2226,2125
4744213153808400,2366,1824,2227,2032,2225,2125
4744213154003300,2365,1825,2212,2031,2225,2127
4744213154175600,2366,1823,2209,2032,2226,2126
4744213154305300,2367,1865,2212,2032,2225,2431
4744213154509600,2366,1674,2211,2030,2277,2125
4744213154719700,2366,1824,2211,2032,2225,2126
4744213154858200,2365,1824,2211,2032,2224,2126
4744213155049000,2365,1825,2209,2032,2231,2126
4744213155224800,2364,1824,2211,2031,2224,2229
4744213155572700,2365,1825,2241,2032,2225,2126
4744213155776900,2365,1824,2210,2034,2225,2125
4744213155918600,2366,1823,2211,2032,2224,2125
4744213156026000,2377,1826,2210,2032,2224,2124
4744213156155000,2368,1824,2211,2032,2226,2250
4744213156315900,2366,1824,2210,2032,2224,2125
4744213156455700,2366,1825,2211,2033,2226,2126
4744213156667900,2366,1821,2211,2031,2224,2126
4744213156886400,2365,1824,2217,2031,2224,2126
4744213157031900,2364,1824,2211,2031,2224,2125
4744213157205900,2366,1822,2211,2031,2301,2126
4744213157420200,2363,1824,2210,2044,2224,2126
4744213157628100,2365,1846,2211,2032,2225,2126
4744213157793400,2366,1822,2211,2032,2224,2094
4744213157950800,2366,1823,2210,2032,2225,2125
4744213158290200,2366,1824,2211,2032,2225,2126
4744213158423100,2366,1825,2211,2032,2226,2124
4744213158549000,2365,1824,2214,2031,2224,2124
4744213158814000,2368,1921,2212,2032,2225,2126
4744213158977600,2422,1825,2209,2034,2223,2126
4744213159121400,2367,1826,2209,2034,2227,2128
4744213159275500,2365,1824,2255,1983,2225,2126
4744213159521800,2364,1824,2210,2030,2226,2126
4744213159682900,2368,1825,2212,2030,2228,2126
4744213159788000,2365,1823,2212,2032,2232,2128
4744213159965200,2368,1823,2216,2031,2223,2126
4744213160142400,2490,1823,2210,2031,2226,2124
4744213160351500,2364,1825,2210,2032,2226,2126
4744213160543900,2365,1826,2210,2032,2226,2119
4744213160689900,2366,1823,2210,2032,2225,2125
4744213160829800,2367,1825,2209,2032,2225,2126
4744213160994300,2368,1824,2211,2031,2224,2124
4744213161109600,2365,1824,2211,2032,2228,2125
4744213161202100,2368,1824,2211,2032,2225,2192
4744213161365600,2369,1823,2209,2032,2123,2127
4744213161594400,2365,1823,2212,2031,2226,2127
4744213161769100,2369,1823,2210,2032,2225,2124
4744213161980600,2369,1824,2213,2031,2225,2124
4744213162197600,2368,1825,2211,2032,2230,2125
4744213162338300,2368,1825,2212,2188,2227,2126
4744213162498800,2367,1824,2210,2032,2224,2126
4744213162632900,2368,1841,2210,2032,2228,2126
4744213162759500,2367,1823,2210,2032,2225,2125
4744213162846500,2368,1824,2236,2031,2226,2126
4744213162957500,2366,1822,2211,2032,2226,2124
4744213163096300,2368,1825,2209,2032,2262,2126
4744213163191700,2369,1824,2229,2031,2225,2125
4744213163268700,2368,1824,2211,2033,2225,2126
4744213163352400,2367,1823,2210,2032,2224,2127
4744213163508500,2367,1826,2210,2030,2226,2127
4744213163623200,2365,1824,2210,2032,2292,2125
4744213163709100,2368,1825,2211,2032,2228,2125
4744213163789600,2367,1824,2210,2032,2225,2124
4744213163870800,2367,1823,2211,2030,2223,2125
4744213164033600,2370,1823,2221,2032,2224,2126
4744213164172500,2367,1823,2211,2031,2225,2126
4744213164268400,2367,1823,2212,2032,2227,2125
4744213164432300,2369,1864,2212,2032,2228,2127
4744213164553100,2368,1674,2211,2029,2275,2125
4744213164641400,2369,1825,2211,2032,2226,2125
4744213164795600,2369,1825,2211,2032,2226,2126
4744213164946200,2368,1825,2210,2033,2292,2124
4744213165084700,2371,1823,2212,2031,2224,2230
4744213165233300,2367,1824,2240,2035,2225,2126
4744213165365300,2368,1824,2211,2032,2225,2125
4744213165484600,2366,1823,2211,2032,2225,2126
4744213165765200,2379,1824,2210,2032,2225,2125
4744213165959600,2370,1824,2211,2029,2224,2234
4744213166122200,2368,1824,2210,2033,2225,2124
4744213166412100,2366,1825,2210,2032,2249,2125
4744213166552800,2368,1824,2210,2032,2226,2126
4744213166705100,2368,1824,2216,2031,2224,2125
4744213166918700,2368,1825,2210,2031,2224,2125
4744213167063700,2370,1823,2212,2032,2303,2126
4744213167325700,2364,1824,2210,2040,2225,2125
4744213167475400,2369,1844,2211,2032,2226,2126
4744213167644000,2367,1821,2211,2031,2225,2095
4744213167830700,2369,1825,2212,2033,2223,2126
4744213167984800,2369,1824,2211,2029,2226,2127
4744213168174300,2369,1824,2211,2032,2226,2125
4744213168362500,2368,1824,2211,2033,2225,2126
4744213168529200,2368,1914,2212,2032,2226,2094
4744213168623400,2428,1824,2209,2033,2224,2126
4744213168712100,2369,1824,2208,2033,2228,2126
4744213168795500,2370,1821,2255,1983,2225,2125
4744213168873000,2368,1824,2210,2033,2227,2123
4744213168989000,2368,1825,2211,2032,2226,2125
4744213169102600,2370,1824,2212,2032,2225,2126
4744213169269100,2367,1826,2218,2031,2227,2126
4744213169375400,2491,1822,2212,2031,2225,2125
4744213169513100,2366,1825,2210,2031,2223,2126
4744213169606700,2367,1825,2211,2032,2227,2124
4744213169734600,2368,1824,2211,2033,2226,2127
4744213169867100,2370,1824,2212,2034,2225,2125
4744213169980000,2368,1824,2211,2032,2226,2126
4744213170075200,2370,1826,2211,2031,2224,2125
4744213170205700,2370,1825,2210,2032,2225,2193
4744213170292800,2369,1824,2210,2032,2124,2126
4744213170400900,2369,1824,2211,2031,2226,2125
4744213170523300,2369,1825,2210,2034,2224,2125
4744213170611800,2368,1824,2211,2032,2226,2125
4744213170692600,2370,1825,2213,2031,2229,2126
4744213170771800,2368,1825,2213,2190,2227,2126
4744213170848400,2368,1825,2210,2031,2224,2124
4744213171061100,2371,1841,2210,2032,2227,2126
4744213171202100,2369,1824,2210,2036,2226,2126
4744213171835900,2368,1824,2235,2032,2225,2124
4744213171945800,2367,1823,2210,2032,2225,2124
4744213172187500,2368,1825,2209,2031,2262,2126
4744213172370100,2368,1823,2220,2033,2225,2125
4744213172476900,2368,1824,2212,2031,2225,2124
4744213172728100,2369,1826,2211,2032,2226,2125
4744213172851000,2368,1826,2211,2030,2226,2127
4744213172986100,2370,1824,2211,2032,2295,2125
4744213173077900,2370,1824,2212,2032,2227,2124
4744213173300300,2369,1824,2212,2032,2224,2124
4744213173491200,2369,1824,2210,2032,2296,2125
4744213173697000,2371,1823,2220,2032,2225,2126
4744213173901100,2370,1822,2210,2031,2224,2126
4744213174050100,2370,1821,2209,2031,2225,2123
4744213174252800,2368,1865,2211,2032,2226,2126
4744213174486900,2370,1674,2211,2030,2274,2125
4744213174642200,2370,1824,2212,2032,2226,2125
4744213174776300,2369,1823,2210,2032,2227,2125
4744213174906700,2370,1824,2210,2032,2292,2125
4744213175078400,2370,1824,2212,2032,2224,2212
4744213175206000,2368,1823,2243,2033,2225,2125
4744213175391200,2369,1822,2210,2033,2228,2125
4744213175612900,2369,1823,2211,2030,2227,2127
4744213175834300,2380,1823,2209,2032,2225,2126
4744213176010300,2370,1825,2210,2031,2225,2236
4744213176134000,2370,1824,2210,2032,2226,2124
4744213176294100,2371,1824,2211,2031,2227,2124
4744213176496200,2370,1824,2214,2030,2225,2126
4744213176692700,2369,1824,2219,2032,2222,2124
4744213176944900,2369,1824,2210,2031,2224,2124
4744213177184300,2368,1825,2211,2031,2300,2125
4744213177429100,2366,1822,2212,2040,2227,2124
4744213177606300,2370,1823,2212,2031,2225,2125
4744213177719100,2367,1824,2211,2031,2225,2095
4744213177861800,2370,1825,2211,2033,2225,2126
4744213177950500,2369,1824,2209,2032,2225,2126
4744213178074500,2370,1825,2210,2031,2224,2125
4744213178289400,2368,1824,2211,2031,2224,2125
4744213178566900,2368,1917,2211,2031,2225,2124
4744213178697900,2422,1825,2209,2034,2225,2125
4744213178862600,2370,1825,2208,2034,2227,2124
4744213179028400,2368,1822,2254,1983,2225,2125
4744213179344000,2370,1823,2210,2033,2225,2125
4744213179521200,2369,1825,2210,2032,2227,2124
4744213179769300,2371,1824,2212,2031,2228,2125
4744213179931100,2370,1824,2218,2031,2225,2125
4744213180156100,2493,1823,2211,2031,2225,2124
4744213180273700,2368,1826,2210,2032,2224,2126
4744213180457500,2371,1823,2209,2032,2226,2125
4744213180683400,2370,1825,2211,2031,2226,2126
4744213180888900,2369,1823,2210,2031,2225,2126
4744213181085100,2368,1825,2210,2032,2224,2125
4744213181283700,2369,1824,2211,2032,2224,2124
4744213181488000,2368,1822,2211,2032,2224,2194
4744213181616500,2370,1824,2209,2032,2124,2127
4744213181807300,2368,1822,2210,2033,2223,2126
4744213182091100,2370,1825,2210,2033,2226,2125
4744213182296400,2370,1824,2212,2033,2226,2126
4744213182401700,2369,1824,2212,2032,2228,2125
4744213182541800,2368,1826,2212,2187,2227,2125
4744213182745500,2367,1825,2209,2032,2226,2126
4744213182877400,2370,1840,2210,2030,2227,2126
4744213183032900,2370,1824,2210,2036,2226,2123
4744213183238500,2368,1822,2243,2031,2227,2125
4744213183429800,2369,1822,2212,2033,2225,2124
4744213183554900,2368,1823,2210,2030,2225,2126
4744213183772100,2368,1824,2228,2031,2226,2126
4744213183903700,2371,1824,2210,2033,2224,2125
4744213184079400,2369,1824,2210,2030,2225,2124
4744213184274400,2368,1826,2212,2032,2227,2127
4744213184425800,2368,1823,2210,2032,2294,2124
4744213184592100,2370,1824,2211,2033,2227,2126
4744213184771200,2369,1824,2212,2031,2224,2124
4744213184932400,2369,1824,2209,2032,2209,2125
4744213185041100,2368,1823,2219,2033,2224,2125
4744213185192200,2370,1823,2212,2031,2226,2127
4744213185335200,2370,1823,2212,2029,2224,2124
4744213185454000,2368,1866,2211,2032,2227,2431
4744213185607300,2369,1674,2211,2032,2277,2125
4744213185725100,2368,1823,2211,2032,2225,2124
4744213185851000,2370,1824,2211,2030,2226,2125
4744213186006700,2370,1824,2211,2032,2227,2125
4744213186174600,2370,1824,2211,2032,2224,2243
4744213186317600,2369,1823,2241,2035,2224,2125
4744213186509200,2371,1823,2210,2032,2224,2124
4744213186665300,2370,1825,2210,2032,2223,2126
4744213186800500,2382,1824,2209,2032,2224,2126
4744213186960700,2369,1824,2212,2029,2224,2236
4744213187139200,2372,1821,2211,2032,2225,2126
4744213187329600,2369,1825,2210,2033,2246,2124
4744213187524300,2369,1824,2211,2032,2226,2126
4744213187702500,2369,1824,2215,2032,2224,2125
4744213187846600,2371,1822,2211,2031,2227,2125
4744213188010100,2368,1823,2211,2033,2299,2125
4744213188257000,2364,1825,2212,2040,2225,2125
4744213188383700,2370,1824,2211,2032,2227,2126
4744213188533500,2370,1822,2210,2031,2226,2095
4744213188683800,2369,1823,2211,2031,2223,2125
4744213188826800,2371,1822,2210,2032,2225,2126
4744213188964700,2369,1824,2211,2032,2225,2124
4744213189138400,2368,1824,2210,2033,2225,2125
4744213189316900,2369,1909,2211,2032,2227,2093
4744213189510500,2419,1825,2210,2032,2223,2125
4744213189731100,2369,1823,2209,2034,2227,2123
4744213189998500,2371,1824,2255,1983,2226,2126
4744213190212000,2371,1823,2211,2033,2223,2126
4744213190386800,2369,1823,2212,2032,2227,2124
4744213190528600,2369,1824,2211,2032,2226,2125
4744213190752100,2369,1824,2217,2031,2224,2125
4744213190925600,2493,1823,2210,2032,2226,2124
4744213709136800,2368,1824,2212,2032,2225,2124
4744213709333700,2370,1823,2209,2032,2224,2125
4744213709622300,2369,1825,2211,2030,2226,2126
4744213709766700,2370,1827,2210,2032,2227,2125
4744213709870400,2368,1824,2211,2032,2224,2124
4744213710160100,2371,1824,2211,2032,2226,2126
4744213710282500,2368,1824,2210,2032,2224,2192
4744213710558800,2369,1824,2209,2032,2122,2125
4744213711134300,2369,1823,2210,2032,2225,2125
4744213711287100,2370,1824,2212,2031,2225,2123
4744213711441000,2370,1826,2212,2033,2225,2125
4744213711642600,2369,1825,2211,2032,2229,2124
4744213711911600,2370,1825,2210,2187,2227,2125
4744213712214300,2367,1824,2211,2032,2226,2125
4744213712309100,2369,1840,2212,2032,2227,2127
4744213712389100,2370,1823,2210,2036,2225,2126
4744213712454500,2368,1823,2231,2031,2227,2124
4744213712518200,2369,1824,2211,2031,2223,2125
4744213712582100,2369,1823,2210,2030,2227,2126
4744213712687600,2370,1825,2230,2033,2225,2126
4744213712960900,2370,1822,2214,2032,2225,2126
4744213713127400,2371,1823,2211,2031,2226,2125
4744213713244700,2369,1826,2212,2032,2226,2126
4744213713619800,2371,1823,2211,2030,2292,2125
4744213713719900,2370,1824,2212,2029,2225,2126
4744213713797400,2368,1823,2211,2031,2224,2125
4744213713862200,2370,1823,2211,2032,2226,2126
4744213713928500,2370,1825,2229,2032,2227,2125
4744213714204600,2369,1824,2211,2031,2227,2126
4744213714291500,2370,1823,2212,2032,2225,2124
4744213714357300,2370,1863,2212,2032,2226,2125
4744213714639600,2370,1674,2211,2032,2273,2125
4744213714786800,2368,1824,2212,2032,2226,2124
4744213714875600,2370,1823,2210,2031,2226,2127
4744213714963900,2371,1824,2210,2032,2294,2125
4744213715061300,2371,1824,2211,2030,2225,2221
4744213715306400,2372,1824,2238,2033,2225,2125
4744213715423100,2370,1824,2210,2033,2224,2125
4744213715521200,2370,1824,2211,2032,2224,2126
4744213715636400,2380,1824,2211,2032,2225,2125
4744213715761300,2370,1824,2211,2030,2226,2228
4744213715844800,2370,1823,2210,2032,2227,2124
4744213715918100,2368,1825,2211,2032,2225,2126
4744213715998800,2368,1823,2211,2032,2228,2125
4744213716079900,2368,1825,2217,2031,2223,2124
4744213716340300,2369,1822,2210,2031,2223,2125
4744213716456700,2369,1824,2210,2032,2302,2127
4744213716683100,2365,1823,2210,2040,2225,2128
4744213717073300,2369,1843,2212,2030,2226,2126
4744213717211500,2368,1824,2211,2032,2226,2094
4744213717317700,2370,1825,2211,2031,2226,2125
4744213717399300,2371,1824,2211,2030,2225,2126
4744213717479200,2370,1824,2211,2031,2225,2124
4744213717602900,2369,1822,2211,2031,2225,2125
4744213717707100,2371,1911,2211,2031,2226,2095
4744213717986700,2420,1824,2209,2033,2223,2125
4744213718081500,2372,1824,2212,2031,2229,2124
4744213718171000,2371,1822,2253,1983,2227,2125
4744213718395600,2368,1825,2211,2033,2224,2125
4744213718531400,2368,1825,2210,2032,2227,2125
4744213718656600,2371,1824,2212,2032,2225,2124
4744213718750900,2369,1825,2216,2031,2223,2125
4744213718832100,2491,1823,2210,2035,2225,2125
4744213718909600,2368,1825,2210,2031,2226,2124
4744213719020500,2371,1823,2211,2033,2223,2124
4744213719108300,2370,1824,2211,2032,2225,2126
4744213719324400,2369,1825,2210,2032,2226,2124
4744213719417600,2370,1824,2211,2032,2224,2124
4744213719501600,2368,1825,2211,2032,2224,2125
4744213719623800,2372,1824,2211,2032,2224,2193
4744213719745300,2372,1825,2209,2032,2123,2127
4744213719819600,2368,1823,2211,2033,2225,2124
4744213719897600,2371,1823,2208,2033,2226,2124
4744213720153500,2368,1825,2213,2033,2224,2124
4744213720282200,2369,1825,2210,2031,2229,2125
4744213720408100,2370,1823,2211,2185,2227,2124
4744213720674200,2371,1824,2209,2030,2223,2125
4744213720784600,2372,1840,2210,2031,2228,2126
4744213720956200,2370,1822,2210,2034,2226,2126
4744213721070100,2368,1824,2234,2031,2224,2124
4744213721151400,2371,1822,2211,2031,2224,2125
4744213721216300,2371,1823,2209,2032,2261,2126
4744213721299000,2371,1824,2230,2030,2225,2126
4744213721381000,2371,1824,2210,2033,2227,2124
4744213721457100,2368,1825,2210,2032,2226,2125
4744213721530300,2369,1826,2211,2032,2226,2127
4744213721596300,2370,1824,2212,2032,2290,2125
4744213721708200,2372,1824,2211,2030,2226,2125
4744213721804500,2370,1825,2212,2032,2225,2124
4744213721890700,2370,1823,2211,2032,2223,2126
4744213721966400,2369,1825,2229,2031,2225,2126
4744213722036000,2370,1823,2211,2031,2224,2126
4744213722117400,2371,1825,2209,2032,2225,2125
4744213722219500,2370,1864,2212,2032,2224,2126
4744213722317000,2368,1676,2211,2032,2274,2125
4744213722571000,2368,1823,2212,2032,2225,2126
4744213722864800,2371,1824,2211,2032,2223,2125
4744213723121700,2371,1824,2211,2032,2225,2125
4744213723290600,2370,1825,2211,2030,2226,2226
4744213723652900,2370,1825,2237,2031,2225,2126
4744213723807900,2369,1824,2210,2032,2224,2124
4744213723958500,2369,1826,2211,2031,2226,2127
4744213724080300,2380,1824,2211,2034,2223,2125
4744213724182500,2372,1824,2210,2029,2224,2231
4744213724386900,2370,1823,2211,2033,2226,2124
4744213724478000,2371,1823,2211,2032,2226,2126
4744213724749000,2371,1824,2211,2032,2224,2126
4744213724880800,2371,1825,2216,2031,2221,2125
4744213724973400,2370,1824,2210,2031,2224,2125
4744213725118300,2370,1823,2211,2032,2050,2126
4744213725216100,2366,1823,2212,2040,2225,2125
4744213725296700,2370,1826,2211,2030,2228,2125
4744213725364400,2370,1824,2211,2032,2224,2094
4744213725431200,2371,1824,2211,2033,2225,2125
4744213725536900,2369,1824,2210,2032,2225,2127
4744213725620000,2368,1826,2213,2031,2226,2124
4744213725721100,2368,1824,2212,2031,2226,2125
4744213726002900,2368,1914,2212,2031,2225,2125
4744213726074100,2426,1825,2210,2032,2224,2125
4744213726136700,2370,1825,2210,2035,2228,2124
4744213726249100,2367,1822,2252,1983,2228,2125
4744213726324000,2371,1824,2212,2031,2225,2124
4744213726403300,2370,1824,2210,2033,2226,2124
4744213726473400,2369,1823,2211,2032,2225,2127
4744213726576400,2369,1824,2217,2031,2226,2125
4744213726665500,2491,1824,2211,2031,2224,2125
4744213726738000,2368,1822,2211,2032,2225,2124
4744213726826000,2370,1823,2211,2033,2226,2125
4744213726906400,2368,1825,2211,2031,2226,2125
4744213727016900,2371,1824,2211,2031,2227,2125
4744213727115900,2369,1825,2212,2031,2224,2125
4744213727230600,2370,1824,2211,2031,2224,2126
4744213727317800,2368,1826,2211,2032,2223,2192
4744213727422500,2371,1824,2209,2032,2124,2126
4744213727507100,2369,1825,2210,2031,2226,2124
4744213727672500,2370,1824,2210,2032,2224,2124
4744213727747100,2371,1824,2213,2031,2225,2124
4744213728313400,2372,1825,2211,2031,2229,2125
4744213728406200,2369,1823,2212,2187,2228,2126
4744213728511200,2371,1824,2210,2032,2226,2125
4744213728626500,2371,1842,2211,2032,2227,2126
4744213728714400,2371,1824,2210,2034,2228,2126
4744213728830000,2370,1824,2281,2030,2225,2125
4744213728931000,2369,1824,2212,2032,2224,2124
4744213729008500,2368,1824,2209,2029,2267,2126
4744213729083200,2370,1824,2226,2033,2224,2125
4744213729193800,2369,1824,2210,2034,2225,2125
4744213729506400,2368,1825,2211,2032,2226,2125
4744213729657100,2372,1825,2210,2032,2228,2127
4744213729755100,2371,1824,2210,2032,2293,2125
4744213729842200,2368,1824,2211,2032,2228,2125
4744213729951800,2371,1825,2212,2031,2225,2123
4744213730039700,2369,1823,2210,2031,2296,2124
4744213730114600,2369,1824,2228,2031,2226,2124
4744213730217400,2370,1822,2211,2033,2226,2124
4744213730371600,2371,1823,2209,2032,2226,2125
4744213730703000,2369,1865,2213,2032,2226,2126
4744213730841000,2368,1675,2211,2032,2273,2125
4744213730975600,2369,1825,2213,2030,2226,2125
4744213731042500,2369,1824,2210,2031,2224,2125
4744213731106000,2370,1824,2210,2032,2298,2126
4744213731168500,2369,1824,2212,2031,2225,2224
4744213731263000,2369,1826,2236,2033,2225,2123
4744213731343700,2369,1824,2210,2032,2224,2126
4744213731449200,2368,1827,2211,2031,2226,2125
4744213731530300,2378,1824,2212,2030,2223,2125
4744213731617500,2371,1825,2211,2031,2225,2227
4744213731690500,2371,1824,2211,2032,2224,2126
4744213731785200,2369,1824,2209,2032,2228,2126
4744213731857500,2368,1826,2209,2031,2228,2125
4744213731925300,2370,1824,2218,2035,2225,2124
4744213732002500,2372,1824,2212,2031,2224,2125
4744213732078200,2369,1823,2210,2032,2303,2125
4744213732148500,2366,1823,2211,2039,2226,2126
4744213732218700,2372,1824,2212,2031,2226,2125
4744213732288600,2370,1824,2211,2032,2225,2094
4744213732357900,2369,1824,2211,2032,2226,2125
4744213732428100,2369,1825,2211,2032,2228,2125
4744213732514000,2371,1825,2211,2033,2225,2124
4744213732590900,2370,1824,2212,2031,2226,2125
4744213732727700,2368,1911,2211,2032,2226,2093
4744213732797000,2422,1824,2209,2032,2225,2126
4744213733154700,2370,1823,2211,2033,2228,2123
4744213733305300,2371,1824,2253,1983,2225,2126
4744213733400800,2369,1825,2210,2031,2225,2125
4744213733466800,2370,1824,2211,2032,2226,2125
4744213733529200,2368,1822,2212,2032,2224,2126
4744213733620800,2369,1824,2218,2031,2223,2126
4744213733706500,2492,1824,2210,2031,2226,2125
4744213733795000,2370,1825,2211,2033,2225,2125
4744213733870600,2370,1823,2211,2033,2224,2124
4744213733947200,2369,1823,2211,2033,2225,2125
4744213734092500,2372,1823,2211,2030,2225,2126
4744213734175900,2370,1824,2211,2030,2224,2125
4744213734270900,2372,1824,2211,2030,2228,2126
4744213734357900,2368,1824,2211,2032,2222,2188
4744213734443400,2368,1825,2210,2032,2122,2126
4744213734582200,2370,1824,2211,2033,2227,2125
4744213734699100,2372,1823,2210,2032,2224,2126
4744213734793500,2370,1825,2213,2031,2226,2124
4744213735087500,2371,1825,2212,2031,2229,2124
4744213735455000,2369,1824,2212,2188,2227,2127
4744213735569500,2370,1825,2211,2030,2226,2125
4744213735666000,2369,1840,2209,2032,2226,2124
4744213735744300,2372,1823,2208,2036,2227,2124
4744213735812300,2368,1822,2234,2031,2227,2124
4744213735922100,2371,1823,2211,2031,2224,2125
4744213736006700,2372,1824,2210,2032,2225,2126
4744213736112200,2368,1823,2219,2032,2223,2126
4744213736208000,2372,1823,2212,2032,2227,2124
4744213736302100,2369,1824,2210,2030,2225,2125
4744213736391100,2370,1827,2210,2032,2226,2126
4744213736502400,2368,1823,2211,2032,2293,2125
4744213736597000,2371,1825,2212,2032,2224,2124
4744213736847500,2370,1823,2212,2033,2226,2124
4744213736937800,2368,1825,2210,2032,2286,2125
4744213737046600,2371,1824,2228,2030,2223,2127
4744213737142900,2369,1824,2211,2031,2226,2125
4744213737508200,2370,1824,2209,2032,2226,2124
4744213737638100,2369,1864,2211,2031,2228,2126
4744213737718600,2370,1673,2211,2032,2279,2125
4744213737808400,2369,1824,2211,2033,2226,2125
4744213737930600,2369,1825,2210,2032,2226,2125
4744213738202900,2370,1825,2210,2032,2292,2123
4744213738312400,2370,1826,2212,2031,2225,2220
4744213738422000,2368,1825,2238,2031,2225,2124
4744213738493300,2371,1823,2211,2034,2224,2126
4744213738570800,2370,1825,2211,2032,2225,2126
4744213738645500,2378,1825,2210,2032,2224,2125
4744213738720800,2370,1825,2212,2030,2225,2225
4744213738821400,2372,1823,2210,2033,2225,2123
4744213739072800,2370,1823,2211,2032,2226,2125
4744213739429500,2370,1824,2211,2032,2225,2126
4744213739558200,2371,1825,2215,2031,2223,2125
4744213739643900,2369,1825,2211,2032,2221,2125
4744213739803600,2372,1824,2210,2032,2301,2126
4744213739883100,2368,1823,2210,2042,2224,2124
4744213739984400,2370,1824,2211,2030,2225,2125
4744213740087100,2371,1824,2211,2031,2225,2094
4744213740154900,2370,1825,2210,2032,2226,2125
4744213740226200,2369,1825,2209,2032,2225,2126
4744213740371200,2370,1823,2212,2033,2227,2124
4744213740610200,2369,1822,2211,2031,2226,2125
4744213740744200,2368,1909,2211,2031,2226,2093
4744213740961100,2426,1823,2209,2033,2223,2126
4744213741206200,2372,1822,2209,2033,2227,2125
4744213741299100,2369,1824,2253,1983,2227,2125
4744213741366700,2372,1824,2211,2033,2226,2125
4744213741468700,2370,1825,2209,2032,2227,2125
4744213741584900,2371,1823,2211,2032,2226,2125
4744213741767200,2371,1824,2216,2032,2226,2125
4744213741873600,2494,1823,2210,2032,2224,2124
4744213741982200,2369,1826,2211,2033,2225,2126
4744213742111600,2369,1823,2210,2033,2224,2119
4744213742368800,2370,1824,2211,2032,2224,2126
4744213742460500,2370,1827,2210,2032,2226,2125
4744213742551500,2372,1822,2211,2032,2224,2125
4744213742639900,2368,1826,2210,2030,2228,2125
4744213742757700,2369,1825,2210,2032,2225,2187
4744213742840900,2372,1823,2210,2032,2123,2126
4744213742910100,2368,1824,2210,2032,2225,2126
4744213742998700,2370,1825,2210,2032,2224,2126
4744213743089100,2368,1825,2212,2033,2225,2126
4744213743157700,2371,1825,2211,2032,2229,2122
4744213743233900,2371,1824,2212,2188,2227,2125
4744213743301500,2369,1825,2208,2032,2224,2125
4744213743399700,2372,1840,2209,2036,2228,2125
4744213743522000,2370,1823,2209,2036,2226,2125
4744213743626300,2368,1823,2234,2031,2227,2125
4744213743879600,2368,1824,2211,2031,2225,2124
4744213743993400,2370,1825,2209,2029,2263,2126
4744213744082300,2370,1825,2232,2033,2225,2126
4744213744155800,2371,1823,2212,2032,2227,2124
4744213744387800,2369,1826,2210,2031,2226,2124
4744213744493500,2371,1826,2211,2032,2225,2126
4744213744615700,2368,1823,2210,2031,2284,2125
4744213744717000,2370,1826,2211,2031,2228,2124
4744213744804000,2371,1824,2212,2031,2226,2123
4744213744895400,2370,1824,2210,2031,2295,2125
4744213744969200,2369,1821,2224,2032,2224,2125
4744213745055600,2369,1824,2212,2032,2222,2125
4744213745131000,2370,1825,2209,2031,2224,2125
4744213745198200,2368,1866,2212,2032,2226,2125
4744214278079700,2370,1674,2210,2032,2274,2124
4744214278403200,2370,1824,2213,2032,2224,2125
4744214278700700,2370,1823,2211,2031,2226,2124
4744214278890100,2369,1824,2210,2031,2299,2124
4744214278965900,2370,1825,2212,2032,2225,2227
4744214279287400,2368,1824,2240,2032,2225,2125
4744214279641200,2370,1824,2211,2033,2225,2125
4744214280055600,2369,1825,2210,2032,2224,2126
4744214280245200,2382,1822,2210,2034,2226,2125
4744214280760400,2369,1824,2211,2031,2222,2204
4744214281080400,2370,1824,2211,2031,2223,2124
4744214281378100,2369,1823,2210,2032,2245,2125
4744214281873200,2368,1826,2211,2032,2224,2125
4744214282286700,2368,1826,2217,2031,2224,2124
4744214282615900,2372,1824,2210,2033,2225,2125
4744214282724000,2370,1822,2209,2031,2051,2126
4744214282850400,2368,1822,2212,2042,2224,2126
4744214282955400,2368,1823,2213,2031,2226,2124
4744214283011000,2369,1824,2211,2031,2224,2094
4744214283056600,2370,1825,2210,2032,2223,2125
4744214283262900,2372,1827,2210,2032,2226,2125
4744214283682700,2371,1824,2211,2031,2224,2125
4744214284115500,2369,1824,2212,2033,2225,2126
4744214284242300,2369,1914,2212,2032,2228,2184
4744214284464100,2427,1824,2211,2033,2224,2125
4744214284700300,2369,1823,2210,2034,2227,2124
4744214284782600,2371,1824,2257,1983,2227,2125
4744214284867600,2369,1825,2211,2032,2224,2125
4744214285182200,2371,1825,2211,2032,2226,2125
4744214285476700,2370,1825,2211,2030,2226,2125
4744214285599600,2371,1825,2214,2031,2224,2126
4744214285675300,2494,1824,2210,2032,2226,2125
4744214285778200,2368,1824,2212,2032,2224,2125
4744214285964400,2369,1826,2211,2032,2224,2124
4744214286330800,2370,1825,2210,2028,2226,2125
4744214286667300,2371,1825,2211,2029,2226,2126
4744214287034600,2369,1823,2211,2031,2224,2125
4744214287123800,2368,1825,2211,2032,2226,2126
4744214287253200,2370,1825,2211,2032,2226,2192
4744214287385100,2370,1824,2210,2032,2124,2125
4744214287531800,2370,1824,2209,2034,2228,2125
4744214287878000,2370,1824,2210,2032,2224,2124
4744214288010700,2372,1825,2213,2031,2225,2125
4744214288280700,2371,1824,2210,2032,2228,2125
4744214288622800,2369,1824,2212,2188,2226,2124
4744214288726700,2369,1825,2210,2032,2223,2125
4744214289053500,2368,1842,2211,2032,2226,2125
4744214289175300,2372,1822,2209,2036,2224,2125
4744214289464200,2370,1824,2281,2032,2225,2124
4744214289773700,2370,1824,2212,2031,2226,2125
4744214290052100,2370,1825,2210,2032,2226,2124
4744214290169300,2370,1823,2220,2031,2226,2124
4744214290249500,2369,1825,2212,2031,2224,2126
4744214290505400,2369,1825,2210,2029,2224,2124
4744214290787300,2372,1824,2212,2032,2226,2126
4744214290866700,2370,1824,2210,2032,2294,2124
4744214291091000,2371,1823,2212,2032,2226,2124
4744214291448600,2370,1825,2210,2033,2225,2126
4744214291815000,2371,1823,2211,2030,2225,2125
4744214291977800,2370,1824,2228,2032,2223,2124
4744214292226400,2368,1824,2211,2031,2225,2126
4744214292337700,2369,1824,2209,2032,2227,2125
4744214292488800,2368,1868,2213,2032,2225,2444
4744214292758500,2368,1673,2211,2032,2275,2124
4744214292863700,2372,1822,2213,2033,2226,2124
4744214293173000,2372,1824,2210,2033,2224,2132
4744214293359600,2369,1824,2210,2032,2299,2126
4744214293583200,2369,1823,2212,2030,2225,2228
4744214293954100,2368,1824,2237,2032,2226,2124
4744214294152300,2370,1825,2210,2032,2226,2125
4744214294293200,2368,1824,2210,2030,2224,2126
4744214294557200,2380,1824,2210,2030,2225,2126
4744214294734500,2372,1824,2211,2031,2225,2238
4744214294842200,2370,1825,2211,2030,2225,2126
4744214294948600,2369,1825,2211,2031,2224,2125
4744214295051800,2369,1824,2209,2030,2227,2126
4744214295158000,2371,1824,2219,2031,2224,2125
4744214295475200,2370,1824,2212,2031,2223,2125
4744214295569300,2370,1825,2210,2032,2052,2125
4744214295666800,2367,1823,2209,2040,2226,2125
4744214295736200,2371,1839,2211,2031,2228,2125
4744214295922900,2368,1825,2211,2031,2225,2095
4744214296007200,2371,1823,2209,2031,2227,2125
4744214296063100,2371,1824,2211,2032,2224,2126
4744214296173900,2370,1823,2211,2031,2226,2125
4744214296263400,2372,1822,2211,2033,2226,2125
4744214296326700,2370,1912,2211,2033,2226,2094
4744214296382900,2425,1824,2209,2034,2226,2126
4744214296440900,2370,1824,2210,2033,2228,2124
4744214296497900,2371,1824,2251,1983,2225,2126
4744214296561700,2371,1823,2210,2031,2226,2126
4744214296618400,2369,1824,2210,2033,2226,2125
4744214296672900,2371,1822,2212,2031,2228,2125
4744214296722500,2371,1823,2216,2033,2227,2126
4744214296837500,2492,1823,2210,2031,2225,2125
4744214296913400,2368,1823,2211,2032,2225,2125
4744214296972900,2372,1825,2211,2033,2226,2126
4744214297029400,2370,1824,2211,2032,2225,2126
4744214297086000,2368,1824,2209,2031,2226,2125
4744214297145200,2370,1824,2210,2030,2225,2126
4744214297204100,2370,1824,2211,2030,2228,2125
4744214297260500,2369,1824,2211,2030,2224,2195
4744214297323900,2371,1822,2210,2030,2125,2125
4744214297380000,2371,1824,2210,2032,2224,2125
4744214297431800,2372,1824,2208,2034,2225,2126
4744214297483200,2371,1824,2212,2032,2227,2124
4744214297555700,2372,1825,2212,2031,2227,2125
4744214297626900,2369,1825,2211,2186,2226,2125
4744214297760600,2368,1824,2211,2032,2225,2124
4744214297842200,2368,1841,2210,2032,2226,2125
4744214297912800,2370,1824,2210,2034,2226,2124
4744214297989600,2372,1823,2292,2032,2228,2124
4744214298066900,2371,1822,2212,2032,2225,2123
4744214298134000,2369,1824,2211,2032,2262,2126
4744214298378700,2371,1823,2220,2032,2225,2123
4744214298502100,2368,1825,2212,2030,2226,2125
4744214298608600,2369,1826,2210,2030,2225,2125
4744214298717800,2369,1826,2211,2031,2226,2126
4744214298819300,2370,1824,2210,2032,2296,2125
4744214298917700,2370,1824,2211,2031,2226,2125
4744214299211300,2368,1824,2212,2031,2223,2124
4744214299307900,2369,1825,2210,2032,2296,2125
4744214299376600,2371,1823,2222,2031,2226,2125
4744214299438800,2368,1825,2213,2033,2226,2126
4744214299501100,2369,1824,2212,2032,2225,2125
4744214299565600,2367,1865,2212,2032,2226,2126
4744214299624100,2369,1674,2211,2031,2270,2124
4744214299679300,2369,1824,2211,2032,2228,2124
4744214299744300,2370,1823,2210,2031,2225,2125
4744214299853800,2371,1825,2210,2032,2295,2125
4744214299951900,2370,1823,2212,2031,2226,2242
4744214300104800,2372,1825,2240,2031,2225,2126
4744214300208400,2368,1824,2211,2032,2226,2124
4744214300280400,2369,1824,2211,2032,2226,2125
4744214300346800,2378,1824,2210,2032,2225,2124
4744214300417800,2372,1824,2211,2031,2225,2230
4744214300480800,2372,1823,2211,2032,2225,2125
4744214300621100,2371,1825,2211,2032,2227,2124
4744214300709900,2369,1824,2211,2032,2227,2125
4744214300922000,2371,1827,2217,2032,2224,2125
4744214301068200,2371,1822,2210,2031,2225,2124
4744214301175300,2370,1823,2211,2032,2300,2124
4744214301269300,2368,1825,2210,2042,2225,2125
4744214301390900,2372,1825,2213,2031,2226,2126
4744214301512100,2368,1822,2212,2032,2224,2094
4744214301636900,2370,1824,2212,2031,2228,2124
4744214301713800,2369,1824,2210,2032,2226,2126
4744214301799000,2369,1825,2211,2032,2226,2125
4744214301879900,2371,1825,2210,2034,2225,2124
4744214302000100,2369,1922,2212,2032,2225,2125
4744214302071300,2429,1823,2210,2033,2226,2125
4744214302139700,2370,1823,2209,2035,2227,2123
4744214302212300,2371,1824,2256,1983,2226,2124
4744214302276200,2371,1823,2210,2034,2225,2124
4744214302391000,2371,1824,2212,2033,2228,2125
4744214302473600,2370,1822,2211,2030,2225,2126
4744214302542800,2369,1824,2217,2031,2226,2125
4744214302605000,2493,1823,2211,2031,2227,2125
4744214302667800,2369,1824,2211,2031,2226,2125
4744214302725100,2371,1823,2211,2033,2225,2124
4744214302782300,2371,1825,2211,2030,2226,2125
4744214302840000,2369,1824,2212,2032,2221,2124
4744214302966000,2369,1825,2211,2031,2223,2126
4744214303035300,2371,1824,2211,2032,2225,2125
4744214303102800,2372,1825,2211,2032,2225,2195
4744214303164100,2372,1824,2209,2032,2123,2126
4744214303283500,2371,1823,2211,2032,2225,2125
4744214303598100,2369,1824,2210,2032,2224,2124
4744214303755400,2369,1824,2212,2033,2224,2125
4744214304091500,2369,1828,2213,2030,2229,2125
4744214304404400,2369,1822,2212,2189,2226,2127
4744214304579900,2371,1824,2211,2031,2227,2124
4744214304704000,2372,1841,2211,2032,2227,2124
4744214305037800,2372,1824,2209,2036,2224,2124
4744214305269000,2369,1822,2267,2031,2225,2126
4744214305524500,2369,1823,2211,2031,2225,2124
4744214305821800,2371,1824,2210,2030,2227,2125
4744214305945300,2369,1825,2231,2033,2222,2125
4744214306039900,2371,1824,2211,2033,2225,2123
4744214306108900,2372,1825,2210,2032,2226,2124
4744214306169200,2371,1826,2211,2032,2225,2127
4744214306269800,2370,1824,2210,2030,2294,2125
4744214306360200,2370,1824,2212,2032,2226,2124
4744214306451900,2372,1825,2211,2033,2224,2125
4744214306526200,2370,1825,2210,2032,2287,2124
4744214306625500,2371,1824,2228,2029,2224,2126
4744214306717900,2369,1823,2211,2032,2225,2125
4744214306829100,2368,1823,2209,2032,2227,2125
4744214306917600,2368,1865,2211,2032,2226,2126
4744214307151500,2370,1675,2210,2032,2262,2126
4744214307427200,2372,1823,2211,2032,2224,2125
4744214307530500,2368,1824,2212,2033,2226,2123
4744214307630900,2369,1824,2210,2032,2295,2125
4744214307716200,2368,1823,2212,2029,2226,2239
4744214307778800,2370,1823,2240,2031,2225,2125
4744214307844400,2370,1824,2211,2031,2224,2125
4744214307916800,2370,1824,2210,2032,2226,2126
4744214308001500,2384,1825,2210,2032,2225,2125
4744214308082600,2370,1824,2210,2031,2226,2219
4744214308154900,2370,1824,2210,2032,2224,2125
4744214308244100,2369,1825,2210,2032,2245,2125
4744214308329500,2371,1824,2210,2031,2226,2125
4744214308406500,2372,1824,2218,2030,2224,2124
4744214308479200,2372,1824,2212,2031,2224,2124
4744214308563700,2371,1824,2211,2032,2053,2124
4744214308627400,2366,1823,2212,2038,2226,2125
4744214308695800,2371,1845,2212,2031,2227,2124
4744214308764000,2370,1820,2211,2032,2225,2093
4744214308825800,2368,1824,2211,2033,2223,2124
4744214308958200,2370,1824,2211,2030,2224,2125
4744214309080600,2372,1823,2211,2030,2227,2124
4744214309184500,2369,1822,2211,2031,2226,2124
4744214309263100,2372,1912,2211,2032,2227,2093
4744214309378100,2414,1823,2209,2034,2224,2126
4744214309647500,2372,1824,2210,2034,2227,2124
4744214309926800,2371,1822,2254,1983,2227,2126
4744214310207700,2370,1825,2211,2030,2226,2126
4744214310482500,2369,1824,2211,2032,2227,2126
4744214310763100,2369,1824,2211,2031,2228,2124
4744214310926600,2372,1824,2217,2031,2225,2125
4744214311208700,2492,1820,2211,2031,2226,2125
4744214311331900,2370,1824,2210,2032,2225,2124
4744214311495800,2370,1823,2213,2032,2226,2124
4744214311634200,2371,1825,2212,2031,2226,2126
4744214312088400,2371,1823,2210,2032,2227,2124
4744214312189700,2369,1822,2210,2032,2224,2125
4744214312308100,2370,1824,2211,2031,2225,2123
4744214312408300,2371,1824,2211,2029,2225,2193
4744214312476300,2372,1824,2210,2032,2122,2127
4744214312615800,2371,1824,2210,2031,2225,2124
4744214312720500,2371,1824,2210,2033,2226,2125
4744214312840100,2371,1825,2212,2033,2224,2124
4744214312939800,2368,1826,2211,2032,2228,2125
4744214313253400,2371,1825,2212,2186,2227,2123
4744214313450300,2371,1824,2210,2032,2225,2124
4744214313751900,2372,1840,2211,2031,2228,2126
4744214314122800,2369,1824,2209,2035,2226,2125
4744214314223500,2370,1823,2279,2030,2225,2126
4744214314346400,2369,1824,2212,2032,2224,2124
4744214314707700,2370,1824,2210,2031,2227,2124
4744214314905900,2371,1824,2227,2032,2226,2124
4744214315051800,2372,1825,2212,2032,2226,2125
4744214315133700,2369,1825,2210,2031,2225,2123
4744214315359800,2371,1826,2210,2032,2226,2126
4744214315551500,2368,1824,2210,2032,2295,2124
4744214315639600,2370,1824,2211,2032,2226,2125
4744214315704300,2367,1824,2211,2032,2226,2124
4744214315769100,2369,1824,2210,2030,2294,2124
4744214315853800,2371,1823,2218,2031,2223,2126
4744214316207800,2369,1825,2211,2029,2224,2126
4744214316652400,2371,1825,2209,2032,2227,2125
4744214316812800,2368,1863,2211,2031,2225,2450
4744214316920900,2372,1673,2210,2032,2273,2129
4744214317079300,2371,1822,2213,2032,2226,2124
4744214317217700,2370,1825,2211,2033,2225,2125
4744214317300700,2367,1824,2210,2032,2297,2123
4744214317427300,2369,1824,2211,2031,2225,2221
4744214317552100,2370,1825,2240,2033,2224,2125
4744214317681900,2372,1826,2212,2033,2223,2124
4744214317761600,2369,1824,2211,2031,2226,2125
4744214317885900,2379,1824,2209,2030,2226,2125
4744214317972200,2372,1824,2212,2029,2225,2232
4744214318033800,2371,1822,2211,2033,2225,2125
4744214318123600,2370,1824,2210,2032,2245,2124
4744214318305600,2371,1824,2210,2032,2226,2125
4744214318452100,2371,1824,2215,2032,2223,2125
4744214318571800,2370,1824,2212,2030,2223,2124
4744214318702100,2371,1823,2212,2031,2301,2125
4744214318788400,2368,1823,2211,2040,2226,2123
4744214318853100,2370,1825,2212,2032,2225,2126
4744214318967600,2370,1824,2209,2033,2226,2094
4744214319083900,2370,1824,2211,2033,2225,2124
4744214319201200,2369,1824,2211,2032,2225,2126
4744214319298700,2372,1822,2211,2032,2224,2125
4744214319424700,2371,1823,2212,2033,2223,2123
4744214319506500,2372,1912,2212,2032,2226,2094
4744214319584600,2424,1824,2210,2033,2225,2126
4744214319643400,2370,1824,2210,2031,2226,2124
4744214319699600,2368,1824,2260,1983,2227,2124
4744214319774400,2372,1823,2212,2032,2224,2125
4744214319890300,2371,1825,2211,2032,2227,2125
4744214319949300,2371,1824,2211,2033,2228,2125
4744214320006200,2370,1823,2218,2030,2225,2125
4744214320063700,2492,1823,2211,2033,2225,2125
4744214845643400,2370,1824,2211,2031,2226,2124
4744214845929200,2369,1825,2212,2032,2226,2124
4744214846275200,2369,1825,2211,2032,2225,2126
4744214846670100,2368,1825,2210,2032,2226,2124
4744214847159500,2371,1825,2211,2032,2224,2125
4744214847448200,2369,1824,2212,2032,2227,2124
4744214847808900,2370,1824,2211,2032,2225,2190
4744214848231600,2372,1824,2210,2032,2123,2126
4744214848740600,2369,1824,2211,2031,2226,2124
4744214848886900,2367,1823,2210,2032,2224,2124
4744214849255400,2372,1824,2213,2029,2226,2126
4744214849412500,2371,1823,2211,2034,2228,2125
4744214849565400,2369,1824,2212,2187,2228,2125
4744214849787000,2369,1824,2212,2031,2226,2124
4744214850070200,2368,1841,2211,2032,2228,2126
4744214850291700,2371,1824,2208,2034,2226,2123
4744214850656800,2368,1822,2235,2032,2226,2122
4744214851069600,2370,1824,2212,2032,2225,2125
4744214851266000,2370,1825,2210,2030,2225,2125
4744214851358200,2368,1824,2226,2032,2225,2124
4744214851437600,2369,1824,2212,2032,2228,2124
4744214851512200,2369,1826,2211,2032,2226,2125
4744214851655200,2369,1826,2211,2032,2226,2125
4744214851735700,2370,1822,2210,2030,2294,2124
4744214851798800,2370,1824,2210,2033,2226,2125
4744214851846900,2370,1824,2211,2033,2225,2125
4744214851936600,2369,1825,2211,2030,2224,2125
4744214852028200,2370,1824,2227,2031,2225,2125
4744214852102900,2370,1824,2211,2031,2224,2125
4744214852224900,2372,1825,2209,2032,2226,2124
4744214852517500,2370,1868,2211,2032,2228,2126
4744214852603200,2369,1675,2210,2032,2273,2124
4744214852682800,2369,1824,2212,2032,2227,2124
4744214852798000,2370,1824,2210,2031,2224,2125
4744214852870200,2369,1824,2209,2032,2228,2123
4744214852929600,2371,1825,2210,2031,2226,2223
4744214852996000,2369,1825,2239,2031,2225,2124
4744214853292100,2370,1823,2211,2033,2225,2125
4744214853358300,2370,1823,2210,2031,2223,2127
4744214853479000,2380,1825,2210,2032,2222,2125
4744214853542000,2369,1825,2211,2031,2224,2231
4744214853643300,2370,1823,2210,2031,2225,2124
4744214853900800,2368,1824,2210,2032,2245,2125
4744214854127100,2372,1825,2209,2032,2228,2124
4744214854693000,2369,1826,2217,2031,2223,2125
4744214855256600,2371,1824,2212,2032,2224,2124
4744214855526500,2371,1822,2212,2032,2302,2125
4744214855665100,2365,1825,2210,2041,2226,2125
4744214856011600,2370,1825,2212,2031,2225,2125
4744214856449300,2368,1824,2211,2030,2224,2094
4744214856675000,2369,1824,2210,2032,2226,2124
4744214856892100,2370,1825,2211,2031,2226,2126
4744214857081200,2368,1825,2211,2031,2226,2123
4744214857271000,2370,1824,2211,2031,2224,2125
4744214857462900,2368,1913,2211,2032,2225,2124
4744214857924700,2427,1824,2211,2032,2223,2126
4744214858155400,2369,1823,2208,2036,2228,2123
4744214858321000,2370,1824,2255,1983,2226,2126
4744214858439500,2371,1824,2209,2032,2226,2125
4744214858556400,2368,1825,2210,2032,2227,2123
4744214858663800,2370,1824,2211,2031,2228,2124
4744214858756000,2372,1823,2216,2031,2224,2126
4744214859086900,2491,1824,2211,2032,2224,2125
4744214859273300,2368,1823,2211,2033,2225,2124
4744214859508200,2369,1825,2211,2032,2225,2124
4744214859570600,2368,1824,2210,2030,2226,2126
4744214859670000,2371,1823,2210,2032,2226,2125
4744214859942600,2370,1825,2211,2032,2226,2125
4744214860285400,2369,1824,2211,2032,2224,2125
4744214860703900,2372,1825,2211,2031,2226,2192
4744214861130500,2369,1823,2209,2032,2124,2125
4744214861476400,2369,1824,2211,2032,2226,2125
4744214861971300,2371,1824,2210,2033,2226,2124
4744214862198300,2370,1824,2211,2029,2226,2126
4744214862394800,2369,1825,2211,2032,2228,2124
4744214862551300,2369,1825,2212,2187,2227,2125
4744214862843900,2370,1824,2210,2032,2226,2125
4744214863005400,2369,1840,2211,2032,2228,2125
4744214863272500,2372,1824,2210,2036,2226,2125
4744214863710000,2370,1823,2280,2031,2226,2124
4744214864236600,2368,1824,2211,2032,2226,2124
4744214864428200,2370,1824,2210,2030,2225,2126
4744214864882400,2369,1823,2224,2033,2226,2126
4744214865404800,2370,1825,2212,2031,2226,2124
4744214865531600,2369,1825,2211,2032,2225,2125
4744214865848600,2370,1828,2210,2032,2226,2126
4744214866290300,2368,1824,2210,2032,2301,2124
4744214866682000,2372,1824,2211,2032,2226,2124
4744214867002000,2369,1825,2212,2032,2227,2123
4744214867254200,2371,1825,2210,2030,2294,2124
4744214867583600,2369,1825,2229,2033,2226,2124
4744214867756100,2371,1823,2210,2031,2225,2126
4744214867959800,2371,1823,2209,2032,2227,2125
4744214868263300,2369,1862,2211,2030,2228,2125
4744214868457800,2369,1675,2210,2032,2272,2126
4744214868601900,2370,1824,2212,2032,2226,2124
4744214868729200,2372,1824,2211,2031,2225,2126
4744214868908800,2369,1824,2209,2033,2227,2125
4744214869068500,2372,1826,2212,2031,2224,2226
4744214869349900,2370,1824,2240,2032,2224,2125
4744214869627900,2369,1824,2210,2032,2225,2125
4744214869733000,2372,1823,2210,2031,2224,2126
4744214869861800,2379,1823,2211,2030,2226,2125
4744214870037600,2372,1824,2212,2031,2224,2227
4744214870369200,2372,1824,2210,2032,2226,2126
4744214870656200,2370,1826,2211,2032,2226,2125
4744214871183100,2372,1824,2209,2032,2226,2129
4744214871523400,2369,1824,2215,2031,2224,2124
4744214871887700,2370,1824,2210,2032,2225,2124
4744214872005400,2369,1826,2210,2033,2303,2126
4744214872309400,2366,1823,2210,2040,2225,2123
4744214872548500,2372,1825,2213,2030,2226,2125
4744214872853800,2370,1824,2212,2032,2224,2093
4744214872988400,2369,1824,2211,2031,2225,2126
4744214873115900,2371,1824,2210,2030,2227,2126
4744214873262100,2370,1823,2211,2031,2226,2123
4744214873425700,2369,1823,2212,2031,2225,2123
4744214873591000,2370,1915,2211,2032,2225,2124
4744214873741700,2424,1823,2210,2032,2225,2124
4744214874045400,2370,1824,2210,2032,2228,2124
4744214874185800,2371,1822,2254,1983,2226,2124
4744214874516100,2371,1823,2211,2032,2225,2125
4744214874645400,2372,1823,2212,2032,2228,2123
4744214874832500,2370,1824,2212,2030,2226,2125
4744214874969300,2372,1827,2218,2031,2226,2124
4744214875149500,2490,1823,2211,2032,2223,2124
4744214875276200,2368,1825,2210,2032,2227,2124
4744214875411700,2370,1823,2211,2032,2223,2123
4744214875557600,2370,1825,2212,2030,2225,2125
4744214875694100,2370,1824,2211,2032,2225,2124
4744214876047200,2371,1824,2212,2031,2226,2124
4744214876248300,2369,1824,2211,2031,2226,2124
4744214876572100,2371,1824,2212,2029,2223,2195
4744214876655700,2370,1824,2211,2032,2122,2125
4744214876723200,2369,1827,2211,2031,2224,2124
4744214876853700,2371,1826,2210,2032,2224,2124
4744214876984700,2368,1825,2213,2032,2223,2125
4744214877085200,2370,1824,2211,2036,2229,2124
4744214877191000,2370,1823,2212,2186,2227,2124
4744214877340900,2370,1825,2209,2033,2226,2124
4744214877442700,2370,1841,2210,2032,2226,2125
4744214877543700,2372,1823,2210,2036,2227,2124
4744214877737400,2368,1824,2232,2032,2225,2123
4744214878055200,2369,1822,2212,2031,2225,2122
4744214878417700,2371,1824,2210,2030,2226,2126
4744214878543200,2371,1823,2220,2032,2225,2124
4744214878653400,2370,1826,2212,2032,2226,2125
4744214878742900,2370,1825,2211,2030,2227,2123
4744214878819200,2370,1826,2210,2032,2228,2125
4744214878895600,2368,1824,2210,2032,2290,2125
4744214879073800,2368,1825,2211,2031,2227,2124
4744214879169800,2368,1824,2214,2032,2225,2124
4744214879310900,2370,1825,2210,2032,2296,2125
4744214879399800,2370,1827,2231,2032,2225,2125
4744214879491600,2369,1823,2212,2031,2226,2126
4744214879572000,2370,1823,2209,2034,2227,2124
4744214879692800,2368,1865,2210,2032,2226,2127
4744214879788000,2368,1675,2210,2032,2272,2125
4744214880160300,2372,1822,2211,2032,2226,2128
4744214880336900,2369,1824,2212,2032,2225,2123
4744214880540100,2371,1824,2210,2032,2290,2126
4744214880725100,2370,1825,2212,2030,2225,2226
4744214880853900,2370,1823,2244,2032,2224,2126
4744214881050900,2371,1824,2210,2032,2225,2125
4744214881459800,2371,1823,2211,2031,2226,2126
4744214881642600,2381,1824,2209,2032,2226,2125
4744214881816900,2370,1824,2212,2029,2226,2230
4744214881962000,2371,1823,2211,2034,2223,2124
4744214882064800,2369,1823,2210,2033,2244,2125
4744214882155300,2370,1825,2211,2032,2225,2126
4744214882228300,2369,1823,2215,2031,2224,2125
4744214882397300,2371,1824,2212,2032,2224,2125
4744214882557100,2371,1822,2210,2033,2302,2126
4744214882807800,2368,1823,2210,2042,2227,2123
4744214883282400,2369,1841,2212,2032,2228,2124
4744214883630900,2371,1824,2211,2031,2224,2094
4744214883841500,2371,1823,2211,2032,2226,2125
4744214884124900,2371,1825,2211,2030,2228,2126
4744214884292000,2371,1824,2211,2032,2225,2124
4744214884435400,2369,1824,2211,2033,2225,2123
4744214884536300,2370,1913,2212,2032,2227,2094
4744214884628000,2422,1824,2211,2032,2225,2124
4744214884700500,2371,1822,2210,2031,2227,2124
4744214884852600,2370,1822,2255,1983,2226,2126
4744214885140500,2370,1823,2209,2032,2225,2124
4744214885350100,2371,1824,2211,2032,2226,2125
4744214885690300,2371,1824,2212,2030,2224,2125
4744214885919200,2368,1824,2218,2031,2226,2124
4744214886080000,2492,1824,2211,2032,2227,2124
4744214886417300,2368,1824,2212,2031,2226,2125
4744214886726500,2371,1823,2211,2032,2226,2124
4744214886898700,2368,1824,2211,2032,2225,2126
4744214887042500,2370,1825,2210,2031,2225,2124
4744214887183800,2370,1824,2211,2032,2222,2126
4744214887308600,2371,1823,2211,2032,2226,2126
4744214887463100,2371,1824,2211,2032,2221,2190
4744214887798100,2369,1825,2210,2032,2125,2125
4744214888000800,2370,1824,2211,2033,2225,2125
4744214888164500,2371,1824,2210,2031,2224,2124
4744214888545700,2370,1824,2212,2032,2225,2124
4744214888854300,2371,1824,2211,2032,2228,2124
4744214889089700,2372,1823,2212,2187,2227,2124
4744214889318100,2372,1824,2211,2032,2225,2125
4744214889637900,2370,1840,2210,2032,2226,2126
4744214889924300,2374,1822,2210,2036,2226,2124
4744214890188000,2368,1822,2227,2032,2227,2124
4744214890539300,2367,1826,2211,2031,2224,2124
4744214890888900,2371,1825,2210,2029,2227,2126
4744214891055700,2369,1825,2229,2032,2224,2125
4744214891191800,2371,1825,2212,2033,2226,2123
4744214891325200,2370,1826,2210,2030,2226,2125
4744214891633700,2368,1826,2210,2032,2225,2126
4744214892086300,2370,1824,2211,2032,2294,2124
4744214892329100,2369,1824,2211,2032,2224,2125
4744214892542700,2371,1824,2211,2031,2226,2125
4744214892804100,2371,1823,2211,2028,2224,2125
4744214893108400,2370,1824,2227,2032,2225,2125
4744214893334900,2371,1824,2211,2031,2228,2124
4744214893648600,2372,1823,2209,2034,2226,2124
4744214893816800,2368,1866,2212,2032,2225,2442
4744214894017700,2370,1674,2211,2033,2275,2124
4744214894210400,2370,1825,2211,2031,2226,2123
4744214894389100,2370,1825,2210,2032,2225,2125
4744214894525500,2371,1824,2210,2032,2296,2124
4744214894668000,2371,1824,2212,2031,2226,2226
4744214894801500,2371,1824,2237,2032,2224,2125
4744214894936700,2370,1823,2211,2032,2224,2125
4744214895176300,2372,1824,2211,2030,2227,2126
4744214895350300,2381,1825,2210,2032,2224,2125
4744214895480900,2372,1824,2211,2031,2226,2230
4744214895635100,2372,1824,2212,2032,2225,2124
4744214895751100,2370,1824,2211,2032,2227,2124
4744214896012600,2369,1824,2211,2030,2226,2125
4744214896207300,2371,1824,2216,2032,2225,2124
4744214896432900,2369,1824,2210,2032,2221,2125
4744214896554400,2369,1823,2210,2031,2048,2125
4744214896680200,2366,1824,2210,2040,2226,2123
4744214897144200,2370,1825,2212,2031,2226,2126
4744214897301600,2369,1824,2211,2032,2226,2094
4744214897448800,2370,1824,2211,2032,2227,2124
4744214897702300,2369,1825,2211,2032,2224,2124
4744214897965200,2369,1823,2212,2032,2228,2125
4744214898132500,2371,1824,2212,2033,2226,2125
4744214898301600,2370,1913,2211,2032,2226,2093
4744214898775100,2426,1822,2210,2034,2224,2124
4744214898988000,2369,1823,2210,2035,2227,2125
4744214899231400,2368,1824,2261,1983,2228,2125
4744214899515200,2370,1823,2210,2033,2224,2125
4744214899867900,2369,1823,2210,2033,2225,2125
4744214899989400,2371,1825,2212,2031,2228,2125
4744214900152600,2370,1824,2217,2031,2226,2125
4744214900300500,2492,1822,2210,2033,2226,2125
4744214900431100,2368,1824,2211,2031,2226,2125
4744214900603500,2372,1825,2211,2032,2226,2125
4744214900914600,2371,1825,2211,2032,2226,2125
4744214901025400,2369,1825,2210,2032,2224,2124
4744214901169700,2369,1823,2212,2032,2223,2125
4744214901273400,2371,1824,2211,2031,2225,2125
4744214901503100,2371,1824,2211,2030,2224,2194
4744214901689800,2369,1825,2209,2033,2122,2126
4744214901893400,2370,1824,2210,2032,2226,2125
4744214902023400,2371,1825,2210,2032,2224,2124
4744214902282000,2371,1825,2212,2031,2225,2125
4744214902576000,2370,1826,2211,2033,2230,2126
4744214902783300,2368,1826,2212,2188,2226,2126
4744214902960700,2372,1825,2211,2032,2224,2124
4744214903256300,2372,1840,2209,2034,2228,2125
4744214903446200,2370,1825,2210,2034,2225,2123
4744214903616300,2370,1824,2265,2032,2223,2126
4744214903970200,2369,1824,2211,2032,2225,2124
4744214904163700,2369,1825,2209,2032,2260,2125
4744214904331100,2372,1824,2228,2032,2226,2124
4744214904633800,2368,1825,2212,2032,2225,2124
4744214904796500,2371,1825,2210,2031,2223,2124
4744214904899900,2369,1825,2211,2032,2226,2127
4744214904989600,2368,1824,2210,2032,2294,2125
4744214905202600,2368,1824,2211,2032,2226,2125
4744214905319500,2371,1823,2211,2032,2226,2125
4744214905506100,2370,1825,2211,2032,2226,2124
4744214905707700,2371,1824,2228,2032,2225,2126
4744214906107700,2370,1824,2211,2031,2226,2125
4744214906295000,2370,1823,2209,2032,2226,2125
4744214906464700,2368,1866,2212,2032,2226,2126
4744215412919600,2371,1675,2211,2032,2274,2125
4744215413187700,2368,1825,2211,2032,2224,2125
4744215413630700,2372,1823,2210,2032,2227,2125
4744215413768700,2371,1824,2210,2032,2298,2124
4744215413960700,2369,1823,2211,2031,2221,2229
4744215414093900,2371,1824,2241,2033,2226,2124
4744215414183900,2371,1824,2210,2029,2226,2125
4744215414320500,2371,1823,2211,2031,2224,2125
4744215414416400,2382,1823,2210,2032,2225,2125
4744215414699900,2369,1825,2212,2031,2224,2234
4744215415036400,2369,1825,2210,2033,2223,2124
4744215415166900,2371,1823,2211,2032,2225,2125
4744215415307000,2372,1824,2210,2032,2224,2125
4744215415405400,2371,1825,2215,2031,2224,2124
4744215415490200,2369,1824,2210,2031,2224,2125
4744215415576800,2371,1823,2211,2033,2301,2125
4744215415711400,2368,1824,2210,2042,2224,2124
4744215415809000,2370,1825,2211,2032,2227,2124
4744215415942900,2367,1824,2211,2031,2225,2090
4744215416083900,2369,1823,2211,2033,2224,2125
4744215416198500,2371,1824,2211,2031,2222,2126
4744215416454500,2369,1825,2212,2030,2224,2124
4744215416603300,2371,1824,2212,2031,2225,2125
4744215416772300,2372,1913,2213,2032,2225,2125
4744215416897100,2424,1823,2210,2033,2225,2125
4744215417046800,2368,1824,2209,2033,2227,2124
4744215417179700,2371,1821,2255,1983,2225,2124
4744215417502900,2371,1824,2211,2033,2224,2125
4744215417645800,2369,1825,2211,2032,2228,2125
4744215417755800,2371,1824,2212,2032,2226,2125
4744215417850100,2368,1825,2217,2030,2226,2124
4744215417913700,2494,1824,2210,2032,2225,2123
4744215417973600,2369,1825,2212,2032,2225,2124
4744215418032900,2370,1823,2210,2032,2226,2119
4744215418126000,2369,1825,2211,2031,2225,2125
4744215418216700,2370,1823,2211,2033,2225,2125
4744215418306100,2370,1825,2210,2033,2224,2124
4744215418478700,2368,1824,2211,2032,2224,2124
4744215418614100,2369,1826,2210,2032,2225,2190
4744215418740300,2370,1824,2209,2032,2125,2125
4744215418944200,2369,1823,2213,2032,2227,2125
4744215419097600,2372,1825,2210,2033,2225,2125
4744215419365400,2369,1828,2212,2033,2225,2126
4744215419493100,2369,1824,2211,2031,2228,2124
4744215419631600,2370,1824,2211,2186,2227,2124
4744215419743900,2369,1824,2211,2031,2224,2125
4744215419859800,2370,1841,2211,2032,2228,2126
4744215419947400,2373,1824,2210,2034,2227,2125
4744215420075300,2368,1822,2238,2032,2225,2123
4744215420326300,2370,1824,2211,2032,2225,2125
4744215420449700,2376,1824,2211,2030,2262,2125
4744215420607900,2370,1824,2228,2033,2224,2123
4744215420722300,2369,1825,2212,2034,2223,2125
4744215420810600,2371,1824,2211,2029,2224,2125
4744215420896500,2370,1826,2212,2033,2224,2126
4744215420982800,2368,1825,2210,2032,2294,2125
4744215421064600,2371,1825,2211,2032,2227,2124
4744215421236200,2370,1824,2210,2032,2224,2125
4744215421333400,2369,1823,2211,2030,2226,2124
4744215421438600,2370,1825,2230,2032,2224,2125
4744215421563200,2371,1822,2210,2031,2224,2125
4744215421646300,2372,1823,2209,2033,2226,2124
4744215421794700,2370,1865,2212,2032,2224,2126
4744215421885800,2370,1675,2211,2032,2276,2125
4744215421954400,2371,1822,2212,2033,2224,2125
4744215422045200,2369,1825,2212,2032,2225,2125
4744215422126300,2369,1824,2211,2032,2224,2124
4744215422197300,2369,1825,2211,2030,2225,2223
4744215422288000,2370,1823,2241,2032,2225,2125
4744215422363000,2372,1823,2210,2033,2225,2124
4744215422449200,2371,1823,2211,2032,2222,2126
4744215422521300,2382,1825,2209,2032,2225,2125
4744215422590700,2368,1824,2212,2030,2225,2225
4744215422667900,2373,1822,2210,2032,2225,2124
4744215422729700,2369,1825,2211,2032,2226,2125
4744215422790700,2370,1824,2211,2032,2226,2125
4744215422849300,2372,1825,2216,2032,2222,2123
4744215422933000,2370,1824,2213,2031,2226,2125
4744215423000100,2371,1823,2211,2032,2301,2125
4744215423059200,2368,1824,2212,2041,2225,2124
4744215423117400,2370,1823,2213,2029,2226,2124
4744215423278600,2368,1821,2211,2030,2226,2094
4744215423456900,2370,1826,2210,2033,2225,2124
4744215423565400,2369,1825,2210,2032,2224,2125
4744215423812000,2370,1823,2211,2031,2225,2123
4744215423905000,2369,1825,2211,2033,2224,2124
4744215424006900,2370,1913,2212,2032,2225,2129
4744215424108200,2423,1824,2210,2032,2224,2125
4744215424189100,2370,1823,2210,2034,2226,2124
4744215424326300,2369,1824,2253,1983,2226,2125
4744215424431200,2372,1824,2211,2033,2225,2124
4744215424517100,2369,1825,2211,2033,2225,2125
4744215424776900,2371,1824,2212,2030,2225,2124
4744215425105200,2371,1824,2218,2032,2227,2124
4744215425628500,2491,1823,2212,2032,2224,2125
4744215425711800,2368,1825,2211,2033,2225,2125
4744215426020800,2370,1823,2212,2032,2224,2124
4744215426158100,2372,1824,2211,2031,2225,2125
4744215426283800,2370,1824,2210,2031,2224,2125
4744215426393900,2371,1824,2210,2032,2225,2124
4744215426530700,2369,1824,2211,2032,2226,2124
4744215426711300,2370,1822,2210,2031,2225,2193
4744215426826500,2372,1824,2209,2032,2122,2125
4744215426929200,2368,1824,2211,2033,2226,2124
4744215427044300,2371,1824,2210,2034,2222,2124
4744215427138600,2369,1826,2209,2033,2225,2126
4744215427275300,2369,1823,2211,2033,2228,2125
4744215427400800,2369,1823,2212,2188,2227,2124
4744215427509500,2370,1824,2210,2032,2224,2124
4744215427601400,2371,1840,2209,2033,2226,2127
4744215427683100,2372,1824,2209,2036,2225,2125
4744215427792000,2368,1824,2242,2031,2224,2125
4744215427877700,2369,1824,2211,2032,2225,2124
4744215427953100,2369,1825,2211,2030,2260,2126
4744215428012200,2370,1824,2227,2033,2225,2124
4744215428073600,2370,1823,2212,2031,2226,2124
4744215428153300,2371,1824,2211,2032,2224,2125
4744215428300900,2371,1826,2211,2033,2224,2124
4744215428400400,2370,1823,2211,2032,2292,2124
4744215428474800,2368,1825,2211,2030,2227,2125
4744215428546500,2371,1824,2211,2031,2224,2125
4744215428633600,2370,1823,2211,2030,2225,2125
4744215428807400,2372,1823,2220,2033,2225,2125
4744215428898500,2368,1825,2212,2031,2225,2123
4744215428971300,2369,1823,2209,2032,2226,2124
4744215429056200,2369,1866,2211,2031,2226,2127
4744215429162200,2371,1673,2211,2030,2276,2124
4744215429243000,2371,1824,2211,2032,2225,2125
4744215429302300,2370,1821,2210,2032,2225,2125
4744215429367200,2371,1825,2210,2032,2294,2126
4744215429430100,2371,1824,2212,2031,2226,2231
4744215429497900,2370,1824,2240,2031,2224,2126
4744215429562100,2369,1823,2209,2032,2223,2124
4744215429639400,2368,1823,2211,2031,2224,2126
4744215429715500,2380,1825,2210,2031,2226,2125
4744215429778200,2370,1824,2211,2031,2224,2230
4744215429839700,2370,1825,2210,2031,2226,2124
4744215429983200,2370,1825,2211,2031,2227,2125
4744215430088600,2370,1824,2211,2032,2226,2125
4744215430163800,2370,1823,2219,2031,2224,2125
4744215430273600,2369,1823,2211,2031,2223,2124
4744215430345200,2370,1821,2212,2032,2049,2126
4744215430409400,2366,1824,2212,2040,2226,2124
4744215430497100,2369,1844,2212,2032,2227,2124
4744215430639100,2370,1822,2211,2031,2225,2093
4744215430715600,2369,1823,2210,2032,2226,2125
4744215430810100,2370,1824,2210,2032,2226,2126
4744215430894400,2370,1824,2209,2032,2227,2123
4744215430971600,2370,1822,2212,2031,2224,2125
4744215431084400,2371,1912,2212,2032,2225,2125
4744215431177300,2424,1823,2210,2032,2225,2125
4744215431261800,2370,1824,2208,2034,2228,2124
4744215431358400,2371,1822,2255,2031,2227,2125
4744215431487100,2372,1823,2210,2032,2227,2124
4744215431605200,2369,1826,2212,2032,2227,2124
4744215431803900,2370,1823,2212,2031,2228,2126
4744215431913900,2365,1824,2217,2033,2225,2124
4744215432006400,2492,1823,2211,2032,2226,2123
4744215432107000,2368,1825,2211,2031,2225,2124
4744215432674800,2370,1823,2212,2034,2224,2123
4744215432765400,2371,1824,2210,2030,2225,2124
4744215432857800,2369,1825,2210,2032,2224,2125
4744215432938800,2369,1825,2211,2032,2224,2125
4744215433101500,2372,1824,2211,2031,2224,2124
4744215433289600,2371,1824,2212,2029,2225,2194
4744215433410400,2369,1825,2209,2032,2124,2125
4744215433515500,2368,1824,2212,2032,2225,2125
4744215433754100,2370,1823,2210,2034,2226,2125
4744215433873000,2371,1825,2212,2033,2224,2126
4744215434061500,2369,1824,2210,2033,2230,2124
4744215434161900,2370,1825,2210,2186,2227,2125
4744215434262900,2371,1823,2211,2032,2225,2123
4744215434370600,2370,1841,2210,2031,2227,2124
4744215434464000,2370,1823,2209,2036,2227,2125
4744215434538000,2368,1824,2235,2031,2225,2124
4744215434609500,2369,1824,2211,2031,2223,2125
4744215434709900,2370,1823,2209,2032,2262,2125
4744215434790700,2370,1823,2220,2033,2226,2125
4744215434854200,2370,1825,2212,2032,2226,2124
4744215434934000,2369,1825,2210,2029,2226,2125
4744215435022600,2372,1825,2210,2032,2228,2126
4744215435107800,2372,1823,2211,2033,2291,2125
4744215435240500,2370,1824,2211,2031,2227,2124
4744215435384000,2368,1822,2212,2031,2224,2124
4744215435488600,2369,1824,2211,2032,2223,2125
4744215435590900,2371,1825,2230,2032,2223,2125
4744215435724800,2369,1824,2211,2031,2224,2125
4744215435824300,2371,1824,2209,2034,2227,2124
4744215435913200,2371,1865,2211,2032,2227,2426
4744215435978400,2370,1676,2211,2030,2275,2125
4744215436041200,2370,1822,2211,2032,2226,2124
4744215436112800,2369,1824,2212,2033,2222,2125
4744215436196300,2368,1824,2208,2032,2227,2123
4744215436276500,2371,1824,2212,2032,2224,2228
4744215436369800,2369,1825,2240,2033,2225,2123
4744215436453700,2370,1824,2210,2032,2225,2124
4744215436521700,2371,1822,2211,2031,2225,2125
4744215436596700,2380,1824,2210,2032,2225,2125
4744215436744700,2372,1822,2210,2032,2225,2226
4744215436876500,2370,1823,2211,2032,2224,2124
4744215436983500,2369,1825,2211,2032,2226,2125
4744215437083200,2370,1824,2211,2030,2224,2125
4744215437168300,2366,1824,2218,2031,2223,2125
4744215437259400,2370,1824,2210,2032,2224,2125
4744215437354500,2369,1823,2211,2031,2048,2125
4744215437443500,2366,1825,2209,2041,2225,2125
4744215437535600,2370,1825,2213,2030,2226,2125
4744215437658700,2370,1825,2210,2031,2225,2095
4744215437755400,2370,1824,2210,2030,2226,2125
4744215437933000,2370,1825,2210,2032,2228,2126
4744215438048400,2369,1825,2211,2032,2225,2125
4744215438158000,2369,1824,2211,2031,2224,2124
4744215438272300,2369,1918,2211,2031,2228,2184
4744215438389100,2422,1824,2210,2032,2224,2123
4744215438528000,2370,1826,2209,2031,2227,2123
4744215438712100,2369,1824,2255,1983,2226,2125
4744215438847100,2371,1824,2212,2032,2223,2124
4744215438921500,2371,1822,2210,2030,2225,2126
4744215438996200,2369,1824,2211,2032,2225,2126
4744215439060000,2369,1824,2218,2031,2225,2125
4744215439121200,2491,1824,2211,2031,2224,2124
4744215439182700,2370,1825,2210,2031,2225,2125
4744215439251600,2369,1825,2210,2031,2226,2119
4744215439358900,2369,1822,2209,2030,2225,2126
4744215439491600,2372,1824,2210,2030,2225,2125
4744215439577300,2370,1824,2211,2030,2223,2126
4744215439680900,2371,1824,2210,2030,2228,2124
4744215439771000,2371,1825,2209,2030,2225,2191
4744215439860900,2371,1822,2208,2032,2122,2125
4744215439974800,2368,1824,2209,2031,2226,2125
4744215440066100,2370,1823,2208,2032,2224,2125
4744215440150300,2371,1822,2212,2029,2226,2126
4744215440215400,2370,1825,2209,2030,2226,2124
4744215440287500,2370,1823,2210,2184,2227,2125
4744215440388700,2370,1824,2207,2030,2224,2124
4744215440480400,2371,1840,2211,2030,2226,2126
4744215440648000,2372,1823,2208,2034,2224,2124
4744215440762900,2372,1822,2281,2030,2226,2124
4744215440888400,2372,1823,2209,2030,2225,2124
4744215440984500,2370,1824,2208,2029,2227,2124
4744215441059500,2372,1824,2225,2030,2223,2126
4744215441174400,2370,1823,2208,2031,2228,2125
4744215441257200,2373,1826,2207,2030,2225,2125
4744215441348100,2373,1826,2207,2029,2227,2127
4744215441472900,2372,1824,2206,2030,2288,2125
4744215441544600,2372,1825,2207,2030,2226,2126
4744215441613300,2372,1825,2208,2030,2223,2125
4744215441717800,2371,1827,2206,2030,2294,2125
4744215441776500,2372,1825,2226,2031,2223,2123
4744215441837100,2374,1824,2206,2029,2226,2126
4744215441913900,2372,1823,2204,2032,2225,2125
4744215442072300,2374,1866,2206,2030,2225,2448
4744215442195300,2374,1675,2203,2029,2274,2125
4744215442323800,2373,1824,2205,2031,2225,2124
4744215442453700,2374,1824,2204,2031,2226,2125
4744215442558100,2374,1825,2204,2032,2223,2124
4744215442621000,2374,1825,2204,2029,2225,2218
4744215442695000,2373,1824,2233,2030,2225,2124
4744215442856500,2373,1824,2202,2031,2226,2124
4744215443003500,2372,1824,2202,2029,2225,2125
4744215443110600,2383,1824,2202,2030,2226,2127
4744215443219200,2374,1824,2201,2029,2224,2226
4744215443311300,2376,1824,2200,2030,2227,2125
4744215443402300,2373,1825,2200,2029,2225,2124
4744215443475000,2373,1824,2200,2029,2226,2126
4744215443653900,2373,1824,2206,2030,2223,2124
4744215443797600,2374,1824,2200,2027,2225,2125
4744215443902200,2374,1824,2198,2029,2301,2126
4744215444012000,2373,1825,2197,2041,2225,2125
4744215444234000,2376,1824,2198,2029,2227,2125
4744215444333400,2376,1827,2195,2029,2226,2125
4744215444417500,2377,1823,2193,2030,2226,2124
4744215444485900,2376,1824,2194,2028,2223,2126
4744215444564300,2374,1824,2193,2028,2223,2125
4744215444691800,2377,1824,2191,2030,2225,2126
4744215444781700,2374,1915,2189,2028,2225,2125
4744215444873900,2425,1824,2188,2028,2226,2126
4744215444979300,2378,1825,2184,2030,2228,2124
4744215445087400,2377,1824,2229,1983,2226,2140
4744215445187200,2377,1825,2183,2029,2225,2124
4744215445341600,2377,1825,2177,2028,2226,2125
4744215445436400,2377,1824,2178,2026,2226,2124
4744215445521000,2375,1824,2181,2028,2225,2125
4744215445625700,2495,1823,2173,2027,2226,2125
4744215982350600,2374,1821,2172,2028,2225,2124
4744215983148200,2374,1823,2169,2027,2226,2124
4744215983584300,2375,1824,2166,2025,2225,2126
4744215983871700,2376,1824,2164,2025,2305,2125
4744215984226200,2377,1823,2162,2026,2223,2128
4744215984520500,2376,1820,2159,2024,2226,2126
4744215984826300,2375,1824,2158,2022,2224,2190
4744215985219600,2375,1825,2155,2022,2124,2126
4744215985622800,2375,1823,2156,2022,2228,2124
4744215986182600,2377,1791,2154,2022,2225,2126
4744215986491500,2377,1824,2155,2021,2225,2125
4744215986794200,2376,1824,2155,2021,2225,2125
4744215987074300,2376,1825,2154,2178,2226,2125
4744215987214500,2376,1823,2150,2020,2294,2126
4744215987405800,2376,1840,2148,2020,2227,2126
4744215987617200,2377,1825,2146,2024,2226,2126
4744215987701500,2377,1822,2250,2020,2226,2125
4744215987813700,2378,1824,2147,2018,2225,2125
4744215987960300,2375,1825,2143,2017,2259,2126
4744215988091200,2378,1824,2158,2020,2226,2126
4744215988222300,2377,1825,2144,2019,2227,2124
4744215988313400,2375,1826,2140,2017,2226,2124
4744215988557200,2376,1825,2140,2019,2225,2126
4744215988700800,2375,1824,2140,2017,2290,2125
4744215988800900,2376,1825,2141,2017,2226,2125
4744215988928000,2376,1826,2140,2016,2226,2124
4744215989063300,2377,1823,2140,2017,2225,2125
4744215989194700,2377,1824,2156,2018,2225,2126
4744215989312800,2376,1823,2139,2017,2225,2125
4744215989396700,2375,1825,2137,2017,2226,2125
4744215989486500,2379,1859,2139,2018,2226,2126
4744215989561400,2376,1674,2138,2018,2270,2126
4744215989635000,2376,1824,2139,2018,2225,2125
4744215990010500,2376,1824,2136,2018,2227,2125
4744215990113300,2375,1825,2136,2019,2225,2126
4744215990275500,2377,1824,2136,2015,2224,2210
4744215990428500,2377,1824,2164,2019,2225,2125
4744215990735500,2375,1824,2136,2018,2225,2126
4744215990943400,2378,1823,2135,2017,2226,2125
4744215991125500,2386,1823,2134,2018,2226,2125
4744215991270000,2377,1824,2135,2017,2224,2220
4744215991731100,2376,1824,2134,2018,2225,2125
4744215991900300,2374,1825,2133,2018,2226,2126
4744215992106900,2376,1824,2131,2017,2225,2127
4744215992528000,2376,1825,2134,2015,2224,2126
4744215992938200,2377,1824,2130,2017,2224,2125
4744215993160600,2377,1824,2130,2016,2298,2126
4744215993416000,2374,1824,2128,2026,2224,2125
4744215993579400,2377,1843,2129,2016,2226,2126
4744215993990800,2375,1824,2126,2017,2224,2180
4744215994107800,2376,1825,2126,2018,2225,2124
4744215994333900,2375,1826,2124,2018,2224,2126
4744215994599800,2377,1824,2125,2016,2226,2125
4744215994732000,2375,1824,2123,2017,2224,2125
4744215994884000,2376,1904,2125,2015,2228,2179
4744215995164500,2426,1824,2120,2016,2224,2125
4744215995462200,2375,1823,2117,2018,2228,2126
4744215995687400,2376,1824,2157,1983,2225,2120
4744215995849200,2377,1824,2114,2018,2223,2125
4744215996012400,2376,1825,2113,2016,2229,2125
4744215996141900,2376,1822,2113,2015,2228,2125
4744215996273100,2376,1824,2116,2015,2225,2127
4744215996426000,2495,1824,2110,2014,2225,2125
4744215996566100,2375,1825,2107,2015,2225,2125
4744215996735400,2376,1823,2104,2016,2225,2125
4744215996890000,2375,1825,2102,2012,2224,2127
4744215996998700,2376,1825,2100,2012,2310,2126
4744215997109600,2375,1824,2100,2015,2224,2125
4744215997250200,2376,1824,2097,2014,2228,2125
4744215997337700,2377,1824,2097,2013,2224,2194
4744215997493900,2377,1826,2096,2016,2122,2126
4744215997621800,2375,1824,2096,2014,2225,2126
4744215997706000,2378,1791,2094,2014,2226,2124
4744215997820500,2376,1824,2093,2013,2226,2126
4744215997901500,2375,1824,2091,2014,2226,2125
4744215997979300,2375,1825,2089,2171,2226,2125
4744215998089500,2375,1825,2087,2012,2293,2125
4744215998202300,2376,1838,2088,2014,2227,2126
4744215998348500,2378,1825,2087,2017,2226,2125
4744215998463300,2377,1824,2189,2012,2225,2126
4744215998589100,2374,1823,2087,2012,2224,2125
4744215998718700,2376,1824,2084,2012,2226,2126
4744215998822300,2377,1822,2093,2010,2226,2125
4744215998961700,2375,1825,2083,2012,2228,2125
4744215999151500,2378,1823,2082,2013,2225,2125
4744215999456900,2378,1827,2081,2013,2229,2127
4744215999580600,2374,1824,2081,2012,2286,2126
4744215999687400,2376,1824,2082,2013,2227,2125
4744215999770200,2375,1824,2081,2012,2224,2126
4744215999848300,2376,1825,2079,2012,2224,2127
4744215999921900,2375,1824,2092,2015,2223,2126
4744216000040800,2378,1823,2078,2011,2224,2127
4744216000157300,2378,1823,2077,2011,2225,2124
4744216000297600,2377,1858,2078,2012,2227,2375
4744216000455300,2375,1674,2077,2010,2260,2127
4744216000606400,2377,1824,2077,2011,2226,2126
4744216000980000,2375,1825,2074,2009,2226,2126
4744216001151500,2374,1822,2072,2008,2231,2126
4744216001307000,2374,1825,2074,2007,2226,2214
4744216001447200,2375,1824,2092,2011,2225,2126
4744216001619500,2372,1824,2071,2009,2225,2125
4744216001905500,2378,1825,2070,2008,2225,2127
4744216002084900,2383,1824,2068,2009,2225,2126
4744216002324500,2374,1824,2070,2007,2228,2191
4744216002689600,2375,1824,2069,2007,2226,2126
4744216002958800,2374,1825,2067,2009,2225,2125
4744216003279400,2375,1824,2066,2007,2226,2126
4744216003631400,2375,1824,2070,2009,2226,2126
4744216003780400,2377,1824,2064,2008,2225,2126
4744216004100500,2375,1823,2061,2006,2283,2127
4744216004434700,2374,1824,2061,2016,2225,2127
4744216004604600,2376,1823,2060,2007,2226,2126
4744216004734200,2374,1822,2058,2007,2227,2126
4744216005081700,2376,1824,2054,2008,2226,2125
4744216005421700,2376,1824,2052,2006,2224,2127
4744216005700400,2377,1825,2052,2005,2227,2125
4744216005968500,2377,1824,2051,2006,2225,2126
4744216006251700,2374,1885,2051,2005,2225,2126
4744216006498200,2418,1824,2048,2005,2224,2127
4744216006776800,2378,1823,2048,2007,2226,2125
4744216006972000,2376,1824,2078,1983,2227,2126
4744216007085900,2376,1825,2045,2002,2226,2126
4744216007342200,2378,1825,2044,2000,2226,2125
4744216007427700,2376,1824,2042,2000,2225,2128
4744216007536500,2376,1824,2044,2001,2226,2126
4744216007642700,2499,1825,2038,2000,2225,2126
4744216007726800,2376,1825,2036,1999,2227,2125
4744216008007300,2377,1823,2035,2000,2224,2123
4744216008148600,2377,1825,2034,2000,2224,2127
4744216008327100,2378,1822,2033,2000,2285,2125
4744216008471000,2376,1825,2033,2000,2224,2125
4744216008591700,2378,1824,2031,2000,2224,2125
4744216008769200,2375,1824,2030,1997,2224,2184
4744216008911200,2380,1824,2027,1998,2122,2127
4744216009020000,2377,1824,2028,2000,2226,2125
4744216009121700,2378,1791,2026,2001,2225,2125
4744216009213800,2376,1824,2028,2000,2225,2127
4744216009357400,2376,1826,2029,2000,2224,2124
4744216009485100,2375,1823,2026,2158,2228,2126
4744216009598600,2376,1824,2025,1998,2226,2126
4744216009703600,2376,1836,2025,2002,2228,2128
4744216009784900,2376,1823,2025,2002,2225,2126
4744216009879200,2375,1823,2063,2001,2225,2126
4744216009960100,2374,1823,2025,2000,2225,2126
4744216010038000,2377,1825,2023,1998,2253,2127
4744216010252900,2375,1824,2032,2001,2227,2127
4744216010406200,2374,1823,2024,1999,2227,2126
4744216010475400,2376,1824,2023,1998,2226,2126
4744216010563300,2377,1825,2024,2000,2226,2127
4744216010645500,2376,1823,2024,1998,2280,2125
4744216010723100,2376,1824,2026,1997,2226,2126
4744216010803900,2376,1823,2026,1999,2224,2128
4744216010954900,2375,1825,2024,1998,2225,2127
4744216011024200,2378,1825,2039,1999,2225,2126
4744216011144000,2378,1823,2024,1999,2225,2127
4744216011245600,2376,1823,2025,1999,2224,2126
4744216011437300,2375,1858,2023,1998,2225,2394
4744216011545600,2376,1676,2024,1998,2263,2126
4744216011636800,2376,1824,2026,1998,2225,2126
4744216011716800,2376,1824,2023,1998,2226,2127
4744216011795400,2376,1824,2024,1998,2225,2126
4744216011869600,2376,1824,2025,1998,2224,2178
4744216011939600,2376,1824,2045,1997,2227,2127
4744216012051000,2375,1823,2024,1999,2225,2126
4744216012154900,2374,1823,2021,1999,2224,2125
4744216012241300,2384,1823,2024,2000,2224,2126
4744216012369300,2374,1824,2026,1997,2224,2196
4744216012508000,2377,1823,2024,1998,2225,2126
4744216012653200,2376,1825,2025,1997,2227,2126
4744216012806000,2375,1824,2023,1998,2226,2127
4744216012993200,2374,1824,2027,1999,2224,2125
4744216013123000,2376,1824,2024,1998,2226,2127
4744216013241200,2377,1822,2024,1998,2291,2126
4744216013392300,2373,1823,2024,2006,2224,2125
4744216013559700,2377,1834,2025,1998,2228,2126
4744216013701000,2377,1824,2024,1997,2224,2126
4744216013880600,2374,1825,2024,2000,2225,2127
4744216014031800,2377,1825,2025,1998,2228,2127
4744216014210300,2376,1823,2025,1998,2224,2126
4744216014411100,2377,1824,2024,1998,2225,2127
4744216014762200,2377,1889,2026,1999,2226,2097
4744216015057000,2419,1824,2024,1998,2224,2126
4744216015170700,2378,1825,2022,2002,2229,2126
4744216015272200,2376,1824,2056,1983,2225,2125
4744216015356000,2376,1825,2024,1999,2227,2127
4744216015482400,2377,1824,2025,2002,2225,2126
4744216015630500,2374,1823,2024,1999,2228,2127
4744216015745800,2378,1824,2029,1998,2225,2126
4744216015831900,2499,1824,2025,1997,2224,2125
4744216015908500,2375,1830,2024,1998,2226,2125
4744216016053700,2374,1823,2024,1999,2225,2126
4744216016180700,2377,1824,2023,1998,2226,2126
4744216016278100,2376,1824,2024,1998,2208,2127
4744216016402400,2375,1825,2024,1997,2226,2126
4744216016533600,2377,1824,2024,1998,2226,2125
4744216016640700,2376,1825,2025,1998,2225,2185
4744216016727200,2376,1825,2024,2000,2120,2126
4744216016803800,2377,1823,2024,1997,2224,2126
4744216016879900,2378,1791,2024,1998,2225,2128
4744216016960300,2377,1824,2025,1997,2225,2126
4744216017045500,2375,1825,2024,1998,2226,2125
4744216017185000,2377,1823,2024,2155,2227,2126
4744216017286200,2377,1825,2024,1998,2224,2127
4744216017363100,2378,1836,2024,1997,2227,2127
4744216017439400,2377,1824,2023,2002,2224,2126
4744216017529600,2377,1824,2102,1999,2225,2126
4744216017614800,2375,1824,2025,1997,2225,2126
4744216017745700,2376,1824,2023,1998,2253,2127
4744216017862100,2376,1829,2041,1999,2224,2127
4744216017948300,2377,1824,2025,1999,2225,2125
4744216018172200,2375,1824,2024,1998,2224,2126
4744216018295500,2376,1825,2024,1998,2227,2129
4744216018408400,2376,1823,2023,1997,2282,2126
4744216018539800,2376,1824,2023,1998,2228,2127
4744216018727500,2375,1824,2024,1998,2226,2128
4744216018869700,2376,1825,2023,1996,2225,2126
4744216018973900,2375,1824,2037,1997,2226,2127
4744216019121200,2374,1824,2025,1997,2226,2128
4744216019225100,2376,1823,2024,1997,2224,2126
4744216019308200,2375,1857,2024,1998,2227,2420
4744216019464700,2377,1674,2024,1997,2272,2127
4744216019624200,2377,1824,2023,1999,2224,2127
4744216019767900,2377,1825,2024,1998,2226,2124
4744216019909900,2375,1825,2025,1998,2231,2126
4744216020060300,2377,1823,2024,1997,2225,2174
4744216020193900,2377,1824,2045,1998,2226,2128
4744216020338200,2376,1824,2024,2000,2224,2125
4744216020501900,2376,1824,2023,1998,2227,2124
4744216020678900,2381,1823,2024,1999,2224,2126
4744216020916800,2376,1825,2025,1997,2226,2204
4744216021071400,2378,1823,2024,1998,2225,2126
4744216021201200,2377,1824,2025,1997,2228,2127
4744216021352600,2377,1824,2024,1998,2224,2124
4744216021509800,2377,1823,2025,1998,2224,2127
4744216021675500,2373,1825,2024,1997,2225,2126
4744216021785100,2376,1824,2025,1996,2293,2126
4744216021887100,2372,1824,2024,2006,2224,2126
4744216022016600,2375,1834,2024,1999,2228,2127
4744216022136100,2375,1821,2024,1999,2224,2126
4744216022242200,2377,1825,2025,1999,2225,2126
4744216022351700,2376,1825,2023,1998,2224,2126
4744216022435100,2375,1824,2025,1998,2228,2126
4744216022536300,2377,1822,2025,1999,2224,2125
4744216022618700,2377,1839,2025,1998,2227,2098
4744216022690900,2398,1823,2023,1998,2225,2126
4744216022760400,2377,1823,2023,1998,2228,2126
4744216022823700,2376,1822,2036,1997,2227,2124
4744216022884700,2377,1822,2024,1999,2226,2125
4744216022951600,2375,1826,2023,1998,2225,2127
4744216023010000,2376,1824,2025,1997,2226,2125
4744216023066200,2376,1824,2025,1997,2225,2127
4744216023124200,2501,1823,2026,1997,2227,2125
4744216023176900,2374,1825,2024,1999,2225,2126
4744216023240000,2375,1824,2024,1998,2224,2125
4744216023301500,2376,1823,2025,1997,2224,2128
4744216023400200,2376,1821,2022,1999,2225,2125
4744216023467900,2375,1824,2022,1998,2223,2128
4744216023533700,2375,1824,2023,1998,2224,2127
4744216023600700,2376,1824,2025,1997,2225,2174
4744216023712300,2376,1825,2023,1997,2121,2127
4744216023777100,2377,1822,2024,1995,2225,2126
4744216023873500,2375,1825,2024,2000,2226,2125
4744216023954400,2375,1824,2025,1999,2224,2126
4744216024022400,2377,1825,2025,1999,2224,2125
4744216024090000,2376,1825,2025,2155,2227,2125
4744216024171500,2376,1824,2024,2001,2226,2125
4744216024260900,2378,1836,2023,1997,2228,2126
4744216024326600,2376,1823,2023,2001,2225,2126
4744216024389000,2374,1823,2054,1999,2227,2125
4744216024447400,2375,1824,2024,1998,2223,2126
4744216024515700,2374,1824,2023,1998,2243,2126
4744216024586500,2376,1824,2032,1999,2224,2126
4744216024661800,2375,1825,2025,1997,2225,2125
4744216024751700,2376,1825,2024,1996,2225,2125
4744216024820600,2377,1824,2025,1998,2229,2127
4744216024897800,2377,1824,2025,1997,2270,2127
4744216024963300,2374,1825,2025,1997,2227,2126
4744216025099100,2374,1825,2024,1998,2224,2126
4744216025163500,2378,1823,2025,1997,2208,2127
4744216025228900,2375,1823,2027,1997,2225,2127
4744216025293500,2374,1825,2025,1998,2226,2126
4744216025359900,2377,1823,2024,1998,2226,2125
4744216025451400,2376,1851,2024,1997,2227,2337
4744216549570100,2376,1677,2023,1996,2252,2126
4744216549916100,2376,1824,2025,1998,2226,2124
4744216550275600,2376,1824,2024,1999,2225,2126
4744216550382600,2377,1823,2024,1998,2225,2127
4744216550446500,2377,1823,2024,1995,2224,2161
4744216550603600,2375,1824,2036,1999,2225,2126
4744216550800000,2378,1823,2024,1997,2226,2126
4744216550884100,2376,1825,2024,1996,2226,2129
4744216550974000,2380,1824,2022,1998,2223,2127
4744216551065800,2377,1824,2026,1995,2224,2173
4744216551133400,2377,1823,2024,1998,2226,2125
4744216551222500,2375,1824,2025,1997,2228,2127
4744216551331400,2378,1823,2023,1997,2225,2127
4744216551477500,2375,1825,2027,1997,2224,2126
4744216551647500,2377,1824,2024,1996,2226,2126
4744216551723600,2382,1823,2025,1997,2260,2124
4744216551835200,2372,1823,2024,2002,2221,2126
4744216551900700,2375,1830,2026,1997,2226,2127
4744216551976800,2375,1824,2025,1996,2226,2127
4744216552064500,2375,1825,2023,1997,2226,2125
4744216552149300,2376,1825,2025,1996,2227,2126
4744216552222000,2374,1825,2025,1995,2228,2126
4744216552291500,2376,1824,2025,1998,2225,2125
4744216552351800,2376,1884,2026,1996,2225,2125
4744216552409700,2409,1824,2024,1997,2225,2126
4744216552468900,2376,1823,2023,1997,2229,2120
4744216552530300,2375,1822,2050,1983,2227,2126
4744216552585200,2375,1824,2025,1998,2226,2126
4744216552669400,2378,1823,2025,2000,2225,2129
4744216552740500,2376,1822,2025,1997,2226,2127
4744216552795000,2376,1824,2028,1997,2222,2126
4744216552849500,2498,1824,2025,1996,2226,2126
4744216552908000,2374,1825,2025,1996,2225,2125
4744216552980500,2375,1825,2024,1996,2224,2126
4744216553039800,2377,1824,2025,1995,2225,2126
4744216553107800,2376,1826,2024,1996,2207,2125
4744216553182300,2378,1824,2025,1997,2223,2126
4744216553253600,2376,1824,2025,1994,2226,2126
4744216553319900,2378,1824,2025,1996,2225,2177
4744216553382400,2378,1824,2024,1996,2121,2126
4744216553441800,2375,1824,2023,1996,2227,2126
4744216553505500,2376,1825,2024,1997,2227,2124
4744216553565000,2375,1825,2027,1997,2226,2126
4744216553621100,2376,1826,2024,1997,2226,2126
4744216553681400,2375,1822,2026,2155,2227,2126
4744216553736100,2374,1825,2025,1996,2254,2126
4744216553800500,2377,1832,2023,1997,2228,2127
4744216553859800,2376,1827,2021,1998,2226,2125
4744216553911700,2376,1823,2062,2000,2227,2125
4744216553984600,2375,1824,2025,1996,2223,2126
4744216554043800,2375,1824,2025,1994,2250,2127
4744216554100400,2378,1824,2032,1997,2223,2126
4744216554157000,2375,1826,2025,1997,2225,2126
4744216554214300,2377,1826,2025,1996,2225,2124
4744216554273000,2376,1825,2026,1996,2224,2127
4744216554330800,2376,1826,2023,1994,2269,2126
4744216554397000,2378,1824,2025,1996,2227,2126
4744216554452800,2376,1826,2025,1996,2224,2128
4744216554512300,2376,1823,2025,1996,2208,2127
4744216554577100,2379,1824,2028,1998,2225,2127
4744216554632100,2374,1825,2026,1996,2226,2126
4744216554687700,2378,1824,2024,1997,2226,2125
4744216554738600,2374,1842,2027,1996,2226,2126
4744216554793300,2375,1675,2025,1995,2236,2125
4744216554851200,2376,1824,2026,1996,2226,2126
4744216554902900,2376,1823,2024,1996,2226,2124
4744216554953200,2378,1824,2024,1996,2225,2124
4744216555010400,2379,1823,2026,1995,2224,2154
4744216555198200,2375,1825,2029,1997,2226,2126
4744216555493800,2377,1823,2026,1997,2225,2126
4744216555833700,2377,1824,2024,1996,2228,2127
4744216555928400,2376,1824,2024,1996,2226,2125
4744216556061800,2376,1825,2026,1996,2224,2154
4744216556309000,2377,1823,2023,1996,2225,2125
4744216556434000,2378,1825,2025,1997,2226,2126
4744216556543400,2376,1824,2025,1996,2225,2126
4744216556628800,2374,1825,2027,1996,2225,2126
4744216556880800,2377,1824,2026,1996,2225,2127
4744216556968900,2374,1823,2025,1997,2241,2126
4744216557045600,2375,1823,2025,2000,2227,2125
4744216557131000,2375,1828,2026,1997,2228,2127
4744216557251600,2377,1823,2025,1996,2226,2126
4744216557339600,2375,1825,2025,1996,2226,2126
4744216557408900,2378,1822,2025,1996,2224,2127
4744216557492900,2377,1825,2025,1996,2225,2124
4744216557577800,2375,1825,2024,1997,2225,2126
4744216557682200,2378,1837,2026,1997,2226,2098
4744216557778700,2401,1824,2025,1997,2225,2126
4744216557848700,2376,1823,2024,1997,2227,2127
4744216557921700,2376,1824,2041,1983,2227,2126
4744216558013200,2378,1825,2025,1996,2227,2125
4744216558208400,2376,1825,2025,1998,2225,2127
4744216558296700,2377,1824,2026,1996,2228,2126
4744216558413600,2375,1824,2028,1998,2224,2126
4744216558519700,2498,1826,2024,1997,2226,2126
4744216558629000,2376,1824,2025,1996,2226,2125
4744216558740800,2374,1825,2026,1995,2224,2119
4744216558837400,2376,1825,2024,1996,2224,2126
4744216558902800,2375,1826,2025,1996,2208,2127
4744216559687200,2376,1825,2026,1996,2225,2126
4744216559781000,2377,1824,2024,1996,2226,2127
4744216559857100,2376,1822,2025,1996,2224,2172
4744216559956700,2378,1825,2025,1996,2123,2127
4744216560035000,2376,1823,2026,1996,2224,2126
4744216560092300,2378,1824,2024,1996,2226,2126
4744216560168100,2376,1824,2027,1997,2225,2124
4744216560262100,2377,1824,2024,1996,2225,2127
4744216560331200,2377,1824,2027,2154,2227,2126
4744216560421700,2376,1826,2025,1995,2212,2126
4744216560524100,2376,1829,2024,1996,2227,2127
4744216560604800,2377,1825,2024,1998,2224,2126
4744216560659800,2374,1825,2029,1996,2226,2126
4744216560742400,2376,1822,2026,1997,2227,2126
4744216560832800,2376,1823,2025,1995,2230,2127
4744216560923900,2374,1825,2025,1997,2226,2126
4744216561002600,2376,1824,2025,1997,2227,2125
4744216561081100,2377,1825,2025,1996,2226,2125
4744216561146600,2375,1826,2025,1996,2227,2129
4744216561220200,2374,1825,2026,1996,2249,2126
4744216561281400,2376,1824,2025,1995,2226,2127
4744216561339000,2375,1825,2025,1996,2226,2128
4744216561394300,2376,1824,2024,1996,2226,2127
4744216561448600,2375,1825,2032,1998,2225,2126
4744216561513200,2377,1823,2026,1995,2226,2128
4744216561570600,2376,1823,2025,1998,2225,2126
4744216561626800,2377,1845,2025,1996,2228,2127
4744216561701000,2375,1674,2024,1996,2244,2127
4744216561762500,2376,1824,2026,1996,2226,2126
4744216561822600,2378,1824,2025,1997,2226,2124
4744216561887900,2377,1825,2025,1996,2237,2126
4744216561944600,2376,1825,2025,1995,2225,2154
4744216562057200,2375,1824,2034,1998,2226,2126
4744216562116100,2375,1824,2025,1996,2226,2125
4744216562180700,2376,1824,2025,1996,2226,2127
4744216562239500,2376,1825,2025,1996,2224,2126
4744216562301300,2377,1824,2026,1996,2225,2157
4744216562362000,2378,1824,2026,1996,2225,2125
4744216562417700,2377,1824,2025,1995,2228,2126
4744216562478600,2371,1825,2025,1996,2224,2127
4744216562533200,2370,1825,2030,1997,2224,2124
4744216562588500,2369,1823,2025,1996,2225,2127
4744216562641700,2368,1824,2026,1994,2250,2127
4744216562693400,2364,1824,2026,1997,2226,2127
4744216562752200,2363,1828,2027,1997,2226,2126
4744216562803500,2364,1825,2026,1995,2226,2126
4744216562857000,2363,1822,2023,1997,2227,2126
4744216562904400,2363,1826,2025,1996,2224,2130
4744216562956400,2364,1824,2026,1996,2225,2126
4744216563003200,2363,1824,2026,1994,2224,2126
4744216563063100,2364,1843,2023,1995,2229,2172
4744216563112900,2390,1825,2024,1997,2225,2126
4744216563170400,2365,1823,2024,1998,2227,2126
4744216563221500,2363,1822,2042,1997,2227,2127
4744216563281800,2365,1826,2026,1999,2227,2126
4744216563339400,2364,1825,2024,1995,2225,2125
4744216563389000,2362,1825,2026,1997,2224,2128
4744216563439300,2362,1824,2027,1996,2225,2126
4744216563498400,2487,1823,2026,1997,2226,2125
4744216563562100,2361,1824,2025,1998,2227,2126
4744216563901400,2364,1825,2027,1996,2226,2126
4744216564123400,2362,1824,2026,1997,2225,2127
4744216564343300,2365,1825,2026,1996,2208,2126
4744216564475000,2362,1824,2027,1997,2223,2126
4744216564556200,2363,1826,2026,1996,2226,2127
4744216564623900,2365,1824,2025,1996,2224,2171
4744216564738100,2364,1824,2025,1997,2122,2127
4744216564927300,2364,1825,2025,1998,2227,2126
4744216565048600,2363,1826,2026,1998,2226,2124
4744216565128100,2363,1825,2029,1997,2225,2126
4744216565212000,2363,1825,2027,1998,2225,2125
4744216565272200,2362,1825,2026,2155,2227,2126
4744216565517600,2363,1826,2025,1996,2234,2126
4744216565633000,2363,1832,2026,1998,2228,2128
4744216565712600,2364,1823,2024,2000,2226,2125
4744216565790700,2364,1824,2012,1996,2226,2127
4744216565855700,2364,1823,2025,1998,2224,2125
4744216565978200,2365,1825,2025,1996,2234,2127
4744216566067000,2362,1823,2026,1999,2226,2126
4744216566141700,2364,1824,2027,1998,2227,2123
4744216566203100,2364,1826,2026,1997,2226,2125
4744216566353100,2364,1827,2027,1996,2228,2127
4744216566409200,2362,1825,2025,1996,2262,2125
4744216566461300,2364,1826,2026,1998,2225,1870
4744216566516000,2362,1826,2027,1997,2223,2125
4744216566570100,2363,1825,2025,1997,2209,2127
4744216566751800,2362,1823,2026,1998,2225,2124
4744216566834300,2363,1825,2026,1997,2226,2126
4744216566929500,2364,1823,2025,1998,2228,2125
4744216567004300,2361,1844,2029,1998,2224,2127
4744216567080700,2364,1674,2026,1996,2242,2126
4744216567142000,2365,1824,2026,1998,2226,2127
4744216567208100,2364,1825,2026,1998,2225,2124
4744216567277600,2363,1826,2026,1998,2237,2126
4744216567513700,2364,1824,2027,1996,2226,2154
4744216567586000,2364,1825,2035,1998,2225,2126
4744216567646000,2365,1823,2026,1999,2228,2126
4744216567703900,2363,1825,2025,1995,2226,2126
4744216567756500,2363,1823,2025,1998,2225,2125
4744216567807700,2363,1825,2026,1997,2224,2163
4744216567863900,2363,1824,2026,1997,2225,2124
4744216567931100,2363,1826,2025,1998,2228,2127
4744216567991700,2363,1825,2025,1998,2226,2127
4744216568055400,2365,1824,2030,1997,2225,2127
4744216568140600,2365,1825,2026,1998,2227,2125
4744216568206600,2364,1824,2026,1997,2246,2127
4744216568265800,2362,1824,2026,2001,2224,2128
4744216568322100,2363,1827,2026,1997,2227,2126
4744216568386600,2363,1824,2025,1998,2224,2128
4744216568446200,2363,1823,2025,1998,2226,2126
4744216568515700,2365,1823,2024,1998,2224,2126
4744216568578100,2363,1825,2025,1999,2225,2127
4744216568639300,2364,1824,2028,1998,2224,2126
4744216568700600,2361,1845,2026,2000,2228,2160
4744216568770200,2386,1826,2025,1997,2226,2126
4744216568829700,2364,1823,2024,2000,2228,2126
4744216568885000,2364,1824,2040,1983,2225,2126
4744216568966300,2363,1825,2025,1999,2224,2125
4744216569038200,2363,1825,2025,2000,2225,2127
4744216569094000,2364,1824,2024,1998,2226,2126
4744216569151600,2365,1825,2029,1998,2225,2127
4744216569221300,2485,1826,2026,1999,2226,2126
4744216569288700,2362,1825,2025,2000,2226,2125
4744216569348900,2362,1823,2026,2000,2226,2119
4744216569408200,2364,1824,2026,1998,2225,2127
4744216569476300,2362,1824,2028,1998,2207,2125
4744216569535000,2362,1824,2026,1998,2224,2127
4744216569594800,2365,1822,2027,1999,2226,2128
4744216569660200,2364,1825,2026,1998,2225,2170
4744216569749700,2364,1824,2025,1998,2120,2126
4744216569817000,2366,1825,2026,2001,2225,2126
4744216569891900,2366,1824,2024,2002,2226,2126
4744216569960100,2362,1825,2027,2003,2226,2126
4744216570033800,2363,1825,2026,2004,2225,2125
4744216570099200,2364,1823,2028,2157,2228,2126
4744216570171300,2365,1822,2026,2004,2232,2126
4744216570245000,2365,1829,2025,2005,2227,2126
4744216570319800,2364,1823,2025,2006,2226,2125
4744216570382200,2362,1824,2015,2007,2224,2126
4744216570440000,2362,1823,2028,2006,2224,2125
4744216570599900,2362,1824,2026,2006,2226,2126
4744216570678500,2363,1824,2028,2008,2226,2126
4744216570796300,2364,1825,2027,2010,2225,2126
4744216570899600,2363,1824,2026,2008,2270,2126
4744216571065400,2363,1826,2026,2009,2227,2127
4744216571201800,2362,1825,2026,2010,2253,2126
4744216571293100,2363,1824,2027,2011,2226,2127
4744216571364800,2362,1825,2026,2011,2227,2128
4744216571472900,2365,1824,2024,2012,2226,2126
4744216571568500,2362,1824,2030,2014,2224,2126
4744216571640100,2366,1825,2026,2014,2226,2126
4744216571721400,2364,1823,2024,2013,2224,2125
4744216571797000,2362,1844,2027,2014,2226,2127
4744216571860900,2362,1675,2025,2016,2242,2127
4744216571921200,2364,1824,2027,2018,2227,2126
4744216571974300,2363,1824,2027,2018,2226,2126
4744216572045300,2363,1824,2026,2019,2228,2127
4744216572112600,2365,1824,2027,2019,2225,2154
4744216572168900,2365,1824,2034,2023,2226,2126
4744216572294900,2363,1824,2027,2021,2227,2126
4744216572359100,2366,1825,2025,2025,2227,2127
4744216572422400,2363,1823,2026,2025,2225,2126
4744216572484400,2363,1826,2028,2025,2224,2166
4744216572542500,2364,1824,2027,2026,2227,2127
4744216572616700,2364,1825,2027,2027,2225,2127
4744216572686900,2364,1825,2027,2026,2218,2127
4744216572746500,2365,1825,2029,2025,2226,2126
4744216572805800,2364,1824,2028,2027,2225,2125
4744216572871800,2363,1823,2027,2025,2256,2126
4744216572936500,2364,1824,2028,2028,2225,2125
4744216572997200,2362,1825,2028,2026,2228,2126
4744216573059000,2365,1824,2027,2027,2225,2126
4744216573143000,2362,1825,2027,2025,2225,2126
4744216573226100,2365,1824,2028,2028,2225,2126
4744216573281700,2365,1825,2029,2027,2225,2125
4744216573343900,2365,1824,2028,2027,2227,2126
4744216573403000,2364,1858,2030,2028,2225,2126
4744216573462500,2392,1824,2027,2028,2229,2127
4744216573525900,2365,1823,2028,2029,2223,2126
4744216573591000,2364,1824,2043,2027,2227,2124
4744216573706600,2364,1824,2029,2029,2225,2125
4744216573766900,2363,1825,2028,2028,2225,2126
4744216573824600,2363,1823,2029,2029,2225,2126
4744216573885400,2364,1824,2031,2028,2227,2125
4744217118535500,2490,1824,2028,2030,2227,2126
4744217118763200,2361,1826,2030,2031,2224,2125
4744217119005100,2366,1823,2029,2031,2226,2126
4744217119189300,2365,1825,2030,2032,2225,2126
4744217119415000,2365,1825,2031,2032,2208,2127
4744217119552700,2366,1824,2030,2034,2223,2126
4744217119678900,2364,1822,2030,2034,2226,2126
4744217119746000,2364,1826,2031,2034,2224,2172
4744217119914700,2367,1826,2031,2034,2120,2127
4744217119994800,2364,1824,2031,2038,2226,2126
4744217120044600,2364,1825,2032,2037,2225,2127
4744217120094800,2364,1824,2033,2037,2226,2125
4744217120149000,2366,1824,2033,2038,2226,2126
4744217120241300,2364,1825,2032,2040,2223,2126
4744217120308200,2365,1824,2033,2040,2226,2126
4744217120359700,2366,1829,2032,2041,2227,2125
4744217120410500,2365,1824,2033,2042,2226,2126
4744217120461500,2362,1824,2022,2043,2225,2127
4744217120512100,2363,1824,2035,2045,2224,2126
4744217120563100,2366,1824,2035,2048,2238,2127
4744217120615600,2367,1825,2042,2048,2226,2126
4744217120668800,2365,1826,2038,2046,2227,2127
4744217120719700,2364,1826,2040,2048,2230,2125
4744217120795300,2368,1827,2043,2050,2228,2127
4744217120871500,2364,1825,2043,2051,2254,2126
4744217120927500,2364,1824,2048,2055,2228,2126
4744217121035100,2365,1822,2047,2053,2227,2126
4744217121107300,2366,1825,2048,2056,2227,2127
4744217121171600,2363,1823,2052,2058,2226,2127
4744217121219800,2364,1825,2051,2060,2225,2127
4744217121283500,2364,1825,2053,2060,2227,2125
4744217121350500,2365,1842,2054,2064,2228,2129
4744217121412300,2365,1676,2057,2064,2246,2127
4744217121480600,2364,1824,2060,2066,2226,2125
4744217121546300,2367,1825,2060,2067,2226,2122
4744217121602700,2362,1823,2062,2068,2228,2127
4744217121655000,2362,1825,2065,2070,2225,2164
4744217121706900,2362,1823,2076,2075,2226,2126
4744217121764500,2364,1824,2066,2072,2225,2126
4744217121819800,2363,1823,2069,2076,2226,2126
4744217121873400,2362,1825,2069,2077,2228,2126
4744217121925300,2363,1825,2070,2080,2228,2162
4744217121980600,2362,1825,2071,2083,2229,2128
4744217122066300,2363,1825,2075,2086,2230,2127
4744217122133600,2361,1825,2076,2088,2233,2128
4744217122188800,2363,1825,2081,2093,2232,2134
4744217122252000,2362,1824,2082,2097,2233,2127
4744217122315000,2364,1823,2081,2097,2255,2128
4744217122368600,2361,1823,2081,2105,2238,2127
4744217122420600,2362,1825,2087,2105,2240,2128
4744217122481800,2362,1826,2088,2109,2241,2098
4744217122539500,2362,1823,2088,2114,2241,2128
4744217122599700,2361,1824,2092,2116,2244,2130
4744217122658100,2361,1825,2095,2119,2246,2127
4744217122716000,2361,1824,2096,2124,2245,2128
4744217122770900,2362,1841,2098,2127,2248,2128
4744217123016500,2383,1825,2098,2132,2250,2127
4744217123732000,2362,1825,2099,2136,2255,2129
4744217123803100,2361,1823,2117,2137,2256,2125
4744217123872600,2362,1826,2103,2141,2256,2131
4744217123930100,2361,1824,2106,2145,2261,2130
4744217123985100,2362,1824,2108,2148,2262,2130
4744217124038500,2363,1823,2113,2151,2263,2131
4744217124425700,2486,1823,2112,2155,2261,2131
4744217124540300,2362,1825,2113,2157,2267,2131
4744217124705600,2361,1824,2115,2162,2270,2131
4744217124761900,2363,1824,2116,2164,2272,2132
4744217125026100,2358,1826,2119,2169,2273,2130
4744217125098400,2363,1824,2123,2172,2275,2132
4744217125185800,2363,1824,2124,2174,2277,2131
4744217125274200,2360,1824,2128,2177,2280,2178
4744217125328700,2364,1824,2128,2180,2171,2134
4744217125602400,2362,1823,2130,2185,2279,2128
4744217125694800,2363,1824,2132,2186,2279,2131
4744217125762500,2362,1824,2137,2187,2283,2132
4744217125819400,2363,1824,2141,2192,2280,2132
4744217125891600,2362,1825,2142,2040,2279,2131
4744217125955900,2363,1822,2145,2200,2282,2132
4744217126013800,2363,1830,2147,2204,2284,2133
4744217126091700,2365,1824,2148,2204,2283,2133
4744217126370500,2364,1823,2137,2206,2285,2132
4744217126477300,2362,1825,2153,2210,2285,2133
4744217126551900,2364,1825,2151,2213,2307,2132
4744217126612900,2363,1824,2160,2219,2290,2133
4744217126703400,2364,1824,2158,2223,2294,2132
4744217126795900,2366,1825,2158,2226,2293,2127
4744217126876300,2364,1825,2159,2228,2297,2137
4744217126987200,2365,1825,2159,2233,2068,2134
4744217127068200,2363,1826,2163,2235,2298,2134
4744217127172700,2367,1824,2169,2236,2299,2136
4744217127443700,2365,1825,2170,2239,2331,2136
4744217127798100,2365,1825,2180,2241,2305,2135
4744217127888600,2366,1826,2175,2245,2307,2136
4744217127949400,2367,1825,2181,2248,2304,2134
4744217128012500,2366,1841,2187,2250,2308,2137
4744217128063700,2367,1674,2190,2252,2325,2135
4744217128114000,2368,1824,2193,2256,2310,2136
4744217128187600,2365,1827,2194,2261,2309,2138
4744217128251200,2368,1824,2198,2264,2315,2137
4744217128326900,2364,1824,2202,2266,2312,2174
4744217128412500,2366,1826,2213,2271,2312,2137
4744217128478500,2368,1825,2208,2273,2313,2136
4744217128543100,2366,1825,2211,2276,2315,2138
4744217128611000,2367,1825,2216,2280,2316,2137
4744217128707500,2368,1825,2219,2282,2318,2173
4744217128779700,2367,1825,2220,2288,2318,2137
4744217128841300,2368,1825,2222,2290,2322,2138
4744217128905500,2367,1824,2224,2290,2321,2139
4744217129192000,2367,1822,2232,2293,2319,2137
4744217129316700,2366,1824,2227,2296,2321,2140
4744217129375000,2369,1824,2227,2302,2350,2140
4744217129425200,2366,1821,2228,2304,2070,2139
4744217129474300,2367,1829,2229,2302,2326,2138
4744217129546800,2368,1822,2228,2304,2327,2108
4744217129606300,2367,1823,2228,2304,2327,2139
4744217129659600,2370,1824,2229,2304,2326,2139
4744217129709300,2367,1824,2230,2559,2330,2138
4744217129757900,2369,1824,2230,2303,2329,2141
4744217129805000,2368,1859,2229,2302,2331,2111
4744217129852700,2390,1825,2229,2304,2074,2141
4744217129900800,2369,1824,2229,2303,2335,2140
4744217129948100,2368,1822,2248,2302,2332,2142
4744217129995900,2368,1824,2230,2302,2335,2142
4744217130043500,2367,1824,2231,2303,2335,2141
4744217130090900,2369,1823,2232,2301,2336,2140
4744217130138500,2369,1824,2236,2559,2336,2141
4744217130200000,2490,1825,2232,2304,2336,2142
4744217130530500,2366,1825,2232,2303,2334,2141
4744217130616300,2367,1823,2232,2303,2337,2141
4744217130687200,2366,1824,2234,2302,2336,2142
4744217130762100,2369,1824,2234,2303,2336,2143
4744217130841700,2365,1824,2234,2303,2336,2141
4744217131010700,2370,1824,2235,2302,2337,2142
4744217131165200,2366,1824,2235,2557,2339,2194
4744217131468800,2367,1823,2235,2304,2490,2141
4744217131559600,2365,1824,2237,2303,2340,2140
4744217131624800,2368,1824,2240,2305,2338,2142
4744217131682900,2367,1823,2242,2305,2341,2141
4744217131748400,2369,1824,2239,2305,2341,2140
4744217131825600,2366,1824,2241,2306,2341,2142
4744217131888500,2368,1824,2241,2305,2342,2141
4744217131964200,2369,1831,2240,2306,2342,2143
4744217132024300,2368,1824,2241,2308,2344,2143
4744217132076000,2368,1824,2247,2306,2341,2141
4744217132132100,2367,1825,2244,2307,2342,2141
4744217132182800,2368,1824,2244,2308,2344,2142
4744217132233800,2368,1825,2252,2307,2345,2144
4744217132280200,2365,1825,2246,2309,2343,2142
4744217132326100,2368,1825,2245,2308,2322,2127
4744217132371200,2369,1828,2245,2307,2346,2143
4744217132416100,2368,1824,2245,2308,2377,2141
4744217132460800,2368,1824,2248,2308,2346,2141
4744217132571000,2369,1825,2249,2309,2345,2144
4744217132635700,2367,1823,2248,2308,2345,2141
4744217132684100,2365,1825,2254,2309,2343,2144
4744217132735600,2369,1824,2250,2307,2345,2141
4744217132870800,2369,1823,2249,2310,2345,2141
4744217133142200,2369,1844,2250,2311,2344,2144
4744217133269400,2368,1674,2251,2310,2365,2141
4744217133565600,2371,1824,2251,2308,2346,2141
4744217133741400,2369,1825,2252,2311,2344,2140
4744217134159400,2366,1826,2252,2310,2345,2142
4744217134238500,2370,1826,2252,2311,2344,2180
4744217134294800,2367,1826,2261,2311,2344,2143
4744217134386000,2368,1824,2252,2313,2345,2141
4744217134486300,2370,1823,2253,2311,2344,2143
4744217134703800,2370,1824,2254,2314,2346,2142
4744217134784700,2368,1822,2254,2313,2344,2176
4744217134883400,2368,1825,2256,2315,2345,2142
4744217134952900,2370,1825,2256,2315,2347,2143
4744217135023600,2369,1825,2255,2314,2348,2143
4744217135104400,2366,1825,2263,2314,2349,2150
4744217135173600,2370,1822,2256,2315,2348,2143
4744217135235300,2369,1824,2258,2316,2384,2143
4744217135324200,2365,1823,2256,2320,2349,2143
4744217135435700,2366,1825,2259,2316,2353,2142
4744217135521800,2367,1822,2257,2316,2350,2193
4744217135709900,2370,1822,2257,2317,2351,2143
4744217135824500,2369,1824,2259,2316,2349,2142
4744217135907700,2368,1825,2259,2317,2354,2142
4744217136000200,2370,1824,2259,2318,2352,2143
4744217136073700,2368,1853,2259,2318,2353,2143
4744217136461000,2394,1824,2258,2320,2094,2143
4744217136575700,2369,1824,2258,2319,2354,2144
4744217136631100,2367,1822,2275,2318,2354,2144
4744217136682100,2369,1825,2259,2319,2351,2143
4744217136727000,2368,1825,2258,2320,2354,2143
4744217136781400,2370,1823,2259,2318,2354,2143
4744217136829500,2368,1824,2264,2319,2355,2144
4744217136907500,2492,1823,2259,2319,2352,2143
4744217136977700,2365,1825,2258,2320,2354,2143
4744217137034000,2367,1825,2258,2320,2354,2144
4744217137102700,2370,1825,2258,2318,2353,2145
4744217137158600,2368,1824,2259,2318,2388,2145
4744217137207100,2367,1824,2259,2303,2353,2145
4744217137258000,2368,1824,2259,2320,2355,2144
4744217137310300,2369,1826,2259,2320,2352,2203
4744217137365000,2368,1824,2258,2320,2507,2145
4744217137416200,2368,1824,2258,2320,2354,2144
4744217137477400,2367,1824,2260,2320,2356,2144
4744217137530700,2369,1824,2260,2321,2358,2144
4744217137595000,2368,1824,2259,2319,2357,2144
4744217137651000,2367,1824,2258,2165,2358,2144
4744217138015300,2367,1824,2257,2320,2358,2143
4744217138184600,2367,1832,2260,2320,2361,2145
4744217138237100,2370,1824,2258,2320,2358,2145
4744217138290100,2368,1824,2264,2320,2359,2144
4744217138419500,2367,1824,2260,2319,2358,2144
4744217138478500,2367,1823,2258,2320,2359,2145
4744217138533700,2368,1825,2268,2322,2360,2145
4744217138592800,2369,1823,2261,2321,2361,2144
4744217138645200,2368,1825,2260,2321,2360,2144
4744217138879700,2368,1825,2260,2321,2362,2147
4744217138957500,2368,1824,2260,2320,2396,2145
4744217139032600,2368,1824,2261,2320,2362,2143
4744217139168700,2366,1824,2261,2321,2361,2144
4744217139245000,2368,1824,2260,2321,2363,2144
4744217139306100,2368,1825,2267,2322,2360,2144
4744217139377300,2369,1823,2261,2321,2361,2145
4744217139453600,2367,1825,2260,2322,2364,2143
4744217139509000,2366,1846,2259,2322,2364,2143
4744217139573500,2370,1674,2261,2321,2384,2143
4744217139631100,2370,1824,2261,2323,2362,2144
4744217139684300,2368,1824,2261,2323,2362,2147
4744217139809100,2369,1826,2261,2323,2373,2145
4744217139867300,2369,1823,2262,2322,2364,2187
4744217139937000,2368,1825,2274,2326,2364,2144
4744217139994200,2368,1824,2260,2325,2363,2144
4744217140048200,2370,1823,2261,2324,2364,2145
4744217140132500,2369,1823,2261,2325,2365,2145
4744217140253000,2369,1825,2261,2325,2364,2186
4744217140579600,2368,1823,2262,2327,2365,2144
4744217140717800,2369,1824,2262,2325,2372,2145
4744217140824600,2368,1825,2262,2327,2368,2143
4744217140903700,2367,1824,2264,2326,2364,2152
4744217140972000,2370,1824,2261,2326,2368,2144
4744217141063800,2368,1824,2263,2328,2402,2143
4744217141143000,2368,1825,2262,2330,2365,2146
4744217141237900,2368,1825,2263,2326,2369,2145
4744217141347200,2366,1824,2262,2325,2368,2198
4744217141436500,2366,1825,2262,2327,2367,2143
4744217141520800,2369,1825,2261,2326,2369,2146
4744217141584400,2367,1824,2262,2326,2370,2144
4744217141648100,2367,1823,2262,2328,2373,2144
4744217141705800,2369,1838,2263,2326,2372,2187
4744217141760200,2404,1824,2261,2328,2115,2145
4744217141816800,2367,1823,2262,2327,2374,2144
4744217141869800,2367,1822,2281,2327,2373,2143
4744217141922600,2363,1825,2262,2327,2372,2144
4744217141988600,2369,1825,2262,2327,2375,2144
4744217142052300,2369,1825,2262,2327,2374,2144
4744217142127400,2367,1824,2266,2328,2375,2144
4744217142181300,2494,1824,2261,2328,2374,2144
4744217142234600,2365,1825,2262,2327,2372,2144
4744217142363700,2369,1823,2262,2327,2375,2144
4744217142430000,2368,1820,2262,2327,2373,2144
4744217142488800,2368,1825,2262,2327,2419,2143
4744217142597100,2370,1824,2262,2303,2373,2142
4744217142711000,2369,1825,2263,2326,2376,2144
4744217142768000,2369,1824,2263,2328,2373,2208
4744217142843100,2367,1824,2263,2328,2528,2144
4744217142907000,2369,1826,2263,2328,2377,2142
4744217142974400,2367,1824,2262,2330,2374,2144
4744217143059400,2367,1824,2263,2329,2375,2144
4744217143189200,2369,1824,2262,2329,2376,2142
4744217143264700,2369,1826,2264,2174,2378,2143
4744217143335100,2368,1822,2262,2328,2376,2145
4744217143401800,2367,1832,2262,2329,2377,2144
4744217143462500,2369,1823,2262,2332,2376,2144
4744217143617500,2368,1824,2265,2328,2377,2144
4744217143719300,2366,1824,2262,2331,2378,2144
4744217143786000,2368,1825,2262,2329,2377,2145
4744217143845200,2369,1825,2272,2330,2376,2144
4744217143906900,2369,1824,2264,2332,2377,2142
4744217143969100,2368,1825,2262,2329,2505,2127
4744217144029900,2370,1826,2263,2331,2377,2145
4744217144088400,2368,1824,2263,2330,2408,2143
4744217144147200,2369,1826,2263,2330,2379,2143
4744217144208800,2368,1824,2264,2331,2378,2144
4744217144267400,2366,1825,2263,2331,2376,2143
4744217144329400,2370,1824,2264,2332,2378,2144
4744217144391300,2367,1824,2263,2332,2376,2144
4744217144449100,2368,1823,2264,2331,2378,2142
4744217144523000,2368,1836,2264,2332,2378,2144
4744217686003300,2368,1674,2265,2332,2388,2143
4744217686291700,2368,1822,2265,2330,2379,2142
4744217686578300,2367,1823,2262,2332,2379,2145
4744217687023100,2366,1824,2262,2332,2369,2144
4744217687094500,2367,1823,2264,2331,2378,2173
4744217687403400,2367,1824,2267,2333,2378,2142
4744217687683200,2368,1824,2262,2334,2378,2141
4744217687771900,2369,1822,2264,2334,2379,2144
4744217688099400,2366,1825,2262,2334,2379,2143
4744217688201500,2368,1824,2264,2332,2377,2178
4744217688255900,2368,1825,2263,2334,2380,2143
4744217688313300,2368,1823,2265,2331,2382,2143
4744217688577900,2365,1824,2264,2334,2380,2143
4744217688651600,2366,1824,2268,2334,2378,2151
4744217688794100,2369,1824,2264,2334,2380,2144
4744217688934700,2368,1823,2264,2335,2385,2142
4744217689195700,2363,1823,2264,2334,2378,2146
4744217689257800,2368,1825,2265,2333,2381,2143
4744217689331200,2366,1824,2263,2333,2379,2178
4744217689405500,2368,1825,2265,2334,2381,2143
4744217689761800,2367,1823,2263,2334,2380,2144
4744217689819100,2366,1823,2265,2334,2380,2144
4744217690003100,2368,1824,2264,2335,2379,2143
4744217690167100,2368,1818,2265,2336,2380,2173
4744217690235400,2375,1824,2264,2337,2122,2143
4744217690279400,2368,1824,2264,2337,2380,2143
4744217690339400,2366,1824,2273,2335,2381,2143
4744217690393000,2368,1824,2265,2336,2379,2144
4744217690447500,2367,1824,2264,2333,2382,2142
4744217690503100,2366,1824,2266,2335,2380,2144
4744217690577900,2369,1825,2266,2335,2381,2142
4744217690646600,2494,1824,2266,2335,2380,2142
4744217690704200,2365,1825,2264,2336,2378,2141
4744217690768000,2368,1824,2266,2336,2380,2141
4744217690824700,2368,1825,2267,2336,2379,2143
4744217690881800,2367,1824,2265,2337,2380,2143
4744217690944600,2368,1824,2266,2336,2379,2142
4744217691005300,2365,1822,2265,2336,2380,2142
4744217691060200,2366,1824,2265,2336,2378,2190
4744217691136200,2368,1824,2263,2336,2534,2143
4744217691219600,2368,1827,2266,2335,2380,2142
4744217691502800,2367,1824,2264,2338,2382,2142
4744217691581400,2368,1824,2267,2337,2378,2142
4744217691664000,2367,1826,2267,2337,2380,2142
4744217691847300,2368,1824,2267,2182,2379,2143
4744217691905800,2368,1824,2265,2336,2380,2142
4744217691954400,2367,1825,2267,2338,2382,2143
4744217692021900,2367,1822,2266,2336,2379,2143
4744217692113800,2366,1824,2253,2335,2380,2143
4744217692283700,2366,1824,2267,2337,2379,2142
4744217692358900,2366,1824,2266,2338,2380,2143
4744217692450800,2366,1824,2266,2338,2379,2139
4744217692541300,2367,1824,2266,2339,2380,2141
4744217692618600,2367,1825,2266,2336,2380,2127
4744217692682400,2367,1826,2266,2337,2381,2143
4744217692929900,2365,1822,2267,2338,2400,2143
4744217692998400,2366,1824,2267,2337,2380,2141
4744217693174800,2367,1825,2267,2338,2380,2144
4744217693278300,2367,1824,2267,2336,2381,2143
4744217694007200,2366,1825,2268,2339,2379,2143
4744217694114500,2366,1825,2268,2338,2379,2143
4744217694209400,2369,1823,2268,2338,2379,2143
4744217694461800,2367,1834,2269,2338,2379,2269
4744217694882000,2367,1676,2268,2337,2389,2143
4744217694980900,2368,1824,2269,2338,2378,2142
4744217695056200,2369,1825,2268,2338,2380,2142
4744217695288100,2366,1823,2267,2338,2380,2142
4744217695360900,2369,1824,2268,2336,2379,2174
4744217695420400,2367,1824,2272,2339,2379,2143
4744217695505700,2368,1823,2268,2339,2381,2142
4744217695596800,2366,1824,2266,2338,2380,2144
4744217695659400,2366,1823,2267,2338,2380,2142
4744217695720700,2365,1824,2269,2337,2377,2170
4744217695777200,2369,1823,2267,2338,2380,2141
4744217695839800,2369,1824,2268,2339,2379,2142
4744217696149300,2368,1824,2267,2338,2380,2143
4744217696236500,2369,1825,2271,2338,2377,2148
4744217696330700,2369,1823,2268,2339,2377,2144
4744217696384800,2368,1823,2267,2339,2389,2143
4744217696582300,2366,1825,2268,2338,2381,2142
4744217696751800,2368,1826,2269,2339,2382,2143
4744217696827400,2368,1824,2267,2337,2379,2176
4744217696921400,2368,1826,2267,2338,2379,2144
4744217696999700,2366,1825,2268,2338,2380,2142
4744217697094700,2367,1824,2267,2338,2380,2143
4744217697174100,2367,1824,2269,2339,2383,2142
4744217697220700,2368,1825,2269,2339,2379,2112
4744217697475900,2376,1823,2267,2338,2127,2142
4744217697646300,2367,1824,2267,2339,2381,2143
4744217697880600,2368,1823,2277,2338,2381,2143
4744217697995200,2367,1823,2268,2339,2380,2142
4744217698089600,2366,1824,2267,2337,2380,2142
4744217698360800,2366,1824,2270,2338,2380,2142
4744217698473200,2367,1824,2269,2339,2379,2142
4744217698689700,2492,1825,2269,2340,2377,2143
4744217698797700,2366,1824,2269,2339,2380,2141
4744217698863000,2366,1823,2267,2339,2380,2140
4744217698902400,2367,1824,2269,2338,2380,2142
4744217699167800,2368,1823,2268,2338,2379,2143
4744217699244400,2368,1822,2268,2338,2377,2144
4744217699304000,2367,1824,2268,2338,2380,2142
4744217699350800,2367,1824,2268,2337,2378,2188
4744217699404100,2369,1824,2266,2337,2534,2143
4744217699468600,2366,1824,2269,2339,2381,2141
4744217699521900,2369,1824,2268,2339,2379,2144
4744217699562000,2366,1824,2269,2341,2380,2142
4744217699623400,2366,1824,2270,2338,2379,2142
4744217699661700,2367,1823,2269,2184,2381,2141
4744217699698800,2366,1825,2267,2336,2378,2142
4744217699956500,2368,1822,2268,2338,2381,2143
4744217700032300,2369,1822,2268,2338,2381,2142
4744217700089500,2366,1824,2254,2340,2379,2141
4744217700133200,2366,1824,2268,2339,2378,2141
4744217700230800,2368,1824,2267,2337,2380,2142
4744217700329300,2369,1824,2268,2339,2378,2142
4744217700665700,2366,1825,2269,2340,2378,2142
4744217700709200,2368,1826,2268,2339,2380,2141
4744217700760800,2366,1825,2269,2339,2380,2143
4744217700803500,2368,1823,2268,2338,2398,2141
4744217700850400,2369,1824,2270,2338,2381,2142
4744217700898400,2368,1824,2269,2337,2379,2141
4744217700952900,2368,1825,2267,2338,2380,2143
4744217701003800,2368,1824,2268,2339,2379,2143
4744217701053700,2366,1824,2268,2339,2379,2142
4744217701337700,2369,1823,2268,2339,2380,2142
4744217701581700,2365,1829,2268,2337,2379,2223
4744217701666700,2365,1675,2269,2338,2386,2143
4744217701738400,2368,1824,2271,2340,2380,2143
4744217701873200,2368,1824,2268,2338,2380,2143
4744217701967600,2366,1824,2268,2338,2378,2143
4744217702216500,2368,1825,2269,2338,2379,2175
4744217702596900,2366,1824,2272,2339,2380,2142
4744217702850800,2366,1824,2268,2340,2380,2142
4744217702963200,2366,1823,2269,2341,2380,2143
4744217703321000,2366,1824,2268,2338,2378,2142
4744217703597900,2366,1825,2270,2339,2376,2168
4744217703844200,2367,1825,2267,2340,2380,2143
4744217703977400,2369,1824,2268,2339,2380,2143
4744217704093000,2366,1825,2268,2339,2380,2143
4744217704181700,2366,1824,2273,2338,2378,2146
4744217704357000,2367,1822,2268,2338,2377,2143
4744217704476000,2368,1825,2268,2338,2383,2143
4744217704582900,2364,1823,2268,2338,2380,2142
4744217704675800,2368,1824,2269,2338,2380,2142
4744217704755300,2367,1821,2269,2338,2377,2171
4744217704917400,2366,1824,2267,2341,2380,2142
4744217704988800,2368,1824,2269,2336,2380,2143
4744217705045700,2367,1824,2269,2338,2380,2141
4744217705403800,2366,1824,2269,2340,2378,2142
4744217705745900,2366,1806,2270,2340,2381,2171
4744217705799200,2368,1824,2268,2340,2125,2143
4744217705857400,2367,1823,2267,2339,2382,2143
4744217705910100,2367,1823,2276,2339,2380,2142
4744217705994400,2366,1824,2268,2339,2380,2144
4744217706052400,2367,1824,2268,2337,2382,2141
4744217706115800,2365,1824,2270,2338,2380,2142
4744217706181200,2369,1824,2268,2339,2379,2142
4744217706286000,2494,1823,2269,2339,2379,2142
4744217706544000,2368,1825,2269,2338,2381,2142
4744217706622700,2368,1823,2269,2339,2382,2140
4744217706766200,2366,1825,2268,2339,2379,2142
4744217706832100,2366,1823,2269,2338,2377,2141
4744217706892600,2369,1824,2268,2338,2377,2142
4744217706956700,2368,1824,2270,2337,2380,2142
4744217707013700,2366,1824,2268,2340,2376,2197
4744217707083700,2369,1822,2267,2338,2533,2141
4744217707142600,2366,1824,2269,2340,2381,2140
4744217707207700,2370,1823,2268,2340,2378,2139
4744217707528000,2368,1824,2270,2339,2380,2143
4744217708301900,2367,1825,2269,2339,2380,2142
4744217708408400,2366,1823,2268,2184,2379,2142
4744217708504200,2368,1823,2267,2338,2362,2141
4744217708767800,2366,1831,2268,2338,2382,2141
4744217709022700,2368,1824,2268,2339,2379,2142
4744217709119600,2368,1824,2273,2339,2379,2142
4744217709323700,2366,1824,2270,2338,2378,2141
4744217709465500,2368,1824,2268,2337,2381,2142
4744217709571900,2366,1824,2274,2338,2379,2142
4744217709710500,2368,1824,2270,2340,2380,2141
4744217709814900,2367,1825,2268,2338,2379,2127
4744217709893700,2367,1825,2268,2339,2380,2143
4744217710045700,2368,1824,2268,2337,2418,2141
4744217710128500,2368,1824,2269,2339,2381,2140
4744217710199900,2367,1824,2269,2339,2379,2141
4744217710265300,2366,1824,2267,2338,2379,2142
4744217710458800,2368,1823,2270,2338,2380,2142
4744217710536800,2368,1824,2269,2338,2379,2143
4744217710857400,2368,1824,2265,2338,2380,2141
4744217710944200,2365,1850,2269,2337,2380,2143
4744217711026100,2368,1677,2268,2337,2408,2143
4744217711118300,2367,1822,2270,2338,2379,2144
4744217711293200,2368,1825,2268,2338,2378,2142
4744217711402200,2366,1824,2268,2338,2380,2141
4744217711617000,2368,1824,2270,2337,2374,2192
4744217711701000,2365,1824,2283,2340,2378,2143
4744217711787100,2369,1823,2268,2340,2378,2140
4744217711986500,2368,1824,2268,2337,2380,2143
4744217712052800,2372,1824,2268,2338,2380,2141
4744217712113200,2366,1826,2270,2337,2378,2187
4744217712176900,2367,1824,2268,2338,2379,2140
4744217712233700,2368,1825,2267,2338,2380,2142
4744217712288800,2366,1824,2268,2338,2380,2142
4744217712341100,2366,1824,2275,2338,2379,2151
4744217712395500,2366,1824,2269,2338,2378,2143
4744217712450400,2368,1824,2269,2339,2422,2143
4744217712501900,2366,1824,2269,2341,2381,2142
4744217712557400,2368,1825,2270,2338,2382,2142
4744217712610700,2368,1821,2269,2338,2380,2190
4744217712664500,2368,1824,2269,2339,2381,2142
4744217712719400,2367,1824,2269,2338,2380,2143
4744217712777300,2366,1823,2268,2338,2380,2142
4744217713120400,2366,1822,2269,2340,2380,2142
4744217713252400,2366,1871,2270,2339,2380,2186
4744217713393500,2398,1824,2268,2340,2123,2143
4744217713487800,2368,1823,2268,2339,2382,2142
4744217713561400,2366,1820,2290,2338,2381,2142
4744217713626400,2369,1824,2269,2340,2380,2142
4744217713712600,2366,1825,2269,2339,2381,2142
4744217713802400,2367,1823,2271,2337,2380,2142
4744217713861600,2368,1824,2274,2338,2379,2142
4744217713924100,2490,1823,2269,2339,2379,2142
4744217714147100,2368,1825,2269,2339,2379,2142
4744217714223600,2368,1824,2268,2339,2379,2141
4744217714386200,2366,1822,2269,2338,2379,2143
4744217714497200,2367,1824,2268,2338,2380,2143
4744217714576400,2368,1825,2270,2338,2377,2142
4744217714917800,2367,1824,2269,2338,2382,2142
4744217715045500,2367,1824,2270,2337,2378,2208
4744217715182800,2366,1824,2267,2337,2534,2142
4744217715333400,2368,1823,2269,2339,2381,2141
4744217715442500,2369,1822,2268,2340,2378,2139
4744217715606000,2367,1825,2270,2339,2380,2141
4744217715935300,2368,1824,2269,2338,2379,2142
4744217716054100,2366,1824,2271,2184,2379,2142
4744217716179100,2368,1825,2268,2337,2380,2141
4744217716288200,2367,1836,2269,2338,2380,2142
4744217716424600,2366,1823,2268,2338,2382,2143
4744217716551400,2364,1823,2255,2339,2380,2142
4744217716636600,2367,1824,2269,2340,2379,2141
4744217716708500,2368,1824,2269,2337,2401,2143
4744217716986300,2368,1824,2279,2338,2380,2142
4744217717075700,2368,1823,2269,2339,2381,2140
4744217717164200,2368,1826,2269,2337,2379,2127
4744217717281500,2366,1826,2269,2339,2379,2143
4744217717500800,2368,1824,2267,2338,2430,2140
4744217717644700,2366,1825,2269,2338,2379,2140
4744217717754100,2365,1824,2270,2339,2379,2141
4744217717837200,2368,1824,2268,2338,2380,2141
4744217717985900,2366,1826,2281,2341,2378,2142
4744217718077300,2366,1825,2270,2338,2381,2143
4744217718138100,2368,1823,2268,2339,2379,2141
4744217718187600,2366,1851,2269,2339,2380,2143
4744217718239800,2368,1676,2269,2337,2404,2141
4744217718289900,2368,1822,2270,2340,2380,2141
4744217718391300,2367,1825,2269,2339,2379,2142
4744217718461300,2368,1825,2268,2338,2379,2142
4744217718514200,2365,1823,2270,2339,2378,2196
4744217718565000,2365,1823,2284,2339,2376,2142
4744217718614500,2368,1824,2269,2340,2379,2140
4744217718687200,2368,1824,2268,2338,2380,2142
4744217718753300,2370,1822,2268,2338,2381,2143
4744217718877300,2368,1822,2270,2339,2378,2186
4744217718939100,2367,1824,2269,2339,2379,2140
4744217718994300,2366,1824,2269,2338,2381,2142
4744217719042900,2368,1822,2269,2339,2378,2143
4744217719095700,2368,1825,2274,2340,2377,2152
4744217719159500,2368,1824,2269,2338,2377,2141
4744217719216700,2368,1823,2269,2340,2423,2142
4744217719266700,2364,1824,2270,2342,2377,2142
4744217719319200,2369,1832,2270,2339,2381,2142
4744217719376500,2365,1824,2269,2337,2379,2194
4744217719429500,2368,1824,2268,2339,2381,2142
4744217719479600,2367,1823,2266,2340,2378,2143
4744217719533500,2365,1823,2269,2340,2380,2141
4744217719630800,2366,1822,2269,2341,2380,2142
4744217719699100,2366,1870,2271,2339,2380,2187
4744217719751800,2392,1824,2268,2340,2123,2142
4744217719805300,2369,1823,2269,2341,2382,2142
4744217719854400,2368,1823,2293,2339,2380,2142
4744217719956000,2366,1825,2268,2341,2378,2141
4744217720021700,2366,1825,2270,2337,2381,2141
4744217720069200,2367,1824,2270,2340,2377,2143
4744217720147000,2366,1824,2274,2339,2379,2141
4744218255205600,2491,1823,2269,2341,2380,2140
4744218255844800,2366,1824,2269,2340,2380,2141
4744218256249600,2365,1826,2269,2340,2380,2142
4744218256656300,2368,1824,2270,2338,2378,2141
4744218257794100,2369,1823,2269,2339,2379,2142
4744218258306100,2368,1824,2270,2338,2379,2141
4744218258586300,2366,1824,2271,2338,2380,2142
4744218258950800,2368,1826,2270,2338,2379,2190
4744218259254100,2368,1824,2267,2340,2534,2141
4744218259464000,2368,1824,2268,2339,2381,2140
4744218259711100,2370,1823,2268,2341,2381,2141
4744218259930400,2367,1825,2273,2340,2380,2142
4744218260158600,2366,1824,2270,2340,2380,2140
4744218260521900,2366,1824,2270,2185,2378,2141
4744218260706600,2368,1823,2269,2340,2392,2141
4744218260861600,2366,1828,2269,2336,2384,2143
4744218261007500,2366,1823,2268,2339,2378,2141
4744218261127800,2368,1823,2275,2340,2380,2141
4744218261350000,2367,1823,2272,2340,2378,2141
4744218261458200,2368,1825,2269,2337,2388,2141
4744218261635800,2368,1825,2273,2340,2379,2142
4744218261806100,2365,1825,2272,2339,2382,2140
4744218262031800,2366,1825,2269,2338,2380,2127
4744218262128500,2367,1828,2270,2340,2380,2143
4744218262215300,2366,1825,2271,2338,2402,2141
4744218262310500,2368,1824,2271,2338,2381,2143
4744218262382600,2366,1823,2270,2340,2379,2143
4744218262605000,2367,1822,2270,2338,2406,2142
4744218262787200,2366,1824,2272,2340,2379,2142
4744218262881800,2368,1822,2271,2339,2380,2141
4744218263034700,2368,1823,2269,2340,2379,2141
4744218263254500,2365,1837,2271,2339,2379,2295
4744218263390300,2365,1674,2270,2340,2388,2143
4744218263481800,2366,1824,2271,2340,2378,2141
4744218263665300,2366,1824,2270,2340,2379,2141
4744218264117500,2364,1822,2269,2340,2386,2142
4744218264433500,2368,1823,2271,2341,2378,2174
4744218264521000,2367,1824,2276,2340,2377,2142
4744218264584100,2366,1824,2270,2341,2380,2140
4744218264647400,2364,1825,2270,2339,2380,2142
4744218264702400,2368,1824,2269,2340,2379,2143
4744218264946700,2365,1824,2271,2339,2379,2168
4744218265042900,2366,1824,2271,2340,2378,2141
4744218266655100,2367,1825,2270,2339,2380,2142
4744218266784700,2367,1825,2271,2340,2380,2142
4744218266899900,2367,1823,2275,2340,2380,2146
4744218267012500,2366,1824,2271,2338,2378,2141
4744218267069300,2368,1825,2270,2340,2398,2143
4744218267158300,2364,1824,2270,2341,2380,2143
4744218267234100,2367,1826,2271,2339,2382,2143
4744218267287300,2366,1824,2271,2340,2379,2171
4744218267416900,2367,1826,2271,2340,2379,2142
4744218267519400,2364,1824,2271,2339,2378,2142
4744218267643000,2365,1823,2272,2340,2380,2141
4744218267738200,2366,1824,2271,2341,2380,2142
4744218267799600,2368,1837,2271,2340,2380,2174
4744218267892800,2380,1824,2272,2340,2123,2141
4744218268217100,2367,1825,2269,2341,2380,2142
4744218268337100,2365,1824,2284,2341,2380,2141
4744218268649000,2367,1824,2270,2341,2379,2142
4744218268747100,2365,1824,2270,2339,2381,2141
4744218268830300,2368,1823,2271,2339,2378,2142
4744218268897600,2367,1824,2272,2339,2379,2141
4744218269099500,2491,1823,2272,2340,2379,2141
4744218269281400,2364,1826,2271,2339,2380,2142
4744218269390100,2367,1824,2270,2339,2380,2135
4744218269476800,2367,1824,2270,2339,2378,2141
4744218269543700,2368,1824,2270,2340,2380,2142
4744218269607400,2364,1825,2271,2339,2378,2142
4744218269669100,2368,1824,2272,2340,2380,2142
4744218269754500,2365,1824,2272,2339,2378,2186
4744218269825600,2365,1825,2270,2338,2533,2142
4744218269887500,2366,1823,2271,2340,2379,2141
4744218270026800,2366,1823,2271,2339,2380,2140
4744218270087400,2365,1824,2270,2340,2380,2142
4744218270145500,2366,1825,2271,2339,2380,2141
4744218270205400,2368,1825,2272,2488,2379,2140
4744218270260300,2365,1825,2269,2340,2388,2141
4744218270329900,2367,1825,2269,2340,2381,2142
4744218270424200,2366,1823,2270,2340,2380,2141
4744218270495900,2364,1822,2257,2339,2380,2141
4744218270555300,2367,1825,2270,2339,2378,2140
4744218270600100,2365,1823,2269,2338,2386,2142
4744218270644300,2367,1823,2272,2340,2380,2141
4744218270719400,2367,1824,2270,2340,2380,2141
4744218270924700,2365,1825,2271,2338,2378,2127
4744218270995600,2367,1825,2271,2340,2381,2143
4744218271190100,2364,1825,2270,2339,2405,2141
4744218271291600,2364,1824,2271,2338,2380,2140
4744218271346000,2364,1826,2272,2340,2381,2143
4744218271636700,2364,1824,2270,2338,2409,2141
4744218271739700,2365,1823,2270,2340,2379,2141
4744218271842600,2366,1823,2271,2340,2379,2141
4744218272095600,2367,1823,2269,2339,2379,2139
4744218272182800,2364,1842,2271,2338,2382,2142
4744218272488000,2365,1675,2271,2339,2394,2141
4744218272722100,2365,1824,2271,2340,2379,2141
4744218273048000,2365,1824,2272,2340,2380,2141
4744218273175100,2366,1824,2271,2340,2381,2142
4744218273280100,2364,1825,2272,2339,2380,2176
4744218273400900,2365,1826,2280,2340,2379,2142
4744218273502000,2367,1824,2272,2341,2381,2139
4744218273598200,2366,1823,2270,2340,2379,2142
4744218273686900,2365,1823,2270,2340,2380,2141
4744218273797200,2364,1825,2271,2339,2378,2170
4744218274122100,2365,1824,2270,2340,2379,2142
4744218274207200,2366,1824,2270,2339,2386,2142
4744218274303400,2366,1823,2271,2341,2380,2141
4744218274409100,2366,1824,2274,2340,2378,2149
4744218274695000,2364,1825,2272,2340,2377,2141
4744218274790500,2364,1826,2271,2340,2421,2143
4744218274852100,2362,1823,2272,2344,2381,2141
4744218274911800,2364,1824,2271,2339,2380,2142
4744218274965500,2364,1824,2272,2339,2379,2141
4744218275051800,2364,1824,2272,2340,2377,2141
4744218275254600,2365,1825,2271,2339,2380,2142
4744218275326000,2364,1824,2271,2340,2381,2142
4744218275385300,2365,1822,2272,2342,2380,2142
4744218275440700,2366,1885,2271,2340,2380,2192
4744218275501300,2403,1825,2272,2340,2121,2141
4744218275556300,2366,1823,2270,2341,2382,2141
4744218275649000,2363,1822,2300,2341,2380,2141
4744218275876900,2363,1824,2271,2340,2381,2141
4744218275955700,2364,1823,2269,2339,2383,2140
4744218276021900,2366,1823,2271,2339,2382,2143
4744218276086600,2364,1824,2276,2338,2379,2142
4744218276151900,2487,1823,2272,2340,2380,2141
4744218276217500,2362,1824,2271,2339,2379,2141
4744218276279100,2362,1823,2271,2342,2380,2140
4744218276449300,2364,1824,2271,2340,2379,2141
4744218276517400,2364,1824,2270,2340,2379,2142
4744218276577800,2364,1824,2271,2339,2379,2141
4744218276655900,2362,1824,2271,2340,2379,2141
4744218276968300,2365,1824,2271,2339,2378,2218
4744218277041100,2364,1824,2271,2340,2534,2141
4744218277097200,2363,1823,2271,2340,2379,2143
4744218277696200,2364,1825,2268,2340,2380,2139
4744218277749600,2364,1824,2272,2341,2379,2141
4744218277862100,2363,1824,2271,2339,2379,2141
4744218278119000,2366,1825,2272,2485,2382,2141
4744218278215400,2362,1824,2271,2340,2433,2139
4744218278335400,2365,1835,2271,2340,2382,2140
4744218278405500,2364,1824,2270,2340,2380,2142
4744218278459800,2362,1823,2260,2341,2381,2140
4744218278512200,2365,1824,2272,2340,2378,2141
4744218278670800,2362,1825,2271,2339,2408,2142
4744218278784100,2363,1823,2276,2341,2378,2141
4744218278879800,2369,1825,2272,2340,2380,2140
4744218278979200,2363,1825,2271,2340,2363,2127
4744218279050200,2366,1826,2271,2340,2381,2143
4744218279141200,2362,1824,2271,2339,2431,2140
4744218279242200,2362,1826,2273,2339,2381,2142
4744218279386400,2363,1824,2272,2340,2378,2140
4744218279515700,2364,1824,2272,2339,2378,2142
4744218279601400,2363,1824,2283,2340,2378,2140
4744218279724600,2363,1823,2272,2340,2380,2142
4744218279838900,2363,1822,2272,2341,2381,2141
4744218279917200,2365,1856,2271,2339,2381,2430
4744218280003700,2363,1676,2272,2342,2411,2141
4744218280112000,2366,1824,2273,2341,2380,2142
4744218280212900,2363,1824,2272,2341,2378,2142
4744218280456200,2364,1825,2272,2340,2381,2140
4744218280571900,2363,1824,2273,2340,2378,2206
4744218280679600,2362,1825,2294,2341,2379,2141
4744218280780700,2363,1822,2272,2341,2381,2138
4744218280880500,2365,1822,2271,2340,2380,2141
4744218280982300,2370,1824,2272,2340,2380,2140
4744218281078600,2365,1824,2272,2339,2377,2220
4744218281260200,2366,1824,2272,2341,2379,2141
4744218281340700,2365,1824,2272,2341,2378,2142
4744218281394600,2363,1824,2271,2340,2381,2141
4744218281472400,2363,1824,2277,2340,2378,2152
4744218281561600,2365,1824,2272,2341,2377,2141
4744218281693600,2365,1823,2272,2340,2433,2143
4744218281765000,2360,1824,2272,2346,2378,2141
4744218281819800,2364,1825,2273,2340,2380,2141
4744218281876700,2364,1824,2273,2340,2380,2142
4744218281942000,2365,1823,2272,2341,2380,2140
4744218282167500,2365,1825,2272,2341,2378,2141
4744218282462600,2365,1823,2271,2341,2380,2141
4744218282579400,2365,1824,2272,2341,2380,2141
4744218282706400,2364,1885,2273,2341,2381,2208
4744218282822800,2404,1825,2272,2340,2122,2141
4744218282951400,2366,1823,2271,2342,2381,2139
4744218283146100,2365,1824,2304,2340,2380,2140
4744218283230600,2363,1824,2271,2341,2380,2141
4744218283774800,2365,1825,2271,2339,2380,2141
4744218284012600,2364,1823,2273,2341,2380,2141
4744218284112800,2364,1825,2277,2340,2379,2141
4744218284183600,2486,1822,2272,2343,2381,2143
4744218284243900,2362,1825,2272,2341,2379,2140
4744218284352900,2364,1823,2272,2341,2380,2140
4744218284488000,2363,1825,2272,2340,2380,2141
4744218284601200,2364,1824,2272,2340,2379,2141
4744218284726800,2362,1824,2273,2341,2378,2138
4744218284796300,2363,1824,2273,2340,2380,2140
4744218284901200,2362,1824,2272,2340,2378,2215
4744218285463300,2362,1822,2270,2341,2534,2141
4744218285544900,2363,1823,2273,2340,2379,2140
4744218285627000,2365,1823,2272,2342,2380,2142
4744218285926800,2364,1825,2275,2341,2378,2140
4744218286039500,2363,1825,2269,2341,2377,2142
4744218286157800,2364,1825,2274,2492,2378,2139
4744218286241000,2363,1823,2273,2340,2428,2140
4744218286384400,2364,1835,2272,2341,2381,2142
4744218286542600,2363,1824,2272,2342,2380,2141
4744218286867300,2364,1823,2257,2341,2381,2140
4744218287025900,2363,1823,2272,2342,2380,2141
4744218287114300,2362,1825,2271,2339,2404,2141
4744218287185900,2362,1824,2288,2342,2379,2139
4744218287267400,2364,1824,2272,2340,2379,2139
4744218287379700,2364,1825,2272,2341,2361,2127
4744218287448300,2362,1825,2273,2341,2380,2141
4744218287543500,2364,1824,2272,2340,2428,2140
4744218287649700,2363,1823,2274,2341,2378,2139
4744218287749300,2359,1823,2274,2342,2378,2140
4744218287902900,2364,1825,2273,2340,2364,2140
4744218287989600,2365,1823,2278,2341,2379,2141
4744218288075300,2363,1823,2273,2342,2380,2140
4744218288160900,2363,1825,2272,2342,2380,2141
4744218288245900,2362,1856,2275,2342,2380,2141
4744218288331400,2362,1676,2273,2340,2411,2140
4744218288418500,2361,1825,2273,2342,2378,2141
4744218288504100,2361,1825,2272,2341,2380,2140
4744218288589200,2362,1824,2272,2342,2378,2140
4744218288674000,2364,1823,2272,2339,2380,2214
4744218288758800,2362,1824,2296,2341,2379,2140
4744218288843300,2362,1823,2273,2342,2379,2139
4744218288928100,2361,1823,2270,2341,2380,2141
4744218289017300,2368,1824,2272,2342,2380,2141
4744218289107300,2360,1824,2273,2341,2378,2204
4744218289197600,2362,1824,2272,2342,2380,2139
4744218289288000,2364,1822,2271,2341,2381,2140
4744218289378400,2363,1824,2272,2340,2385,2141
4744218289463700,2364,1825,2280,2340,2382,2149
4744218289548800,2362,1824,2272,2341,2377,2141
4744218289639700,2360,1824,2273,2340,2431,2139
4744218289707700,2360,1823,2272,2346,2378,2142
4744218289780500,2361,1833,2274,2342,2380,2141
4744218289843700,2363,1822,2273,2340,2379,2140
4744218289896700,2362,1824,2273,2341,2379,2141
4744218289963300,2362,1825,2273,2340,2380,2141
4744218290029100,2362,1823,2273,2341,2379,2141
4744218290089200,2363,1824,2274,2343,2377,2141
4744218290216300,2360,1879,2273,2342,2380,2189
4744218290313300,2399,1823,2272,2342,2123,2139
4744218290400000,2364,1824,2272,2342,2382,2141
4744218290489500,2362,1826,2296,2341,2380,2140
4744218290608200,2364,1825,2272,2341,2378,2140
4744218290732200,2361,1824,2272,2341,2380,2140
4744218290797400,2361,1823,2274,2341,2380,2140
4744218290853800,2363,1824,2277,2342,2379,2141
4744218290930000,2483,1823,2274,2343,2379,2140
4744218290989300,2360,1824,2272,2341,2380,2140
4744218291075700,2363,1823,2273,2341,2379,2140
4744218291181800,2362,1825,2273,2343,2379,2140
4744218291314100,2361,1825,2272,2341,2380,2140
4744218291413800,2360,1824,2273,2342,2378,2139
4744218291514800,2364,1824,2272,2341,2380,2140
4744218291590700,2360,1824,2273,2341,2379,2205
4744218291691000,2364,1824,2272,2341,2532,2141
4744218291950000,2363,1824,2273,2342,2379,2139
4744218292097300,2363,1791,2270,2342,2379,2140
4744218292290700,2363,1824,2274,2341,2380,2140
4744218292387900,2362,1824,2273,2342,2380,2139
4744218292461800,2362,1823,2274,2494,2381,2140
4744218292558400,2363,1824,2273,2340,2404,2140
4744218292652900,2362,1832,2272,2342,2381,2141
4744218292717900,2363,1823,2271,2342,2380,2141
4744218292787400,2361,1824,2259,2341,2378,2138
4744218292869400,2362,1823,2273,2341,2379,2141
4744218292943900,2362,1824,2271,2340,2399,2140
4744218293018400,2362,1825,2280,2342,2376,2141
4744218293096800,2360,1824,2272,2343,2380,2140
4744218293236600,2361,1823,2273,2340,2363,2127
4744218293668900,2362,1825,2273,2342,2381,2143
4744218293862400,2360,1823,2272,2341,2420,2140
4744218294090700,2360,1824,2273,2342,2381,2140
4744218294221800,2360,1825,2276,2341,2379,2139
4744218294454100,2361,1825,2272,2340,2380,2140
4744218294593700,2361,1823,2275,2342,2378,2141
4744218294817600,2362,1824,2272,2342,2379,2140
4744218294985800,2362,1823,2272,2342,2380,2139
4744218295139400,2363,1853,2273,2342,2380,2142
4744218822611100,2360,1676,2272,2341,2404,2141
4744218822946100,2362,1824,2273,2342,2380,2141
4744218823215700,2363,1822,2273,2342,2378,2140
4744218823613000,2361,1824,2273,2341,2383,2141
4744218823792100,2360,1825,2273,2341,2377,2192
4744218824088000,2362,1824,2288,2341,2380,2142
4744218824279600,2362,1824,2272,2341,2382,2139
4744218824608700,2363,1823,2272,2342,2379,2142
4744218824692300,2366,1824,2272,2342,2379,2139
4744218824751800,2362,1824,2273,2341,2377,2189
4744218824794900,2363,1823,2274,2340,2377,2139
4744218824839600,2362,1824,2273,2341,2381,2140
4744218825019400,2363,1825,2271,2341,2380,2140
4744218825142200,2361,1823,2278,2342,2376,2150
4744218825201300,2363,1824,2273,2342,2378,2140
4744218825353300,2362,1822,2274,2342,2423,2140
4744218825418100,2358,1825,2272,2348,2379,2141
4744218825598100,2360,1826,2273,2345,2379,2141
4744218825662100,2361,1825,2272,2343,2379,2140
4744218825840600,2362,1822,2272,2342,2379,2139
4744218825903900,2361,1824,2272,2340,2380,2141
4744218826088000,2362,1824,2273,2341,2380,2140
4744218826151100,2361,1825,2274,2342,2378,2141
4744218826328500,2360,1876,2274,2342,2381,2205
4744218826391900,2396,1824,2272,2342,2122,2139
4744218826573400,2361,1824,2272,2342,2382,2141
4744218826665400,2362,1824,2304,2341,2376,2140
4744218826721800,2360,1824,2273,2344,2378,2139
4744218826777400,2361,1823,2272,2341,2381,2139
4744218826825900,2362,1824,2273,2341,2380,2141
4744218826878000,2363,1821,2276,2343,2378,2139
4744218826934700,2483,1823,2273,2343,2378,2140
4744218826984700,2360,1824,2273,2342,2378,2141
4744218827037100,2360,1824,2273,2339,2382,2137
4744218827119400,2360,1824,2274,2340,2380,2140
4744218827177500,2361,1823,2271,2342,2380,2141
4744218827595500,2362,1825,2273,2341,2378,2138
4744218827915200,2361,1824,2273,2341,2378,2140
4744218827982400,2362,1824,2273,2341,2377,2212
4744218828055700,2362,1822,2272,2341,2529,2140
4744218828103300,2360,1823,2273,2341,2380,2139
4744218828152000,2364,1823,2272,2342,2379,2140
4744218828200800,2361,1824,2273,2341,2379,2142
4744218828249000,2362,1823,2272,2342,2379,2138
4744218828547800,2360,1822,2272,2489,2379,2140
4744218828627200,2362,1824,2272,2342,2380,2140
4744218828725600,2362,1834,2272,2342,2380,2140
4744218828822800,2364,1823,2272,2340,2378,2139
4744218828942700,2360,1824,2261,2340,2378,2140
4744218829193900,2359,1824,2273,2342,2377,2140
4744218829269300,2362,1824,2273,2340,2400,2141
4744218829340600,2362,1825,2284,2342,2380,2139
4744218829420300,2360,1824,2274,2341,2381,2139
4744218829509000,2362,1823,2272,2341,2363,2127
4744218829581700,2362,1825,2272,2342,2380,2141
4744218829660400,2360,1824,2272,2340,2423,2140
4744218829721200,2361,1823,2271,2341,2380,2140
4744218829795600,2358,1823,2273,2342,2378,2140
4744218829864600,2362,1824,2272,2341,2380,2141
4744218829952400,2361,1823,2275,2342,2380,2141
4744218830010700,2359,1821,2273,2341,2380,2140
4744218830057400,2361,1823,2269,2341,2380,2140
4744218830116200,2361,1854,2274,2343,2380,2142
4744218830174500,2362,1674,2273,2342,2399,2139
4744218830354200,2362,1823,2273,2341,2380,2140
4744218830418700,2361,1825,2274,2343,2380,2141
4744218830482800,2360,1825,2272,2342,2379,2141
4744218830536900,2360,1824,2274,2341,2379,2203
4744218830588700,2361,1824,2288,2342,2377,2140
4744218830758700,2361,1824,2272,2342,2379,2139
4744218830823900,2362,1823,2273,2341,2379,2142
4744218830882200,2364,1824,2272,2344,2380,2139
4744218830931700,2362,1818,2274,2341,2380,2193
4744218830983100,2363,1823,2273,2341,2380,2141
4744218831132200,2361,1825,2274,2341,2389,2142
4744218831218300,2360,1823,2274,2342,2380,2141
4744218831274700,2360,1824,2278,2340,2378,2149
4744218831423500,2362,1824,2272,2341,2379,2140
4744218831493500,2361,1823,2273,2342,2425,2141
4744218831664400,2357,1823,2272,2348,2380,2141
4744218831729400,2361,1833,2275,2342,2382,2141
4744218831786300,2358,1822,2275,2341,2377,2141
4744218831839100,2361,1823,2273,2341,2380,2140
4744218831893600,2361,1825,2273,2340,2380,2141
4744218831956200,2361,1823,2273,2341,2378,2140
4744218832010300,2360,1824,2274,2343,2379,2141
4744218832065300,2360,1878,2274,2342,2380,2184
4744218832122000,2399,1823,2273,2344,2123,2141
4744218832193200,2360,1823,2271,2344,2382,2141
4744218832245500,2360,1821,2301,2343,2380,2140
4744218832299200,2362,1823,2274,2343,2379,2140
4744218832353400,2359,1824,2273,2342,2381,2140
4744218832404200,2359,1824,2275,2342,2381,2142
4744218832472800,2361,1822,2278,2343,2378,2140
4744218832524400,2482,1825,2273,2343,2381,2140
4744218832582400,2359,1824,2274,2343,2378,2140
4744218832635000,2360,1824,2274,2342,2378,2135
4744218832689700,2361,1825,2275,2342,2379,2140
4744218832741300,2362,1824,2274,2342,2379,2141
4744218832792500,2361,1824,2274,2342,2378,2140
4744218832846300,2360,1823,2273,2342,2382,2140
4744218832899000,2361,1825,2273,2340,2376,2211
4744218832949800,2360,1823,2272,2341,2533,2141
4744218833763600,2358,1824,2273,2342,2380,2140
4744218833849900,2363,1791,2272,2342,2380,2140
4744218833941400,2359,1823,2275,2343,2379,2140
4744218834114600,2360,1824,2275,2342,2380,2141
4744218834422600,2362,1821,2274,2492,2379,2140
4744218834539400,2362,1823,2273,2342,2380,2140
4744218834636700,2358,1834,2273,2341,2380,2140
4744218834719800,2363,1823,2273,2344,2380,2141
4744218834792700,2360,1823,2261,2342,2380,2140
4744218834847700,2361,1823,2274,2342,2379,2140
4744218834903700,2360,1823,2271,2340,2400,2140
4744218834975300,2360,1823,2276,2343,2379,2140
4744218835031600,2361,1823,2274,2343,2380,2139
4744218835089400,2361,1824,2272,2341,2362,2127
4744218835143700,2361,1827,2273,2342,2380,2141
4744218835195000,2361,1823,2273,2342,2424,2139
4744218835247600,2361,1824,2273,2342,2380,2140
4744218835297500,2361,1823,2274,2340,2379,2140
4744218835345400,2361,1825,2273,2341,2364,2141
4744218835398500,2361,1825,2284,2344,2380,2141
4744218835449200,2362,1824,2274,2342,2380,2141
4744218835628200,2362,1824,2272,2342,2380,2139
4744218835745500,2361,1854,2274,2342,2380,2141
4744218835838700,2361,1675,2273,2341,2408,2139
4744218835904700,2362,1824,2274,2343,2380,2139
4744218835987400,2359,1823,2274,2343,2379,2140
4744218836053300,2361,1824,2272,2344,2380,2139
4744218836124500,2360,1824,2273,2342,2380,2197
4744218836254800,2359,1825,2290,2341,2378,2140
4744218836306000,2359,1824,2273,2343,2380,2141
4744218836356500,2361,1824,2274,2342,2379,2141
4744218836433500,2364,1826,2272,2342,2381,2140
4744218836482600,2361,1824,2274,2341,2380,2196
4744218836539600,2363,1823,2272,2343,2380,2139
4744218836616000,2362,1825,2273,2342,2382,2140
4744218836666500,2361,1823,2273,2343,2380,2142
4744218836715400,2361,1825,2278,2342,2378,2149
4744218836768600,2362,1824,2273,2343,2378,2141
4744218836834700,2362,1823,2275,2341,2429,2140
4744218836901000,2356,1826,2274,2348,2379,2141
4744218836957000,2362,1825,2275,2342,2380,2140
4744218837006500,2359,1822,2273,2342,2380,2140
4744218837058000,2362,1824,2276,2344,2380,2140
4744218837113600,2361,1824,2273,2341,2381,2141
4744218837166500,2361,1822,2275,2342,2381,2141
4744218837217800,2360,1825,2274,2343,2380,2139
4744218837271700,2361,1878,2275,2342,2380,2189
4744218837380800,2398,1823,2273,2344,2122,2141
4744218837436500,2361,1825,2272,2344,2382,2140
4744218837491600,2360,1822,2301,2343,2380,2140
4744218837544300,2360,1824,2273,2344,2380,2141
4744218837597000,2362,1824,2272,2341,2379,2139
4744218837648700,2362,1824,2274,2341,2382,2140
4744218837847900,2361,1824,2278,2343,2379,2140
4744218838280400,2484,1824,2274,2342,2380,2141
4744218838387200,2360,1824,2274,2342,2380,2140
4744218838469900,2359,1825,2274,2342,2378,2135
4744218838653900,2359,1824,2272,2342,2381,2141
4744218838968500,2362,1824,2274,2342,2380,2141
4744218839064100,2361,1824,2273,2343,2378,2139
4744218839152600,2359,1824,2273,2342,2380,2140
4744218839326300,2360,1824,2273,2342,2378,2212
4744218839434000,2361,1824,2273,2342,2533,2140
4744218839502500,2361,1825,2274,2343,2380,2140
4744218839576100,2361,1791,2272,2344,2380,2140
4744218839651400,2359,1823,2275,2341,2380,2140
4744218839733200,2362,1823,2273,2342,2379,2139
4744218839787400,2360,1825,2274,2494,2379,2140
4744218839853600,2358,1824,2273,2342,2380,2139
4744218839911200,2361,1835,2273,2342,2382,2141
4744218839977900,2362,1823,2272,2344,2380,2140
4744218840079300,2360,1822,2258,2343,2381,2140
4744218840150300,2359,1824,2273,2344,2378,2139
4744218840211000,2359,1823,2271,2340,2403,2141
4744218840273000,2362,1823,2276,2342,2379,2140
4744218840329400,2360,1823,2273,2342,2380,2141
4744218840384800,2360,1823,2273,2340,2362,2127
4744218840439000,2359,1826,2274,2342,2380,2141
4744218840494000,2361,1824,2272,2342,2428,2141
4744218840567200,2362,1824,2273,2342,2381,2141
4744218840639200,2360,1824,2273,2342,2378,2140
4744218840703900,2360,1824,2273,2343,2364,2140
4744218840766200,2362,1823,2274,2344,2378,2140
4744218840827400,2361,1825,2274,2343,2379,2140
4744218840882300,2360,1823,2273,2342,2379,2139
4744218840941200,2360,1854,2274,2342,2381,2390
4744218841001500,2360,1676,2273,2342,2408,2141
4744218841058500,2360,1821,2275,2344,2380,2140
4744218841114500,2359,1824,2273,2342,2379,2140
4744218841171600,2361,1824,2273,2342,2383,2141
4744218841228100,2360,1823,2273,2343,2380,2197
4744218841282200,2360,1822,2291,2344,2378,2140
4744218841332400,2362,1823,2274,2345,2380,2140
4744218841385300,2360,1824,2273,2343,2380,2141
4744218841504200,2365,1823,2272,2344,2379,2141
4744218841771200,2361,1824,2274,2343,2378,2196
4744218841858700,2362,1824,2274,2344,2380,2139
4744218841949000,2360,1824,2274,2343,2388,2141
4744218842034500,2358,1825,2273,2343,2380,2139
4744218842126600,2361,1825,2278,2343,2378,2149
4744218842204600,2359,1824,2273,2343,2378,2140
4744218842268100,2360,1824,2274,2343,2428,2140
4744218842372100,2358,1823,2273,2350,2380,2141
4744218842548200,2360,1825,2274,2345,2380,2140
4744218842649900,2359,1822,2274,2344,2378,2141
4744218842736200,2360,1825,2274,2345,2379,2139
4744218842997800,2360,1825,2273,2342,2380,2141
4744218843076800,2360,1824,2274,2343,2380,2140
4744218843185600,2361,1823,2274,2346,2381,2139
4744218843282000,2362,1886,2274,2344,2380,2188
4744218843373500,2398,1823,2272,2344,2124,2141
4744218843472400,2362,1823,2273,2346,2380,2138
4744218843562800,2360,1823,2301,2343,2380,2140
4744218843625300,2361,1824,2273,2345,2381,2140
4744218843859400,2359,1825,2273,2344,2382,2139
4744218843919800,2361,1823,2273,2344,2379,2141
4744218843978000,2360,1824,2278,2343,2379,2140
4744218844050200,2484,1823,2274,2340,2380,2140
4744218844111100,2358,1825,2276,2344,2377,2140
4744218844193800,2360,1825,2273,2345,2382,2139
4744218844433500,2360,1826,2274,2343,2380,2141
4744218844520600,2360,1824,2274,2344,2379,2140
4744218844594900,2363,1823,2272,2344,2379,2141
4744218844650800,2361,1822,2274,2344,2380,2140
4744218844725700,2361,1824,2273,2344,2377,2214
4744218844788500,2360,1824,2273,2343,2533,2141
4744218844840500,2357,1822,2275,2344,2379,2138
4744218844891300,2363,1791,2272,2344,2380,2140
4744218844948000,2360,1825,2275,2344,2379,2140
4744218845004100,2362,1824,2274,2344,2380,2139
4744218845062300,2362,1823,2275,2495,2381,2140
4744218845126000,2361,1824,2273,2343,2379,2140
4744218845190100,2360,1836,2273,2344,2382,2140
4744218845252400,2361,1825,2272,2346,2380,2140
4744218845307000,2361,1824,2260,2343,2379,2139
4744218845369600,2361,1822,2274,2342,2379,2140
4744218845427900,2359,1825,2272,2344,2379,2140
4744218845483400,2361,1824,2284,2345,2379,2140
4744218845554200,2360,1824,2274,2342,2379,2140
4744218845610500,2361,1825,2273,2343,2361,2127
4744218845663000,2359,1825,2274,2347,2380,2141
4744218845724100,2359,1824,2274,2344,2416,2139
4744218845781600,2360,1824,2275,2343,2380,2140
4744218845839800,2361,1822,2274,2344,2380,2140
4744218845901800,2362,1825,2273,2342,2363,2139
4744218845961000,2359,1824,2282,2346,2380,2140
4744218846027100,2361,1823,2274,2343,2380,2140
4744218846090300,2361,1823,2273,2344,2378,2139
4744218846149500,2360,1854,2275,2344,2381,2412
4744218846212900,2361,1675,2273,2344,2409,2140
4744218846272800,2360,1824,2274,2344,2379,2139
4744218846333400,2361,1823,2273,2344,2380,2140
4744218846392700,2360,1824,2274,2344,2429,2139
4744218846448900,2361,1822,2274,2343,2380,2200
4744218846509600,2362,1824,2286,2344,2379,2140
4744218846570100,2360,1824,2273,2344,2380,2139
4744218846653300,2360,1824,2273,2344,2379,2141
4744218846709400,2366,1823,2272,2345,2379,2140
4744218846763500,2361,1824,2275,2342,2376,2196
4744218846815900,2361,1825,2273,2344,2380,2139
4744218846868500,2359,1825,2274,2344,2392,2140
4744218846919000,2363,1824,2273,2344,2380,2142
4744218846969400,2362,1823,2278,2343,2378,2151
4744218847025000,2362,1824,2274,2344,2378,2140
4744218847079500,2360,1824,2274,2344,2429,2141
4744218847129600,2358,1821,2272,2352,2381,2140
4744218847179700,2359,1833,2274,2344,2380,2140
4744218847230200,2359,1824,2274,2344,2378,2141
4744218847283500,2361,1824,2274,2345,2379,2140
4744218847339000,2360,1824,2274,2344,2380,2140
4744218847401500,2362,1824,2274,2344,2380,2139
4744218847460200,2362,1824,2275,2344,2379,2140
4744218847740500,2362,1876,2275,2344,2380,2188
4744218847827900,2394,1824,2272,2344,2124,2142
4744218847923100,2362,1823,2273,2346,2381,2139
4744218847994500,2359,1822,2301,2343,2378,2141
4744218848079400,2359,1824,2273,2346,2379,2138
4744218848184200,2359,1824,2274,2344,2379,2141
4744218848410700,2361,1823,2275,2344,2381,2140
4744218848509600,2361,1824,2278,2344,2379,2139
4744219389831600,2485,1822,2274,2345,2379,2139
4744219390061500,2358,1825,2276,2344,2381,2139
4744219390188000,2359,1824,2273,2345,2380,2139
4744219390324000,2361,1825,2273,2344,2378,2141
4744219390690400,2359,1826,2274,2344,2377,2140
4744219390852900,2361,1824,2274,2345,2377,2144
4744219390955700,2360,1822,2272,2344,2380,2138
4744219391073800,2359,1824,2273,2342,2378,2214
4744219391161700,2361,1822,2273,2344,2532,2141
4744219391234500,2360,1825,2273,2343,2380,2140
4744219391291600,2360,1825,2272,2344,2377,2140
4744219391435100,2361,1824,2274,2345,2377,2139
4744219391578200,2360,1824,2274,2344,2378,2137
4744219391727400,2360,1824,2276,2498,2380,2141
4744219391820800,2362,1826,2273,2343,2380,2140
4744219391907500,2359,1836,2274,2344,2381,2141
4744219391976100,2361,1822,2273,2345,2378,2141
4744219392058300,2360,1823,2259,2345,2382,2138
4744219392136400,2361,1823,2274,2345,2378,2140
4744219392362700,2360,1823,2273,2344,2402,2140
4744219392457300,2361,1823,2278,2344,2379,2140
4744219392543200,2359,1824,2274,2343,2379,2140
4744219392646200,2360,1823,2274,2344,2511,2127
4744219392736300,2360,1826,2273,2344,2382,2141
4744219392813500,2362,1823,2273,2344,2427,2140
4744219393000500,2360,1824,2274,2344,2380,2140
4744219393094200,2358,1820,2274,2346,2378,2139
4744219393190000,2360,1824,2274,2344,2426,2139
4744219393302500,2361,1824,2282,2344,2378,2140
4744219393421500,2361,1824,2274,2343,2378,2140
4744219393523300,2360,1825,2273,2345,2380,2139
4744219393610200,2359,1852,2274,2341,2381,2397
4744219393732900,2362,1675,2274,2344,2409,2140
4744219393837300,2360,1823,2274,2344,2378,2140
4744219393943200,2360,1824,2274,2344,2378,2140
4744219394067400,2359,1825,2273,2344,2384,2140
4744219394139800,2362,1823,2274,2343,2380,2202
4744219394211200,2360,1823,2292,2346,2379,2139
4744219394285600,2360,1824,2273,2345,2381,2140
4744219394359300,2358,1822,2274,2345,2380,2141
4744219394431600,2365,1823,2273,2344,2379,2140
4744219394506900,2362,1825,2274,2344,2377,2201
4744219394594400,2361,1824,2273,2345,2379,2142
4744219394746100,2360,1825,2273,2345,2383,2139
4744219394886700,2361,1824,2274,2344,2381,2139
4744219394988200,2361,1824,2276,2344,2377,2150
4744219395102100,2359,1822,2274,2344,2377,2139
4744219395220400,2361,1825,2273,2345,2427,2140
4744219395314200,2359,1824,2272,2349,2378,2140
4744219395618500,2362,1824,2274,2344,2380,2140
4744219395775100,2361,1824,2274,2344,2380,2142
4744219395940500,2360,1823,2272,2345,2380,2140
4744219396096900,2359,1825,2273,2342,2379,2141
4744219396194900,2360,1824,2274,2345,2381,2140
4744219396316100,2360,1824,2274,2346,2380,2139
4744219396409500,2360,1882,2275,2344,2381,2210
4744219396517400,2398,1823,2273,2344,2123,2140
4744219396635900,2359,1823,2272,2346,2382,2140
4744219396792400,2360,1823,2300,2345,2380,2140
4744219396942200,2360,1824,2273,2343,2378,2141
4744219397128700,2361,1824,2274,2345,2380,2137
4744219397259800,2359,1823,2275,2344,2380,2140
4744219397474900,2360,1824,2277,2343,2379,2140
4744219397672700,2483,1823,2274,2346,2380,2140
4744219397834600,2360,1825,2273,2345,2380,2140
4744219397972500,2360,1824,2274,2345,2379,2135
4744219398424300,2360,1825,2274,2344,2380,2140
4744219398575300,2360,1824,2274,2344,2378,2141
4744219398730900,2361,1825,2274,2344,2378,2142
4744219398879800,2361,1824,2274,2344,2379,2139
4744219399034700,2360,1824,2273,2344,2379,2214
4744219399225800,2361,1824,2273,2344,2535,2141
4744219399384700,2360,1823,2273,2345,2380,2138
4744219399530400,2362,1791,2272,2345,2378,2139
4744219399620600,2361,1824,2275,2345,2380,2139
4744219399753200,2360,1824,2274,2345,2380,2138
4744219399883200,2362,1823,2275,2494,2380,2140
4744219399985300,2359,1824,2273,2344,2380,2138
4744219400095100,2362,1835,2272,2344,2381,2140
4744219400247500,2361,1824,2273,2344,2379,2139
4744219400365600,2360,1822,2259,2345,2380,2140
4744219400554500,2361,1823,2273,2343,2379,2140
4744219400694100,2359,1825,2272,2342,2382,2142
4744219400764200,2362,1824,2285,2347,2379,2139
4744219400872900,2359,1823,2274,2345,2379,2140
4744219400957300,2363,1825,2272,2344,2500,2127
4744219401142400,2362,1825,2274,2345,2380,2141
4744219401276000,2360,1825,2273,2344,2426,2138
4744219401382200,2360,1824,2274,2345,2380,2140
4744219401486100,2359,1822,2275,2346,2378,2139
4744219401577200,2361,1824,2274,2343,2428,2140
4744219401638000,2361,1822,2277,2345,2379,2141
4744219401752200,2360,1823,2274,2344,2378,2141
4744219401894300,2362,1823,2273,2346,2381,2139
4744219402000200,2361,1853,2275,2344,2378,2141
4744219402090000,2361,1675,2274,2344,2410,2140
4744219402183000,2361,1822,2275,2346,2380,2139
4744219402261200,2361,1824,2274,2343,2380,2140
4744219402447000,2361,1824,2272,2344,2379,2141
4744219402586900,2360,1825,2274,2343,2380,2199
4744219402701400,2361,1823,2290,2343,2379,2139
4744219402791500,2360,1824,2273,2344,2379,2139
4744219402888800,2360,1823,2274,2344,2379,2141
4744219403001000,2364,1822,2272,2345,2379,2140
4744219403100400,2357,1824,2276,2344,2379,2202
4744219403167700,2363,1823,2274,2344,2380,2139
4744219403280000,2360,1825,2274,2345,2389,2141
4744219403366700,2360,1824,2273,2345,2380,2141
4744219403492700,2359,1824,2279,2345,2379,2151
4744219403611200,2360,1823,2275,2344,2380,2140
4744219403733700,2360,1825,2274,2344,2428,2139
4744219403826900,2358,1823,2274,2350,2383,2139
4744219403914400,2362,1823,2275,2344,2381,2141
4744219403992700,2359,1823,2274,2344,2379,2141
4744219404066400,2359,1824,2274,2346,2379,2140
4744219404156600,2362,1824,2273,2344,2380,2141
4744219404298600,2361,1824,2274,2345,2380,2140
4744219404439900,2360,1824,2274,2345,2378,2141
4744219404555500,2360,1883,2273,2345,2380,2188
4744219404669100,2397,1824,2273,2346,2122,2140
4744219404784500,2359,1823,2272,2346,2380,2139
4744219404872300,2360,1824,2299,2345,2383,2138
4744219405136700,2360,1824,2275,2345,2379,2139
4744219405281800,2361,1824,2273,2345,2381,2137
4744219405455500,2359,1824,2275,2344,2380,2140
4744219405623200,2359,1826,2276,2346,2379,2142
4744219405745700,2484,1824,2270,2346,2378,2139
4744219405934700,2360,1823,2273,2344,2380,2139
4744219406141400,2362,1822,2274,2346,2380,2135
4744219406376900,2361,1824,2274,2344,2380,2139
4744219406595700,2359,1825,2274,2345,2380,2139
4744219406807400,2361,1824,2274,2345,2377,2142
4744219406929000,2362,1822,2274,2345,2380,2141
4744219407174700,2361,1824,2275,2344,2380,2206
4744219407298000,2362,1824,2273,2344,2535,2141
4744219407468200,2361,1822,2274,2345,2381,2139
4744219407603400,2362,1791,2274,2345,2380,2140
4744219407691200,2360,1824,2275,2345,2378,2140
4744219407817000,2360,1824,2274,2344,2379,2140
4744219407946100,2362,1824,2274,2498,2379,2140
4744219408069000,2360,1822,2273,2344,2378,2139
4744219408188500,2361,1836,2272,2344,2382,2139
4744219408295600,2360,1823,2273,2346,2379,2139
4744219408417200,2360,1824,2260,2345,2379,2139
4744219408499600,2358,1823,2274,2344,2378,2140
4744219408559800,2358,1824,2273,2342,2404,2140
4744219408657100,2360,1824,2282,2345,2380,2139
4744219408757800,2360,1823,2274,2346,2381,2138
4744219408827900,2361,1825,2273,2344,2504,2127
4744219408889000,2360,1826,2274,2345,2379,2143
4744219409011900,2359,1824,2274,2342,2432,2139
4744219409163200,2361,1824,2273,2344,2379,2140
4744219409294400,2359,1824,2274,2345,2379,2137
4744219409392500,2362,1823,2274,2344,2423,2141
4744219409497600,2362,1825,2288,2346,2379,2140
4744219409594000,2359,1825,2274,2345,2378,2141
4744219409689500,2361,1823,2273,2344,2378,2140
4744219409807600,2359,1853,2275,2345,2381,2410
4744219410090300,2360,1675,2273,2345,2408,2140
4744219410224500,2361,1824,2274,2346,2379,2139
4744219410380200,2361,1825,2273,2345,2378,2140
4744219410492300,2360,1825,2273,2344,2384,2141
4744219410597800,2359,1824,2275,2345,2380,2195
4744219410728600,2359,1825,2287,2345,2380,2140
4744219410870900,2361,1821,2273,2345,2378,2140
4744219411043900,2361,1823,2274,2344,2379,2141
4744219411155800,2364,1824,2274,2346,2379,2141
4744219411269500,2362,1825,2274,2343,2380,2200
4744219411588900,2360,1822,2273,2344,2382,2138
4744219411804200,2360,1825,2274,2345,2390,2140
4744219411981900,2361,1826,2273,2344,2380,2140
4744219412253000,2360,1824,2279,2345,2376,2149
4744219412723300,2362,1825,2274,2345,2377,2141
4744219412923000,2364,1824,2274,2345,2423,2141
4744219413066400,2357,1823,2272,2352,2380,2141
4744219413355700,2359,1833,2274,2345,2381,2140
4744219413525000,2359,1823,2274,2344,2378,2142
4744219413637600,2359,1824,2272,2346,2379,2140
4744219413738100,2360,1824,2273,2345,2378,2142
4744219413867700,2359,1824,2273,2345,2378,2140
4744219413975600,2359,1824,2274,2347,2380,2140
4744219414080200,2360,1879,2275,2344,2380,2186
4744219414183600,2394,1824,2273,2346,2121,2140
4744219414410600,2363,1823,2272,2346,2381,2140
4744219414527400,2360,1822,2300,2346,2380,2139
4744219414837400,2362,1823,2273,2347,2380,2140
4744219415039200,2359,1824,2273,2345,2381,2137
4744219420777900,2359,1824,2275,2345,2380,2140
4744219421156800,2362,1823,2277,2345,2379,2139
4744219421338800,2481,1823,2274,2346,2379,2140
