Time_Sec,CH0-ThumbLow,CH1-ThumbUp,CH2-Pointer,CH3-Middle,CH4-Ring,CH5-Pinky
4744185671552400,2426,1860,1991,1938,2137,2167
4744185671871700,2296,1862,1992,1937,2133,2165
4744185672335800,2301,1859,1992,1937,2132,2166
4744185672598900,2300,1859,1992,1936,2136,2166
4744185672686100,2300,1861,1990,1936,2134,2165
4744185672870800,2300,1863,1992,1936,2134,2168
4744185673181400,2297,1861,1990,1939,2132,2167
4744185673420000,2298,1861,1992,1936,2136,2213
4744185673648200,2298,1860,1989,1937,2286,2168
4744185673719500,2302,1860,1992,1937,2136,2166
4744185673975900,2299,1862,1991,1936,2136,2166
4744185674065900,2298,1861,1993,1937,2135,2165
4744185674331800,2298,1861,1991,1938,2134,2167
4744185674435800,2301,1858,1992,1937,2135,2166
4744185674752700,2301,1858,1991,1936,2136,2166
4744185674817400,2298,1868,1991,1936,2135,2166
4744185674862300,2298,1860,1990,1937,2134,2167
4744185674907200,2298,1859,1991,1937,2134,2168
4744185674950900,2302,1860,1992,1958,2135,2165
4744185674999300,2297,1859,1990,1936,2135,2166
4744185675047200,2298,1861,2002,1938,2134,2168
4744185675103700,2297,1861,1992,1938,2136,2166
4744185675151400,2299,1863,1990,1938,2134,2166
4744185675196400,2299,1863,1993,1938,2133,2169
4744185675257000,2296,1861,1990,1939,2154,2166
4744185675308600,2297,1858,1991,1936,2136,2167
4744185675361100,2300,1859,1991,1938,2138,2165
4744185675412600,2298,1861,1991,1936,2135,2166
4744185675472700,2299,1861,2002,1937,2133,2166
4744185675535000,2300,1861,1991,1937,2136,2171
4744185675591700,2300,1859,1992,1937,2135,2166
4744185675845500,2299,1882,1992,1936,2139,2356
4744185675928500,2299,1708,1992,1937,2148,2165
4744185676029900,2299,1860,1992,1937,2136,2166
4744185676250500,2299,1860,1991,1938,2134,2167
4744185676421300,2299,1862,1991,1936,2137,2167
4744185676523400,2301,1859,1993,1936,2137,2199
4744185676607700,2300,1861,2001,1938,2134,2169
4744185677053400,2298,1860,1991,1938,2133,2167
4744185677420500,2300,1861,1990,1937,2136,2168
4744185677571600,2300,1859,1990,1938,2135,2167
4744185677648900,2298,1862,1990,1937,2134,2200
4744185677783700,2301,1861,1990,1938,2134,2166
4744185678070100,2299,1861,1991,1937,2136,2169
4744185678228400,2298,1862,1992,1937,2136,2166
4744185678546800,2300,1860,1988,1936,2134,2169
4744185678804900,2299,1859,1992,1938,2135,2169
4744185678951900,2297,1860,1992,1938,2131,2166
4744185679041200,2298,1861,1992,1938,2134,2167
4744185679296800,2297,1864,1990,1937,2136,2166
4744185679668400,2298,1860,1993,1937,2132,2214
4744185679755600,2297,1861,1989,1936,2136,2168
4744185680074000,2299,1861,1990,1938,2136,2167
4744185680152900,2301,1861,1991,1937,2134,2168
4744185680212100,2300,1860,1991,1938,2137,2166
4744185680266200,2300,1887,1992,1936,2137,2165
4744185680334600,2326,1860,1991,1938,1879,2165
4744185680515200,2298,1860,1991,1938,2135,2166
4744185680644000,2292,1855,2013,1936,2147,2168
4744185680730600,2293,1849,2001,1936,2138,2177
4744185680802600,2291,1850,1999,1936,2146,2151
4744185680868400,2299,1851,1992,1938,2143,2168
4744185680981400,2296,1851,2004,1937,2143,2179
4744185681076700,2417,1858,1987,1940,2123,2184
4744185681145600,2297,1870,1982,1938,2137,2152
4744185681207400,2293,1851,1999,1938,2129,2180
4744185681588700,2304,1875,1980,1936,2137,2151
4744185682031700,2305,1867,1984,1936,2121,2176
4744185682150900,2302,1872,1985,1939,2136,2150
4744185682247000,2304,1872,1982,1936,2122,2181
4744185682315800,2290,1851,1993,1938,2149,2200
4744185682391700,2292,1852,1992,1938,2273,2175
4744185682459000,2305,1861,1997,1935,2150,2154
4744185682854300,2299,1855,2001,1936,2139,2176
4744185683067000,2300,1869,1999,1937,2125,2183
4744185683165700,2302,1858,1986,1937,2148,2150
4744185683349400,2299,1873,1985,1936,2145,2150
4744185683464100,2294,1848,1997,1937,2139,2174
4744185683563900,2299,1868,1992,1938,2133,2167
4744185683640700,2301,1859,1990,1938,2136,2168
4744185683709800,2300,1860,1992,1937,2133,2166
4744185683789700,2299,1859,1990,1938,2134,2165
4744185683862500,2300,1860,1990,1937,2134,2167
4744185683928800,2298,1862,2001,1937,2134,2166
4744185683993300,2300,1862,1993,1939,2137,2167
4744185684062500,2298,1860,1991,1936,2135,2165
4744185684165600,2301,1862,1991,1936,2135,2168
4744185684237000,2296,1861,1991,1940,2158,2167
4744185684353900,2297,1860,1993,1937,2138,2166
4744185684434100,2297,1859,1992,1937,2135,2166
4744185684520900,2297,1861,1990,1936,2174,2166
4744185684602600,2300,1861,2002,1935,2135,2165
4744185684677500,2299,1860,1990,1937,2134,2166
4744185684738500,2300,1860,1989,1938,2138,2165
4744185684856500,2298,1883,1992,1936,2136,2167
4744185684929800,2298,1709,1991,1938,2145,2165
4744185685002200,2298,1859,1991,1938,2138,2167
4744185685086600,2296,1863,1992,1938,2132,2166
4744185685156800,2298,1861,1990,1936,2148,2166
4744185685218700,2300,1861,1992,1937,2135,2196
4744185685279100,2300,1860,2002,1938,2135,2170
4744185685347000,2300,1860,1990,1938,2135,2166
4744185685432100,2296,1862,1991,1937,2136,2166
4744185685505000,2302,1861,1991,1938,2135,2167
4744185685582800,2299,1860,1992,1936,2134,2207
4744185685654800,2300,1861,1991,1937,2135,2168
4744185685814900,2297,1861,1991,1937,2136,2168
4744185685927000,2297,1861,1990,1932,2136,2165
4744185686005700,2299,1861,1988,1937,2134,2165
4744185686096800,2299,1858,1992,1937,2133,2165
4744185686232200,2300,1860,1993,1938,2132,2166
4744185686351700,2296,1860,1992,1936,2134,2167
4744185686468100,2300,1861,1993,1936,2136,2167
4744185686572000,2298,1860,1991,1939,2133,2202
4744185686700500,2300,1862,1989,1938,2136,2167
4744185686999500,2299,1860,1991,1942,2138,2165
4744185687102000,2300,1861,1992,1936,2135,2165
4744185687192200,2297,1860,1992,1939,2131,2167
4744185687271800,2300,1887,1991,1938,2136,2168
4744185687343700,2326,1860,1992,1938,1874,2165
4744185687408900,2300,1859,1991,1938,2136,2166
4744185687469800,2298,1860,2004,1938,2136,2166
4744185687558400,2298,1861,1991,1937,2134,2167
4744185687644200,2300,1860,1991,1938,2136,2166
4744185687756500,2298,1861,1992,1938,2136,2165
4744185687828800,2298,1860,1995,1936,2135,2167
4744185687885100,2422,1860,1992,1938,2133,2166
4744185687946500,2298,1862,1991,1938,2134,2166
4744185688038100,2298,1859,1991,1939,2136,2165
4744185688285200,2298,1859,1991,1938,2133,2166
4744185688355000,2298,1861,1992,1937,2119,2167
4744185688420000,2300,1861,1992,1937,2135,2166
4744185688480200,2297,1859,1992,1937,2134,2165
4744185688542200,2300,1860,1990,1936,2133,2212
4744185688609000,2299,1859,1990,1938,2285,2167
4744185688670000,2300,1860,1993,1937,2136,2167
4744185688761700,2298,1861,1990,1940,2135,2165
4744185688836700,2299,1861,1994,1937,2140,2166
4744185688895800,2300,1861,1991,1937,2135,2168
4744185688957000,2300,1860,1992,1937,2135,2165
4744185689020000,2299,1860,1991,1936,2134,2165
4744185689086900,2299,1865,1991,1938,2135,2168
4744185689148400,2299,1861,1990,1936,2137,2165
4744185689226200,2298,1861,1991,1937,2136,2166
4744185689290400,2300,1859,1992,1940,2135,2166
4744185689371100,2299,1864,1991,1937,2150,2167
4744185689548700,2300,1859,2000,1938,2135,2167
4744185689632200,2301,1860,1992,1939,2134,2164
4744185689703800,2299,1861,1991,1936,2134,2166
4744185689770700,2300,1861,1991,1936,2135,2168
4744185689839500,2298,1860,1990,1938,2158,2165
4744185689915700,2296,1862,1991,1937,2136,2165
4744185689983700,2296,1859,1991,1937,2134,2164
4744185690045800,2299,1861,1991,1937,2134,2164
4744185690116400,2298,1861,2003,1939,2136,2167
4744185690193900,2298,1861,1992,1937,2134,2166
4744185690294200,2300,1861,1992,1938,2137,2165
4744185690370600,2299,1884,1992,1936,2136,2167
4744185690438400,2296,1709,1991,1937,2145,2167
4744185690510200,2300,1859,1992,1938,2136,2167
4744185690584700,2298,1862,1992,1936,2133,2165
4744185690685900,2299,1861,1991,1937,2135,2167
4744185690838700,2298,1860,1993,1938,2134,2198
4744185690971300,2300,1860,2002,1939,2135,2170
4744185691301400,2300,1860,1991,1937,2135,2167
4744185691393100,2297,1861,1991,1938,2134,2168
4744185691475300,2300,1861,1990,1936,2135,2167
4744185691563900,2300,1860,1992,1936,2134,2204
4744185691682000,2300,1861,1991,1940,2135,2166
4744185691821300,2298,1860,1991,1937,2136,2169
4744185692267200,2298,1862,1992,1938,2135,2166
4744185692379000,2299,1859,1989,1938,2135,2166
4744185692454000,2298,1858,1992,1938,2136,2166
4744185692544000,2298,1859,1992,1937,2131,2166
4744185692621200,2296,1862,1990,1938,2141,2167
4744185692687800,2300,1861,1991,1937,2136,2166
4744185692811600,2300,1860,1991,1937,2136,2202
4744185692880400,2301,1860,1990,1938,2134,2167
4744185692984000,2300,1861,1992,1938,2136,2167
4744185693063600,2299,1861,1991,1937,2134,2165
4744185693127000,2299,1860,1992,1939,2137,2167
4744185693202100,2298,1892,1992,1939,2134,2168
4744185693309100,2321,1861,1989,1938,1878,2165
4744185693392300,2301,1860,1991,1939,2135,2166
4744185693466800,2300,1859,2003,1937,2135,2167
4744185693558300,2298,1861,1989,1938,2135,2166
4744185693625700,2300,1860,1991,1938,2136,2166
4744185693794700,2299,1860,1992,1937,2136,2166
4744185693879300,2298,1860,1994,1937,2135,2164
4744185693970000,2424,1862,1992,1937,2134,2165
4744185694065000,2297,1860,1991,1938,2134,2166
4744185694143600,2300,1860,1991,1937,2135,2165
4744185694220400,2298,1860,1991,1936,2136,2168
4744185694298600,2298,1860,1991,1937,2136,2166
4744185694382900,2297,1862,1992,1937,2133,2165
4744185694465300,2298,1860,1991,1936,2136,2167
4744185694544800,2300,1862,1992,1937,2133,2213
4744185694652100,2297,1862,1990,1938,2284,2166
4744185694802200,2296,1861,1992,1936,2135,2165
4744185694905300,2300,1861,1991,1940,2134,2166
4744185695014400,2298,1861,1993,1937,2135,2167
4744185695135600,2299,1861,1991,1940,2137,2165
4744185695247500,2300,1859,1991,1937,2134,2166
4744185695328400,2300,1861,1991,1938,2117,2167
4744185695403000,2298,1868,1991,1938,2136,2167
4744185695491000,2300,1861,1990,1937,2136,2168
4744185695601600,2298,1861,1991,1939,2134,2168
4744185695682700,2299,1859,1990,1938,2133,2165
4744185695762400,2299,1861,1991,1936,2151,2167
4744185695861700,2300,1862,2000,1938,2136,2166
4744185695955800,2302,1861,1992,1938,2138,2166
4744185696049200,2300,1862,1991,1936,2136,2166
4744185696133800,2298,1862,1992,1939,2135,2169
4744185696344400,2298,1860,1992,1938,2158,2167
4744185696444200,2301,1861,1991,1937,2140,2167
4744185696520200,2299,1860,1992,1938,2134,2168
4744185696628500,2300,1860,1990,1936,2170,2167
4744185696742800,2300,1860,2001,1936,2135,2166
4744185696859800,2298,1862,1991,1937,2133,2167
4744185696950100,2301,1860,1989,1938,2136,2167
4744185697065800,2297,1884,1992,1937,2135,2349
4744185697245000,2298,1710,1990,1937,2148,2166
4744185697661400,2301,1860,1991,1938,2137,2166
4744185697802000,2300,1860,1992,1936,2133,2165
4744185697917100,2297,1861,1990,1937,2147,2166
4744185698033300,2298,1859,1992,1936,2134,2199
4744185698149400,2299,1861,2002,1938,2134,2169
4744185698236400,2299,1859,1991,1938,2135,2167
4744185698336300,2299,1860,1993,1937,2135,2168
4744185698426900,2301,1860,1991,1937,2135,2167
4744185698499700,2297,1860,1992,1937,2134,2205
4744185698592900,2299,1860,1992,1938,2137,2165
4744185698693500,2297,1861,1991,1937,2135,2168
4744185699010700,2298,1861,1991,1937,2136,2167
4744185699299200,2297,1861,1989,1935,2133,2167
4744185699425300,2297,1860,1991,1937,2136,2166
4744185699508300,2299,1861,1992,1937,2133,2167
4744185699601400,2298,1861,1990,1936,2137,2166
4744185699703000,2299,1865,1992,1937,2136,2166
4744185699783200,2298,1862,1991,1937,2134,2202
4744185699850400,2298,1860,1989,1937,2135,2166
4744185700239500,2300,1860,1990,1937,2133,2167
4744185700331200,2297,1860,1992,1938,2134,2165
4744185700419900,2298,1860,1992,1937,2131,2166
4744185700520300,2298,1881,1992,1937,2136,2166
4744185700637700,2322,1860,1990,1938,1878,2165
4744185700731100,2299,1860,1992,1938,2137,2166
4744185700809800,2298,1861,2002,1937,2137,2166
4744185700879800,2298,1862,1991,1939,2133,2167
4744185700950300,2299,1860,1991,1936,2135,2166
4744185701043600,2297,1859,1992,1936,2136,2166
4744185701117200,2300,1861,1995,1935,2135,2166
4744185701182200,2424,1860,1992,1938,2135,2166
4744185701291200,2297,1862,1991,1938,2135,2167
4744185701556500,2299,1861,1991,1938,2136,2165
4744185701684200,2299,1862,1992,1934,2136,2166
4744185701781900,2297,1860,1991,1937,2134,2167
4744185701929300,2301,1859,1992,1936,2134,2167
4744185702027700,2296,1860,1993,1936,2137,2166
4744185702158200,2297,1860,1992,1936,2134,2212
4744185702392700,2298,1859,1990,1938,2287,2167
4744185702466300,2299,1860,1992,1937,2136,2167
4744185702575900,2300,1861,1991,1938,2134,2167
4744185702683900,2298,1861,1993,1937,2135,2166
4744185702761900,2297,1862,1991,1938,2136,2166
4744185702835600,2298,1859,1992,1937,2136,2166
4744185702950600,2300,1860,1991,1938,2118,2166
4744185703050600,2300,1864,1991,1937,2135,2166
4744185703135900,2299,1859,1990,1936,2136,2165
4744185703231500,2296,1859,1991,1937,2137,2166
4744185703334900,2298,1861,1990,1955,2136,2165
4744185703436500,2299,1862,1991,1937,2147,2167
4744185703513900,2300,1864,2000,1938,2133,2167
4744185703746400,2298,1860,1992,1937,2137,2166
4744185703868100,2300,1861,1990,1936,2136,2166
4744185703955600,2298,1861,1991,1937,2135,2169
4744185704026900,2298,1860,1990,1937,2154,2167
4744185704118200,2299,1861,1993,1937,2137,2166
4744185704373100,2298,1860,1992,1938,2134,2166
4744185704451900,2300,1860,1990,1937,2163,2166
4744185704559800,2299,1860,1998,1939,2133,2167
4744185704639900,2300,1859,1991,1937,2134,2167
4744185704708300,2298,1863,1989,1938,2136,2166
4744186238883400,2298,1879,1991,1937,2136,2167
4744186239286400,2298,1709,1990,1936,2144,2167
4744186239595400,2298,1861,1990,1938,2135,2168
4744186239940300,2298,1860,1990,1936,2134,2165
4744186240231600,2298,1862,1991,1936,2135,2166
4744186240673200,2298,1860,1991,1936,2136,2195
4744186240857600,2297,1864,1999,1937,2136,2168
4744186240971000,2300,1861,1991,1938,2133,2166
4744186241258000,2299,1860,1991,1937,2136,2168
4744186241551600,2300,1861,1992,1937,2137,2165
4744186241741600,2298,1861,1990,1936,2136,2197
4744186242028100,2300,1860,1991,1938,2135,2166
4744186242187100,2296,1861,1991,1937,2135,2167
4744186242562900,2298,1861,1991,1938,2136,2166
4744186242695500,2300,1860,1988,1936,2134,2165
4744186242969100,2299,1861,1992,1936,2135,2166
4744186243058700,2297,1860,1991,1935,2132,2167
4744186243146400,2297,1859,1992,1938,2134,2167
4744186243437400,2298,1860,1992,1937,2138,2165
4744186243542300,2299,1858,1991,1936,2136,2198
4744186243590500,2298,1860,1989,1939,2135,2166
4744186243880600,2297,1859,1991,1936,2136,2167
4744186244251900,2298,1861,1991,1937,2134,2167
4744186244300000,2299,1860,1991,1937,2136,2167
4744186244604800,2304,1879,1993,1938,2136,2167
4744186244697900,2321,1860,1992,1938,1878,2165
4744186245154900,2300,1860,1990,1938,2136,2167
4744186245243000,2299,1859,2002,1938,2137,2166
4744186245299200,2299,1860,1991,1938,2135,2165
4744186245357700,2301,1861,1991,1938,2136,2167
4744186245420300,2300,1859,1991,1938,2135,2167
4744186245469600,2300,1860,1994,1937,2133,2168
4744186245523300,2422,1859,1992,1938,2134,2167
4744186245579200,2296,1861,1991,1938,2134,2166
4744186245659300,2297,1859,1992,1937,2134,2164
4744186245717300,2297,1860,1992,1938,2136,2167
4744186245781700,2298,1859,1992,1936,2120,2166
4744186246056900,2300,1861,1992,1936,2134,2167
4744186246289300,2300,1861,1992,1937,2136,2168
4744186246518000,2298,1862,1991,1936,2136,2211
4744186246918100,2299,1861,1989,1936,2284,2166
4744186246974000,2299,1859,1992,1938,2137,2165
4744186247218100,2300,1859,1993,1937,2135,2165
4744186247286600,2300,1861,1993,1939,2133,2168
4744186247343900,2298,1861,1993,1939,2134,2166
4744186247404800,2299,1859,1992,1936,2135,2166
4744186247677400,2298,1860,1991,1938,2119,2166
4744186247795000,2301,1864,1991,1937,2134,2167
4744186247885900,2300,1861,1990,1936,2134,2167
4744186247952800,2298,1860,1992,1938,2137,2166
4744186248058600,2298,1861,1990,1955,2133,2165
4744186248132300,2299,1861,1990,1937,2137,2168
4744186248198900,2297,1862,2000,1936,2136,2165
4744186248263800,2299,1861,1992,1938,2135,2166
4744186248334700,2300,1863,1991,1937,2136,2167
4744186248393900,2296,1863,1993,1938,2135,2167
4744186248458900,2299,1859,1992,1937,2153,2166
4744186248556100,2300,1860,1992,1936,2137,2166
4744186248804500,2299,1860,1993,1938,2134,2168
4744186248887400,2300,1861,1991,1937,2132,2167
4744186249071300,2298,1861,2000,1938,2134,2166
4744186249594000,2300,1860,1991,1937,2133,2166
4744186249703100,2300,1861,1989,1937,2134,2167
4744186249822900,2297,1877,1991,1937,2135,2328
4744186249930900,2297,1711,1991,1937,2144,2166
4744186250009500,2300,1860,1990,1937,2137,2165
4744186250225400,2298,1860,1991,1936,2134,2167
4744186250552800,2297,1862,1991,1938,2135,2167
4744186250881900,2301,1862,1992,1937,2136,2195
4744186250980200,2299,1860,2000,1938,2136,2168
4744186251222200,2299,1859,1991,1937,2135,2165
4744186251452500,2300,1861,1991,1936,2136,2167
4744186251583000,2300,1861,1990,1938,2134,2166
4744186251646800,2297,1859,1992,1937,2134,2198
4744186251704500,2300,1860,1991,1938,2136,2167
4744186251788700,2300,1859,1991,1937,2135,2167
4744186251847700,2297,1861,1991,1937,2134,2167
4744186251898800,2300,1860,1986,1937,2133,2166
4744186252118600,2298,1860,1992,1938,2134,2166
4744186252196600,2298,1860,1992,1936,2133,2167
4744186252266100,2296,1859,1992,1938,2135,2166
4744186252456500,2298,1862,1991,1938,2136,2166
4744186252552700,2298,1860,1992,1938,2134,2206
4744186252615400,2297,1861,1991,1938,2137,2166
4744186252668100,2300,1859,1991,1936,2136,2166
4744186252737400,2299,1861,1991,1937,2138,2166
4744186252812100,2298,1858,1992,1937,2131,2165
4744186252870200,2296,1887,1993,1937,2136,2167
4744186252924900,2322,1862,1990,1938,1879,2165
4744186252987300,2300,1861,1991,1938,2137,2165
4744186253041800,2298,1860,2002,1937,2137,2165
4744186253295900,2298,1862,1992,1938,2135,2165
4744186253377500,2298,1862,1990,1937,2133,2166
4744186253437100,2299,1861,1992,1937,2136,2167
4744186253503600,2297,1862,1994,1937,2135,2163
4744186253805500,2423,1862,1992,1937,2135,2166
4744186254120600,2297,1861,1992,1937,2135,2165
4744186254226200,2299,1860,1992,1938,2134,2164
4744186254500000,2296,1860,1992,1936,2136,2164
4744186254610600,2299,1861,1991,1937,2134,2165
4744186254709200,2298,1860,1992,1938,2136,2167
4744186254804300,2299,1860,1991,1936,2134,2167
4744186255057300,2299,1860,1991,1936,2134,2210
4744186255169700,2298,1860,1990,1936,2285,2167
4744186255249300,2300,1862,1991,1938,2136,2165
4744186255370800,2297,1860,1992,1937,2135,2166
4744186255479800,2298,1860,1993,1936,2136,2166
4744186255781600,2298,1860,1992,1937,2136,2166
4744186255913600,2300,1858,1991,1937,2134,2166
4744186256006000,2298,1861,1992,1936,2133,2166
4744186256093900,2300,1864,1990,1939,2136,2166
4744186256156600,2299,1860,1991,1936,2137,2167
4744186256484700,2297,1859,1991,1938,2136,2166
4744186256606700,2298,1859,1992,1938,2133,2166
4744186256679100,2298,1862,1991,1936,2147,2167
4744186256791600,2300,1861,2000,1939,2134,2165
4744186256877700,2298,1860,1991,1937,2135,2166
4744186256943500,2300,1861,1992,1937,2138,2166
4744186257009000,2299,1863,1991,1937,2136,2168
4744186257111400,2300,1862,1990,1938,2156,2165
4744186257188700,2297,1860,1992,1937,2138,2165
4744186257248600,2298,1860,1992,1938,2136,2167
4744186257318800,2300,1861,1991,1936,2134,2165
4744186257388500,2296,1862,1998,1938,2135,2167
4744186257465500,2298,1861,1991,1937,2135,2167
4744186257557800,2298,1861,1989,1937,2136,2165
4744186257625700,2299,1878,1989,1937,2136,2167
4744186257703300,2299,1709,1992,1939,2144,2166
4744186257791200,2300,1860,1991,1938,2136,2165
4744186257870300,2300,1862,1992,1936,2136,2165
4744186257934600,2298,1861,1991,1937,2135,2165
4744186257996200,2297,1861,1991,1936,2136,2196
4744186258164400,2299,1861,2000,1939,2136,2169
4744186258408000,2300,1861,1990,1936,2134,2165
4744186258476800,2300,1860,1991,1936,2136,2167
4744186258545800,2297,1861,1990,1941,2136,2168
4744186258607200,2300,1861,1992,1937,2135,2199
4744186258670300,2300,1860,1991,1939,2136,2167
4744186258938200,2297,1861,1991,1937,2137,2166
4744186259023800,2300,1860,1991,1938,2137,2165
4744186259292700,2301,1859,1989,1938,2132,2166
4744186259412400,2299,1860,1992,1937,2136,2165
4744186259502400,2299,1858,1991,1937,2131,2167
4744186259592600,2296,1862,1992,1938,2135,2166
4744186259696700,2297,1863,1993,1936,2138,2164
4744186259797300,2299,1861,1992,1937,2136,2206
4744186259889700,2300,1859,1992,1938,2135,2167
4744186259969800,2301,1860,1991,1937,2136,2166
4744186260054000,2300,1861,1993,1937,2137,2166
4744186260151600,2298,1861,1992,1938,2136,2166
4744186260238300,2300,1886,1992,1937,2136,2167
4744186260350900,2324,1859,1992,1938,1878,2164
4744186260455400,2300,1860,1991,1938,2138,2165
4744186260549500,2298,1861,2003,1938,2136,2166
4744186260635000,2301,1861,1992,1936,2137,2165
4744186260719700,2299,1861,1990,1937,2136,2165
4744186260864500,2298,1858,1993,1936,2133,2167
4744186260976800,2297,1860,1995,1937,2134,2166
4744186261075200,2423,1860,1992,1938,2134,2165
4744186261187600,2296,1861,1991,1938,2134,2166
4744186261272600,2298,1862,1991,1938,2135,2165
4744186261358200,2300,1861,1993,1938,2135,2166
4744186261433200,2300,1861,1992,1937,2119,2166
4744186261494800,2298,1860,1993,1936,2138,2167
4744186261567800,2298,1860,1991,1936,2135,2165
4744186261660300,2299,1861,1989,1937,2138,2211
4744186261773800,2298,1859,1991,1936,2285,2166
4744186261855000,2299,1861,1992,1937,2136,2166
4744186261925200,2301,1860,1991,1938,2134,2166
4744186262021100,2297,1861,1994,1937,2136,2165
4744186262127500,2300,1860,1992,1936,2134,2166
4744186262221300,2298,1862,1992,1937,2135,2166
4744186262308800,2297,1861,1991,1936,2134,2166
4744186262514400,2302,1865,1992,1937,2136,2166
4744186262596900,2300,1860,1991,1938,2136,2166
4744186262668500,2298,1857,1992,1938,2137,2165
4744186262760900,2297,1859,1992,1938,2134,2165
4744186262846800,2297,1862,1991,1937,2148,2167
4744186262914800,2301,1860,1998,1939,2134,2167
4744186263012300,2298,1861,1992,1938,2136,2165
4744186263102000,2297,1862,1992,1936,2136,2165
4744186263182300,2299,1863,1992,1940,2133,2167
4744186263266900,2298,1860,1991,1938,2157,2165
4744186263398900,2298,1862,1992,1939,2136,2165
4744186263471300,2298,1860,1992,1937,2133,2166
4744186263571400,2302,1862,1992,1937,2135,2166
4744186263659700,2300,1861,2003,1938,2135,2167
4744186263752500,2300,1861,1991,1938,2135,2166
4744186263829600,2299,1859,1993,1938,2136,2166
4744186263902100,2299,1882,1993,1937,2136,2167
4744186263969900,2298,1710,1991,1936,2146,2165
4744186264064800,2300,1858,1992,1938,2137,2165
4744186264148300,2297,1861,1993,1937,2135,2164
4744186264232400,2299,1860,1991,1937,2136,2167
4744186264331000,2299,1863,1993,1936,2136,2198
4744186264407800,2299,1862,2002,1937,2134,2169
4744186264485700,2299,1860,1992,1938,2135,2166
4744186264561400,2299,1861,1992,1937,2134,2166
4744186264657600,2301,1861,1990,1937,2134,2165
4744186264736200,2298,1860,1992,1937,2134,2202
4744186265291200,2300,1860,1992,1937,2135,2165
4744186265406700,2297,1861,1993,1938,2136,2165
4744186265508900,2298,1861,1992,1938,2136,2167
4744186265612200,2298,1861,1987,1937,2133,2166
4744186265732900,2301,1860,1992,1938,2136,2165
4744186265824700,2299,1859,1993,1937,2133,2167
4744186265913800,2297,1861,1990,1938,2136,2165
4744186266066100,2300,1861,1993,1938,2137,2166
4744186266184900,2299,1860,1991,1937,2136,2199
4744186266292100,2297,1860,1989,1937,2135,2166
4744186266416400,2300,1860,1991,1936,2134,2166
4744186266523100,2300,1859,1991,1938,2136,2165
4744186266613300,2299,1860,1992,1938,2136,2166
4744186266687000,2300,1888,1993,1938,2137,2167
4744186266786800,2324,1860,1991,1939,1877,2164
4744186266895000,2298,1861,1991,1938,2137,2163
4744186267013100,2299,1861,2003,1937,2137,2166
4744186267116500,2298,1860,1991,1939,2133,2166
4744186267209500,2300,1860,1991,1938,2137,2166
4744186267294700,2298,1859,1993,1937,2136,2166
4744186267397600,2299,1861,1994,1937,2135,2167
4744186267492300,2424,1859,1992,1937,2137,2163
4744186267597200,2298,1862,1992,1936,2134,2166
4744186267683300,2301,1860,1991,1937,2137,2165
4744186267784900,2298,1860,1991,1939,2134,2166
4744186267912700,2300,1859,1992,1938,2119,2166
4744186268003400,2299,1860,1992,1936,2136,2166
4744186268080100,2300,1859,1991,1937,2133,2166
4744186268154600,2298,1861,1989,1937,2135,2213
4744186268312600,2297,1860,1990,1938,2284,2167
4744186268382600,2297,1861,1992,1938,2135,2166
4744186268470800,2298,1861,1991,1938,2136,2165
4744186268575400,2298,1861,1993,1937,2136,2166
4744186268660200,2300,1861,1993,1937,2136,2166
4744186268727400,2298,1862,1992,1939,2136,2164
4744186268815300,2298,1862,1992,1937,2135,2164
4744186268921600,2298,1868,1991,1937,2135,2166
4744186269010500,2301,1860,1990,1937,2134,2166
4744186269082800,2300,1860,1992,1937,2135,2165
4744186269149000,2299,1861,1990,1956,2134,2164
4744186269232600,2299,1861,1991,1937,2150,2166
4744186269326400,2298,1860,2000,1938,2135,2165
4744186269421700,2299,1858,1993,1938,2135,2165
4744186269514200,2298,1860,1990,1937,2135,2166
4744186269586400,2300,1863,1992,1936,2137,2167
4744186269648700,2298,1861,1991,1937,2158,2165
4744186269740800,2300,1860,1992,1938,2138,2166
4744186269854000,2298,1858,1992,1938,2136,2167
4744186269966000,2299,1861,1991,1936,2136,2166
4744186270072800,2298,1859,2000,1938,2134,2166
4744186270161300,2296,1862,1991,1937,2136,2165
4744186270246100,2299,1860,1989,1937,2136,2167
4744186270315200,2299,1882,1994,1937,2133,2345
4744186270380400,2298,1710,1991,1938,2146,2166
4744186270451900,2300,1860,1992,1938,2136,2165
4744186270517800,2299,1860,1990,1936,2134,2165
4744186270639400,2297,1860,1991,1936,2137,2167
4744186270739200,2298,1861,1993,1937,2137,2198
4744186270828600,2298,1862,2002,1937,2136,2169
4744186270904300,2301,1859,1990,1939,2134,2165
4744186270999300,2299,1857,1991,1937,2135,2168
4744186271098200,2299,1861,1992,1938,2134,2167
4744186271191600,2300,1860,1991,1937,2136,2204
4744186271269800,2300,1861,1990,1938,2135,2166
4744186271351400,2300,1861,1992,1934,2134,2166
4744186271425700,2299,1860,1992,1938,2136,2167
4744186271498300,2298,1861,1989,1937,2133,2165
4744186271563800,2297,1860,1993,1938,2136,2165
4744186271654600,2301,1859,1991,1937,2134,2167
4744186271774100,2295,1860,1990,1937,2135,2166
4744186271850400,2299,1866,1992,1938,2137,2166
4744186271931200,2299,1860,1991,1937,2136,2202
4744186272020600,2299,1862,1989,1939,2135,2164
4744186272100700,2298,1861,1990,1938,2136,2165
4744186272193600,2300,1861,1993,1937,2136,2164
4744186272269200,2299,1860,1992,1937,2131,2165
4744186272335100,2297,1894,1993,1936,2137,2165
4744186272603200,2326,1860,1991,1938,1876,2163
4744186272693900,2300,1858,1991,1937,2137,2166
4744186272794900,2299,1860,2005,1937,2136,2166
4744186272900600,2298,1862,1992,1937,2134,2166
4744186273012400,2299,1862,1992,1937,2136,2166
4744186273121300,2299,1859,1992,1936,2137,2165
4744186805997600,2300,1861,1995,1937,2136,2166
4744186806283400,2423,1860,1991,1942,2135,2167
4744186806381100,2297,1860,1992,1938,2133,2166
4744186806685700,2299,1861,1991,1938,2134,2164
4744186806739600,2299,1861,1991,1937,2136,2167
4744186806801500,2299,1861,1992,1937,2119,2166
4744186806895800,2298,1860,1993,1938,2133,2167
4744186807127600,2300,1860,1991,1936,2136,2166
4744186807194900,2298,1859,1992,1938,2134,2212
4744186807461900,2296,1862,1991,1937,2284,2166
4744186807534000,2299,1860,1991,1939,2135,2166
4744186807730200,2300,1862,1992,1937,2135,2165
4744186807798100,2300,1862,1992,1937,2135,2166
4744186807883300,2299,1860,1990,1938,2135,2166
4744186807945000,2299,1861,1992,1938,2135,2165
4744186808007500,2298,1862,1991,1936,2135,2166
4744186808054300,2301,1867,1991,1937,2136,2166
4744186808111300,2297,1858,1991,1936,2135,2166
4744186808178800,2300,1860,1993,1936,2137,2165
4744186808237900,2298,1861,1992,1953,2134,2166
4744186808290400,2298,1861,1991,1936,2150,2167
4744186808342000,2297,1861,2002,1938,2136,2166
4744186808397100,2300,1861,1992,1937,2136,2166
4744186808533500,2298,1861,1991,1938,2135,2164
4744186808585400,2299,1863,1992,1937,2136,2167
4744186808726800,2300,1861,1991,1938,2160,2167
4744186808776800,2300,1860,1992,1937,2136,2166
4744186808825600,2299,1859,1993,1936,2134,2166
4744186808912500,2300,1861,1993,1936,2116,2167
4744186808976300,2300,1861,2004,1937,2134,2166
4744186809050000,2299,1861,1991,1937,2134,2166
4744186809112500,2297,1861,1989,1938,2138,2167
4744186809189900,2297,1882,1992,1937,2136,2166
4744186809248600,2300,1711,1993,1938,2146,2165
4744186809301300,2300,1859,1991,1937,2137,2165
4744186809357800,2298,1861,1991,1937,2133,2167
4744186809428900,2299,1863,1992,1936,2136,2167
4744186809491900,2300,1860,1994,1936,2135,2199
4744186809576500,2301,1861,2001,1939,2133,2170
4744186809654700,2300,1861,1990,1937,2136,2166
4744186809707500,2298,1861,1991,1937,2136,2166
4744186809754500,2302,1858,1992,1938,2134,2167
4744186809805500,2297,1861,1993,1936,2133,2204
4744186809858200,2301,1859,1992,1937,2135,2165
4744186809915900,2300,1861,1993,1938,2137,2165
4744186809994200,2298,1862,1991,1937,2137,2166
4744186810044100,2300,1860,1987,1937,2136,2165
4744186810094200,2297,1860,1992,1938,2134,2166
4744186810137800,2301,1859,1991,1937,2132,2165
4744186810188500,2294,1861,1992,1938,2135,2166
4744186810260600,2296,1862,1993,1937,2136,2166
4744186810318400,2297,1860,1992,1937,2136,2207
4744186810366700,2300,1861,1989,1936,2137,2166
4744186810419500,2298,1862,1992,1938,2134,2167
4744186810477100,2300,1861,1992,1937,2136,2166
4744186810537700,2298,1860,1993,1938,2131,2166
4744186810590100,2296,1892,1993,1937,2136,2165
4744186810636400,2323,1860,1990,1938,1878,2164
4744186810694000,2300,1860,1991,1938,2136,2167
4744186810742400,2298,1861,2003,1937,2136,2168
4744186810798100,2298,1861,1991,1939,2133,2165
4744186810845900,2300,1860,1992,1936,2136,2165
4744186810920400,2300,1859,1992,1937,2136,2166
4744186810980900,2299,1861,1996,1937,2135,2166
4744186811033000,2424,1860,1992,1937,2136,2166
4744186811093700,2295,1862,1991,1938,2135,2165
4744186811147900,2296,1861,1993,1937,2135,2165
4744186811201200,2300,1861,1991,1936,2136,2167
4744186811246600,2297,1862,1991,1936,2136,2165
4744186811574500,2297,1862,1991,1936,2135,2166
4744186811656700,2298,1860,1993,1938,2136,2166
4744186811722700,2300,1861,1992,1937,2133,2212
4744186811794400,2300,1861,1991,1938,2288,2166
4744186811855300,2297,1859,1993,1938,2135,2165
4744186812007000,2298,1861,1992,1938,2135,2166
4744186812257700,2298,1860,1994,1937,2136,2166
4744186812343100,2298,1862,1993,1936,2138,2164
4744186812584400,2299,1860,1993,1937,2134,2166
4744186812910000,2299,1860,1991,1937,2136,2164
4744186813260700,2299,1866,1991,1937,2136,2166
4744186813399200,2299,1860,1991,1936,2136,2167
4744186813568000,2299,1858,1992,1937,2135,2166
4744186813661600,2297,1861,1992,1954,2135,2165
4744186813729200,2298,1860,1993,1936,2150,2168
4744186813871200,2298,1862,2000,1936,2135,2167
4744186813962400,2298,1862,1992,1938,2134,2166
4744186814074400,2299,1861,1992,1937,2135,2166
4744186814434900,2300,1863,1992,1936,2134,2167
4744186814625700,2299,1861,1991,1937,2160,2166
4744186814728100,2299,1861,1993,1936,2137,2166
4744186815061700,2299,1859,1993,1938,2130,2168
4744186815467900,2298,1861,1991,1938,2134,2166
4744186815568700,2298,1859,1998,1938,2134,2165
4744186815907900,2298,1866,1990,1938,2136,2168
4744186816069200,2300,1859,1992,1937,2136,2165
4744186816257500,2299,1883,1992,1937,2137,2342
4744186816625300,2300,1712,1993,1937,2146,2167
4744186816729000,2295,1861,1993,1936,2136,2165
4744186816789800,2300,1861,1992,1937,2135,2165
4744186816875300,2299,1861,1991,1936,2135,2166
4744186816973200,2298,1860,1993,1936,2135,2198
4744186817255000,2298,1862,2003,1939,2134,2170
4744186817368500,2301,1860,1991,1937,2134,2166
4744186817729100,2300,1860,1991,1938,2135,2168
4744186817817900,2302,1861,1992,1937,2135,2165
4744186817936600,2298,1862,1991,1937,2134,2203
4744186818010800,2300,1860,1992,1936,2135,2166
4744186818076700,2298,1861,1991,1937,2135,2167
4744186818163400,2298,1859,1992,1938,2136,2165
4744186818231800,2299,1861,1987,1938,2136,2164
4744186818289600,2298,1860,1992,1937,2133,2165
4744186818343500,2298,1860,1992,1937,2133,2166
4744186818397200,2295,1860,1992,1936,2135,2165
4744186818445100,2298,1862,1992,1936,2137,2167
4744186818497400,2298,1861,1990,1938,2136,2202
4744186818546500,2298,1860,1991,1938,2135,2166
4744186818628500,2299,1861,1991,1936,2136,2166
4744186818832000,2301,1860,1991,1937,2136,2163
4744186818892100,2298,1859,1992,1937,2131,2166
4744186818948600,2297,1888,1992,1937,2135,2166
4744186819044000,2326,1860,1992,1937,1878,2163
4744186819105700,2300,1861,1991,1938,2136,2166
4744186819242600,2301,1861,2003,1937,2136,2166
4744186819377600,2300,1861,1990,1938,2133,2166
4744186819510200,2299,1861,1992,1936,2135,2166
4744186819632200,2299,1861,1991,1937,2136,2165
4744186820019000,2300,1859,1995,1939,2133,2166
4744186820119500,2423,1857,1992,1937,2135,2166
4744186820205700,2297,1861,1992,1937,2134,2165
4744186820264500,2298,1860,1993,1936,2136,2164
4744186820394300,2299,1861,1991,1938,2134,2167
4744186820512200,2297,1859,1991,1937,2136,2165
4744186820584400,2298,1861,1992,1936,2132,2166
4744186820637400,2298,1861,1991,1936,2136,2166
4744186820687900,2299,1860,1992,1936,2136,2210
4744186820736400,2297,1862,1989,1937,2284,2166
4744186820776300,2299,1861,1992,1938,2136,2166
4744186820829400,2299,1862,1992,1938,2135,2166
4744186820890700,2300,1859,1994,1937,2136,2165
4744186820938400,2298,1861,1989,1938,2135,2167
4744186820993300,2296,1861,1993,1938,2135,2165
4744186821053200,2300,1860,1991,1936,2134,2165
4744186821212600,2299,1867,1992,1938,2136,2164
4744186821345100,2300,1861,1990,1937,2137,2166
4744186821449600,2298,1860,1993,1937,2135,2166
4744186821555200,2299,1861,1992,1954,2134,2166
4744186821637400,2301,1861,1992,1936,2136,2167
4744186821711600,2297,1860,2001,1938,2136,2166
4744186821763500,2300,1860,1992,1938,2135,2166
4744186821823500,2300,1860,1993,1938,2136,2166
4744186821899300,2300,1861,1992,1936,2135,2169
4744186821983800,2296,1861,1991,1938,2153,2165
4744186822141900,2296,1861,1993,1937,2138,2165
4744186822234000,2300,1860,1992,1938,2135,2166
4744186822336200,2301,1861,1991,1936,2135,2166
4744186822422900,2299,1860,2000,1938,2135,2166
4744186822519300,2297,1861,1993,1941,2136,2167
4744186822600300,2297,1860,1989,1938,2136,2165
4744186822665800,2297,1875,1992,1938,2135,2303
4744186822714100,2298,1709,1991,1939,2142,2165
4744186822963100,2300,1860,1993,1937,2137,2165
4744186823078000,2298,1861,1991,1938,2135,2167
4744186823139700,2298,1861,1991,1937,2135,2166
4744186823196600,2298,1859,1992,1937,2134,2200
4744186823284500,2298,1862,1995,1936,2136,2169
4744186823343900,2298,1860,1990,1940,2137,2165
4744186823419700,2298,1861,1991,1936,2136,2166
4744186823484800,2298,1860,1992,1938,2131,2165
4744186823560300,2299,1860,1992,1937,2134,2194
4744186823627900,2302,1861,1991,1940,2133,2166
4744186823666400,2300,1862,1991,1937,2137,2166
4744186823711400,2297,1859,1992,1937,2136,2166
4744186823751500,2300,1860,1987,1936,2134,2166
4744186823804400,2299,1860,1992,1937,2136,2166
4744186823911300,2300,1859,1992,1938,2132,2166
4744186824161500,2296,1862,1992,1938,2134,2167
4744186824279000,2300,1862,1992,1937,2138,2166
4744186824381900,2298,1859,1991,1938,2133,2196
4744186824466200,2299,1861,1991,1938,2133,2164
4744186824791900,2299,1861,1991,1937,2136,2167
4744186824895700,2300,1859,1993,1937,2136,2166
4744186825151900,2297,1860,1991,1937,2136,2166
4744186825258700,2298,1883,1994,1937,2134,2166
4744186825359000,2324,1861,1992,1938,1879,2164
4744186825443000,2300,1858,1992,1940,2135,2166
4744186825509300,2298,1859,2003,1939,2134,2166
4744186825573800,2299,1862,1992,1938,2135,2166
4744186825625400,2298,1861,1991,1937,2137,2166
4744186825685400,2300,1861,1991,1937,2136,2168
4744186825750600,2300,1861,1993,1938,2137,2165
4744186825803500,2423,1861,1992,1936,2135,2166
4744186825876500,2298,1861,1992,1937,2135,2166
4744186825932200,2300,1860,1991,1938,2136,2170
4744186825979000,2298,1861,1991,1938,2137,2166
4744186826026000,2296,1860,1991,1938,2136,2165
4744186826080400,2298,1861,1992,1937,2134,2165
4744186826124000,2299,1860,1991,1938,2136,2167
4744186826213100,2300,1861,1993,1937,2136,2212
4744186826283100,2300,1860,1991,1938,2285,2165
4744186826366400,2300,1857,1992,1937,2136,2167
4744186826423700,2299,1861,1991,1940,2135,2163
4744186826507300,2300,1860,1993,1937,2136,2165
4744186826574800,2297,1860,1991,1938,2134,2166
4744186826666600,2300,1860,1992,1937,2135,2166
4744186826991000,2297,1861,1992,1936,2135,2165
4744186827086300,2299,1867,1991,1939,2134,2166
4744186827285500,2299,1858,1991,1937,2136,2166
4744186827366100,2297,1860,1992,1937,2137,2165
4744186827447200,2300,1860,1991,1955,2136,2166
4744186827506500,2297,1861,1991,1938,2149,2167
4744186827567400,2297,1861,2004,1938,2132,2164
4744186827618900,2298,1861,1992,1938,2137,2166
4744186827710400,2299,1862,1991,1936,2136,2165
4744186827776100,2299,1864,1992,1938,2136,2167
4744186827835700,2298,1862,1992,1937,2160,2166
4744186827900400,2300,1860,1993,1937,2138,2165
4744186827956800,2296,1860,1992,1937,2136,2165
4744186828012800,2301,1860,1993,1938,2118,2165
4744186828060100,2300,1862,2002,1938,2132,2166
4744186828102600,2298,1861,1991,1937,2137,2165
4744186828158600,2298,1861,1992,1937,2137,2165
4744186828215400,2296,1884,1993,1937,2137,2351
4744186828269400,2298,1710,1992,1938,2144,2166
4744186828319500,2298,1860,1992,1939,2135,2165
4744186828373000,2298,1861,1991,1937,2136,2167
4744186828422500,2297,1861,1990,1936,2149,2167
4744186828473100,2299,1862,1992,1937,2136,2196
4744186828516500,2299,1860,2001,1938,2134,2168
4744186828568900,2298,1861,1992,1937,2135,2165
4744186828611600,2299,1860,1993,1937,2134,2166
4744186828660900,2298,1859,1991,1938,2136,2165
4744186828711000,2300,1860,1991,1936,2136,2216
4744186828759400,2300,1860,1992,1938,2134,2166
4744186828803700,2297,1861,1993,1937,2137,2165
4744186828848500,2300,1860,1992,1938,2135,2167
4744186828902200,2297,1859,1988,1938,2132,2165
4744186828955500,2297,1860,1992,1938,2136,2166
4744186829002800,2298,1861,1993,1936,2133,2167
4744186829054600,2298,1863,1992,1936,2134,2167
4744186829103900,2300,1861,1993,1936,2138,2166
4744186829157400,2298,1861,1992,1938,2136,2208
4744186829398600,2300,1861,1990,1937,2133,2166
4744186829477100,2300,1859,1991,1938,2134,2166
4744186829720100,2297,1861,1991,1936,2135,2168
4744186829834600,2300,1860,1991,1937,2136,2165
4744186829884800,2296,1905,1994,1939,2135,2166
4744186830034900,2324,1861,1992,1938,1877,2164
4744186830101400,2300,1859,1991,1938,2137,2167
4744186830152300,2298,1859,2004,1938,2137,2166
4744186830221000,2298,1861,1992,1938,2136,2166
4744186830277200,2299,1861,1992,1936,2136,2166
4744186830332100,2297,1860,1994,1937,2136,2167
4744186830451900,2300,1860,1996,1937,2135,2165
4744186830542300,2423,1860,1993,1937,2134,2166
4744186830642100,2297,1861,1992,1937,2136,2166
4744186830735200,2300,1861,1992,1938,2134,2165
4744186831044700,2301,1862,1992,1938,2134,2166
4744186831141800,2297,1861,1990,1938,2135,2166
4744186831230400,2299,1861,1992,1936,2136,2165
4744186831315000,2298,1861,1993,1937,2136,2167
4744186831409600,2299,1861,1992,1936,2134,2213
4744186831788000,2299,1860,1991,1938,2285,2165
4744186831897600,2298,1860,1993,1938,2135,2166
4744186832081300,2303,1861,1992,1938,2134,2165
4744186832142200,2300,1861,1994,1937,2136,2166
4744186832195600,2299,1861,1993,1938,2134,2165
4744186832257900,2298,1862,1993,1938,2136,2165
4744186832370500,2297,1861,1992,1936,2136,2166
4744186832469500,2301,1865,1991,1938,2134,2167
4744186832569300,2301,1860,1992,1938,2136,2166
4744186832757300,2300,1860,1992,1936,2136,2167
4744186832881400,2298,1858,1990,1938,2134,2165
4744186832974800,2299,1861,1990,1937,2135,2168
4744186833049600,2299,1861,1992,1937,2134,2166
4744186833135500,2298,1861,1994,1938,2137,2165
4744186833234400,2301,1862,1991,1937,2134,2167
4744186833311600,2299,1863,1993,1938,2135,2167
4744186833380700,2296,1860,1990,1939,2154,2166
4744186833447100,2300,1860,1993,1938,2136,2166
4744186833507200,2300,1860,1992,1938,2135,2165
4744186833564700,2300,1860,1991,1936,2135,2166
4744186833640700,2299,1861,1996,1938,2134,2167
4744186833699400,2298,1859,1991,1937,2135,2166
4744186833768300,2299,1859,1992,1938,2136,2165
4744187375362400,2298,1871,1992,1937,2135,2271
4744187375726700,2297,1710,1991,1938,2144,2166
4744187376116800,2300,1859,1992,1937,2137,2164
4744187376369700,2297,1861,1992,1937,2135,2164
4744187377242400,2298,1862,1990,1936,2123,2165
4744187377483600,2301,1859,1993,1936,2134,2198
4744187377695900,2297,1862,1996,1939,2130,2166
4744187378198100,2300,1859,1992,1938,2132,2166
4744187378675700,2299,1860,1993,1936,2137,2167
4744187379074000,2298,1860,1990,1938,2134,2166
4744187379460600,2297,1861,1992,1936,2136,2194
4744187379840300,2300,1861,1992,1938,2134,2166
4744187380195400,2298,1861,1994,1936,2135,2166
4744187380553300,2297,1862,1992,1937,2137,2166
4744187380686100,2298,1861,1986,1938,2136,2166
4744187380807900,2299,1860,1993,1938,2136,2166
4744187381277800,2298,1861,1993,1936,2134,2167
4744187381807700,2296,1858,1992,1937,2136,2167
4744187382129800,2299,1863,1993,1937,2136,2166
4744187382314700,2296,1860,1993,1937,2134,2212
4744187382643700,2299,1860,1991,1938,2135,2166
4744187382985700,2300,1861,1992,1937,2137,2167
4744187383302400,2301,1862,1991,1938,2136,2165
4744187383646500,2300,1860,1994,1938,2137,2166
4744187383770300,2296,1887,1992,1938,2135,2165
4744187384031800,2326,1862,1992,1938,1878,2165
4744187384261900,2301,1857,1992,1940,2137,2165
4744187384475300,2296,1860,2003,1939,2136,2166
4744187384541900,2300,1861,1991,1938,2134,2166
4744187384593800,2300,1861,1992,1937,2135,2166
4744187384641100,2299,1861,1992,1936,2137,2166
4744187384687000,2298,1860,1995,1937,2136,2166
4744187384738500,2422,1860,1992,1938,2135,2166
4744187384781900,2297,1861,1992,1938,2134,2165
4744187385053400,2298,1859,1994,1938,2136,2164
4744187385407100,2297,1862,1993,1937,2137,2166
4744187385480300,2298,1861,1991,1938,2135,2166
4744187385581600,2300,1859,1994,1938,2134,2166
4744187385702900,2296,1862,1993,1937,2136,2168
4744187385836000,2298,1860,1991,1937,2134,2211
4744187386008300,2297,1862,1991,1937,2286,2166
4744187386104600,2299,1860,1991,1937,2138,2165
4744187386201500,2299,1861,1992,1938,2134,2166
4744187386269300,2299,1861,1994,1939,2135,2166
4744187386556600,2299,1860,1992,1937,2136,2166
4744187386834500,2298,1862,1992,1938,2137,2166
4744187386976300,2298,1862,1991,1937,2134,2166
4744187387227400,2299,1867,1991,1938,2136,2165
4744187387340400,2300,1860,1991,1937,2138,2165
4744187387499400,2300,1859,1993,1938,2137,2165
4744187387615500,2300,1860,1992,1953,2136,2165
4744187387708100,2300,1860,1993,1934,2150,2167
4744187387816400,2299,1861,2002,1941,2136,2166
4744187387922300,2298,1861,1992,1938,2135,2166
4744187388004200,2299,1860,1992,1936,2136,2164
4744187388129500,2300,1862,1993,1936,2136,2167
4744187388374700,2299,1860,1990,1938,2158,2166
4744187388602000,2300,1860,1993,1938,2138,2165
4744187388755600,2296,1861,1994,1937,2134,2168
4744187388892200,2298,1861,1991,1937,2135,2167
4744187389024800,2300,1861,2002,1939,2134,2165
4744187389155500,2299,1861,1991,1936,2136,2167
4744187389244800,2298,1859,1992,1938,2138,2165
4744187389316400,2297,1883,1992,1938,2134,2167
4744187389377600,2298,1709,1991,1937,2148,2165
4744187389442600,2298,1860,1991,1938,2137,2165
4744187389509700,2300,1862,1993,1936,2137,2164
4744187389564000,2299,1862,1992,1936,2137,2167
4744187389672600,2299,1860,1993,1938,2135,2194
4744187389770500,2299,1861,2004,1937,2137,2169
4744187389836300,2300,1861,1992,1938,2133,2165
4744187389896600,2300,1860,1992,1937,2134,2167
4744187389953300,2299,1861,1992,1937,2136,2165
4744187390016500,2298,1860,1991,1936,2136,2205
4744187390078800,2300,1860,1991,1938,2136,2166
4744187390138600,2298,1861,1995,1937,2134,2166
4744187390216800,2299,1860,1992,1936,2137,2166
4744187390302300,2299,1861,1988,1937,2136,2166
4744187390388400,2300,1859,1992,1938,2137,2167
4744187390462900,2297,1862,1992,1937,2132,2166
4744187390526700,2294,1860,1990,1937,2133,2165
4744187390668500,2299,1865,1992,1937,2137,2165
4744187390821700,2297,1859,1992,1937,2137,2208
4744187391048000,2297,1861,1992,1936,2135,2166
4744187391187900,2299,1859,1993,1936,2136,2166
4744187391281500,2300,1860,1992,1938,2137,2166
4744187391391800,2300,1859,1992,1939,2136,2167
4744187391482500,2300,1882,1993,1939,2137,2166
4744187391548700,2324,1859,1992,1937,1878,2164
4744187391651600,2298,1861,1992,1939,2136,2164
4744187391731900,2298,1860,2002,1938,2136,2167
4744187391830100,2300,1862,1993,1937,2136,2166
4744187391906500,2300,1857,1992,1936,2136,2165
4744187391970400,2298,1860,1993,1938,2136,2162
4744187392031700,2297,1861,1994,1937,2135,2165
4744187392093500,2424,1859,1993,1938,2135,2166
4744187392198300,2297,1860,1994,1939,2136,2164
4744187392273500,2298,1860,1992,1938,2137,2165
4744187392367400,2298,1861,1992,1938,2136,2166
4744187392464000,2300,1860,1992,1938,2118,2166
4744187392548900,2297,1861,1992,1937,2135,2166
4744187392662900,2298,1860,1991,1938,2133,2165
4744187392729800,2297,1862,1991,1936,2134,2210
4744187392859200,2300,1861,1989,1938,2285,2166
4744187393015100,2298,1860,1991,1938,2136,2166
4744187393101900,2299,1861,1992,1940,2133,2165
4744187393183000,2299,1861,1994,1938,2136,2165
4744187393250800,2299,1860,1993,1937,2136,2166
4744187393439800,2299,1860,1992,1939,2137,2166
4744187393533200,2300,1860,1992,1937,2136,2166
4744187393694700,2300,1865,1992,1937,2136,2166
4744187393779900,2298,1860,1991,1937,2136,2166
4744187393913600,2298,1860,1990,1938,2137,2166
4744187394066300,2297,1861,1992,1955,2136,2165
4744187394183900,2300,1860,1991,1937,2145,2167
4744187394511800,2300,1860,2000,1938,2134,2167
4744187394695900,2298,1859,1994,1938,2137,2166
4744187394852200,2300,1862,1992,1936,2135,2166
4744187395066900,2297,1863,1992,1937,2137,2167
4744187395170600,2298,1861,1991,1938,2154,2166
4744187395252500,2300,1860,1993,1937,2136,2166
4744187395380800,2297,1859,1993,1939,2134,2166
4744187395649200,2299,1861,1991,1936,2136,2167
4744187395787000,2298,1861,2000,1938,2134,2166
4744187395914000,2301,1861,1991,1937,2136,2167
4744187396194100,2298,1858,1992,1938,2136,2165
4744187396335600,2297,1877,1991,1938,2137,2303
4744187396450700,2302,1710,1991,1937,2144,2165
4744187396546400,2300,1860,1992,1938,2137,2164
4744187396661300,2298,1860,1992,1938,2135,2163
4744187396753400,2299,1859,1991,1938,2134,2167
4744187396828100,2300,1859,1993,1938,2135,2197
4744187396923100,2298,1860,1998,1938,2134,2168
4744187397008700,2300,1860,1992,1938,2135,2166
4744187397138600,2300,1861,1991,1938,2134,2166
4744187397227300,2296,1860,1992,1938,2135,2166
4744187397291800,2300,1861,1992,1935,2134,2196
4744187397382400,2295,1860,1993,1937,2133,2166
4744187397474700,2299,1862,1991,1937,2135,2166
4744187397541400,2299,1861,1992,1937,2137,2166
4744187397631400,2299,1860,1983,1937,2135,2165
4744187397699500,2299,1859,1992,1938,2135,2165
4744187397810400,2299,1858,1992,1938,2132,2166
4744187397889000,2296,1859,1992,1937,2136,2167
4744187397947300,2299,1864,1992,1937,2136,2165
4744187398029800,2300,1861,1991,1937,2134,2197
4744187398105700,2299,1860,1991,1937,2135,2164
4744187398216600,2297,1860,1992,1936,2134,2167
4744187398292900,2300,1861,1992,1936,2137,2165
4744187398352500,2299,1861,1992,1939,2131,2165
4744187398469800,2299,1862,1993,1938,2134,2167
4744187398605000,2312,1860,1992,1938,1880,2163
4744187398825800,2300,1861,1991,1937,2139,2166
4744187398909000,2299,1860,2000,1939,2136,2166
4744187398983800,2297,1861,1991,1939,2132,2165
4744187399053600,2298,1861,1992,1936,2136,2166
4744187399136900,2299,1859,1993,1937,2138,2165
4744187399212800,2300,1861,1994,1937,2136,2166
4744187399286100,2424,1860,1992,1938,2137,2165
4744187399558600,2297,1862,1993,1938,2135,2165
4744187399672700,2300,1861,1991,1937,2136,2165
4744187399742300,2299,1862,1993,1938,2136,2164
4744187399818000,2300,1860,1991,1937,2136,2165
4744187399891900,2298,1860,1992,1938,2135,2167
4744187399991600,2299,1860,1992,1937,2136,2166
4744187400119100,2299,1861,1991,1937,2135,2212
4744187400218800,2300,1860,1992,1938,2283,2167
4744187400291900,2298,1861,1992,1937,2136,2165
4744187400668400,2298,1861,1992,1939,2136,2166
4744187400872100,2297,1861,1993,1937,2136,2166
4744187401015300,2298,1861,1993,1937,2135,2167
4744187401170000,2298,1862,1992,1937,2135,2165
4744187401271900,2300,1859,1992,1936,2136,2165
4744187401388900,2299,1866,1992,1938,2134,2167
4744187401514500,2297,1861,1991,1937,2134,2166
4744187401758300,2298,1860,1992,1938,2137,2166
4744187401889600,2299,1860,1992,1956,2135,2166
4744187402166000,2300,1862,1992,1936,2136,2169
4744187402277200,2299,1861,2002,1937,2136,2167
4744187402383800,2292,1861,1993,1939,2136,2164
4744187402476600,2299,1862,1991,1936,2133,2166
4744187402606500,2300,1861,1993,1936,2136,2169
4744187402695500,2300,1860,1992,1937,2156,2166
4744187402916200,2300,1860,1991,1938,2137,2164
4744187402988000,2301,1860,1991,1936,2136,2165
4744187403070200,2297,1862,1993,1937,2120,2166
4744187403158900,2301,1861,2002,1937,2137,2165
4744187403245700,2300,1862,1991,1938,2136,2166
4744187403323900,2297,1861,1992,1936,2136,2165
4744187403609900,2298,1867,1993,1937,2136,2168
4744187403681000,2296,1710,1993,1938,2144,2165
4744187403758600,2299,1861,1993,1938,2136,2166
4744187403841000,2298,1861,1992,1937,2135,2164
4744187403926400,2299,1861,1991,1937,2134,2167
4744187404173800,2297,1861,1993,1937,2134,2198
4744187404495900,2299,1859,1997,1938,2135,2168
4744187404689600,2300,1860,1992,1938,2135,2166
4744187404850800,2298,1862,1991,1936,2136,2167
4744187404989100,2296,1860,1992,1937,2136,2166
4744187405105400,2298,1862,1991,1937,2136,2196
4744187405202300,2300,1859,1992,1939,2134,2166
4744187405324100,2298,1860,1993,1937,2138,2166
4744187405479000,2299,1861,1992,1937,2138,2165
4744187405844200,2299,1861,1985,1938,2135,2164
4744187406060500,2300,1860,1992,1938,2136,2165
4744187406227700,2299,1860,1992,1936,2134,2167
4744187406329200,2297,1860,1993,1938,2134,2165
4744187406417900,2299,1862,1993,1938,2136,2166
4744187406619400,2300,1861,1991,1937,2134,2196
4744187406919700,2299,1860,1991,1938,2135,2166
4744187407375400,2298,1861,1992,1938,2134,2165
4744187407483600,2299,1860,1993,1937,2137,2166
4744187407556000,2298,1860,1994,1938,2137,2167
4744187407644900,2300,1847,1993,1936,2138,2137
4744187407768500,2303,1862,1992,1937,1879,2164
4744187407846000,2298,1861,1992,1936,2137,2166
4744187407902600,2299,1862,2002,1937,2137,2167
4744187407982700,2298,1859,1992,1938,2136,2166
4744187408169600,2299,1861,1991,1938,2135,2166
4744187408292000,2298,1859,1993,1937,2136,2166
4744187408459600,2300,1859,1992,1938,2133,2164
4744187408586700,2425,1860,1992,1938,2135,2166
4744187408697300,2296,1861,1992,1937,2135,2165
4744187408987500,2299,1861,1992,1938,2136,2164
4744187409168700,2298,1861,1992,1937,2135,2166
4744187409313400,2298,1864,1991,1938,2134,2165
4744187409449700,2298,1859,1992,1936,2134,2167
4744187409540000,2298,1860,1993,1937,2136,2166
4744187409622500,2298,1858,1993,1936,2136,2210
4744187409785500,2300,1860,1992,1936,2286,2165
4744187409943100,2299,1860,1993,1937,2135,2166
4744187410040900,2300,1860,1993,1937,2135,2165
4744187410139300,2299,1862,1992,1937,2135,2166
4744187410226400,2299,1862,1992,1938,2136,2166
4744187410398200,2298,1861,1993,1937,2135,2166
4744187410537200,2297,1860,1991,1937,2135,2166
4744187410674500,2300,1860,1993,1938,2136,2167
4744187410819800,2299,1860,1990,1936,2136,2167
4744187410934600,2298,1858,1992,1936,2140,2164
4744187411066700,2297,1861,1992,1953,2134,2166
4744187411210900,2298,1861,1991,1936,2139,2166
4744187411544400,2299,1862,1993,1937,2136,2167
4744187411756100,2300,1860,1992,1939,2135,2165
4744187411942600,2298,1861,1992,1937,2137,2166
4744187412136400,2298,1862,1991,1938,2134,2168
4744187412250800,2296,1860,1992,1938,2156,2165
4744187412434200,2297,1861,1993,1936,2136,2164
4744187412580800,2298,1858,1992,1937,2134,2166
4744187412748200,2298,1861,1991,1937,2135,2167
4744187412861300,2296,1862,1992,1938,2136,2168
4744187413031800,2299,1860,1991,1936,2135,2167
4744187413167500,2298,1861,1992,1938,2137,2165
4744187413288800,2298,1866,1993,1939,2136,2167
4744187413452800,2297,1711,1991,1938,2144,2165
4744187413551800,2299,1862,1992,1937,2138,2166
4744187413760400,2300,1860,1994,1936,2135,2164
4744187413886700,2299,1861,1991,1937,2137,2167
4744187413974400,2300,1860,1993,1937,2137,2196
4744187414058500,2298,1860,2000,1938,2135,2168
4744187414282700,2300,1860,1992,1938,2135,2166
4744187414444900,2299,1861,1993,1937,2136,2166
4744187414537200,2300,1861,1992,1937,2135,2166
4744187414622600,2300,1860,1991,1936,2136,2200
4744187414734000,2302,1859,1991,1937,2134,2166
4744187414825300,2298,1860,1991,1937,2135,2167
4744187414923200,2300,1861,1992,1938,2136,2166
4744187414995400,2299,1861,1989,1938,2134,2164
4744187415070400,2298,1860,1993,1938,2132,2166
4744187415139800,2300,1860,1992,1937,2131,2167
4744187415421100,2296,1860,1992,1937,2135,2167
4744187415652900,2299,1864,1993,1936,2138,2166
4744187415797700,2299,1859,1991,1936,2137,2200
4744187415913600,2297,1861,1989,1938,2135,2166
4744187416036100,2295,1861,1992,1938,2136,2167
4744187416156300,2298,1862,1991,1937,2137,2166
4744187416333900,2299,1859,1992,1938,2137,2166
4744187416475600,2299,1887,1992,1938,2137,2166
4744187416602500,2325,1858,1992,1939,1879,2163
4744187416696400,2297,1860,1993,1936,2138,2166
4744187416786700,2299,1860,2002,1939,2136,2166
4744187416930000,2299,1862,1992,1938,2137,2165
4744187417066800,2301,1857,1991,1937,2135,2166
4744187417178600,2299,1860,1993,1937,2137,2165
4744187942582700,2298,1862,1996,1936,2134,2166
4744187942985100,2422,1860,1992,1938,2136,2165
4744187943343500,2297,1861,1993,1937,2135,2166
4744187943434500,2298,1861,1992,1937,2134,2165
4744187943778100,2299,1860,1992,1938,2134,2167
4744187943984600,2300,1862,1992,1938,2119,2165
4744187944280800,2300,1860,1993,1936,2136,2166
4744187944586500,2298,1860,1993,1937,2136,2166
4744187944860700,2300,1860,1993,1938,2135,2218
4744187945175600,2298,1859,1992,1938,2284,2166
4744187945429600,2299,1861,1992,1938,2135,2167
4744187945762100,2299,1862,1992,1938,2135,2165
4744187946123100,2299,1862,1993,1937,2135,2166
4744187946400800,2297,1861,1991,1938,2136,2165
4744187946625400,2298,1861,1992,1936,2135,2166
4744187946811800,2299,1860,1992,1937,2136,2166
4744187947024800,2297,1867,1991,1937,2136,2166
4744187947093100,2298,1861,1991,1937,2138,2166
4744187947272900,2299,1859,1993,1937,2136,2166
4744187947599100,2297,1861,1992,1956,2135,2165
4744187947856000,2297,1861,1991,1938,2149,2167
4744187948187100,2298,1861,2007,1938,2134,2166
4744187948500800,2298,1862,1993,1938,2137,2166
4744187948614600,2299,1861,1991,1937,2136,2165
4744187948798100,2300,1862,1993,1936,2135,2167
4744187949182300,2298,1861,1991,1938,2160,2165
4744187949327900,2300,1860,1993,1937,2137,2164
4744187949506700,2297,1861,1993,1936,2134,2166
4744187949766300,2298,1861,1991,1936,2136,2167
4744187949917100,2298,1862,2002,1938,2133,2165
4744187950167200,2299,1860,1992,1936,2136,2167
4744187950356700,2300,1861,1992,1937,2136,2165
4744187950490300,2297,1885,1990,1937,2137,2361
4744187950579900,2296,1710,1992,1937,2148,2166
4744187950645100,2301,1861,1992,1937,2138,2166
4744187950953600,2300,1862,1992,1936,2134,2166
4744187951270100,2299,1861,1991,1936,2137,2167
4744187951438200,2300,1862,1994,1936,2134,2200
4744187951563400,2298,1859,2002,1939,2137,2168
4744187951661400,2298,1860,1992,1938,2135,2166
4744187951754000,2299,1860,1992,1937,2137,2167
4744187951832000,2299,1861,1992,1936,2135,2166
4744187951896400,2298,1861,1991,1937,2136,2211
4744187952013600,2300,1860,1992,1938,2136,2166
4744187952293900,2300,1861,1993,1937,2136,2166
4744187952355700,2300,1860,1992,1937,2134,2165
4744187952414400,2297,1861,1989,1935,2134,2166
4744187952579500,2297,1858,1993,1936,2134,2166
4744187952725800,2298,1860,1993,1938,2133,2167
4744187952824200,2296,1861,1992,1937,2134,2166
4744187952903600,2298,1862,1992,1937,2136,2166
4744187952984300,2299,1858,1993,1938,2135,2214
4744187953044600,2298,1861,1989,1938,2135,2164
4744187953104200,2300,1860,1992,1937,2136,2167
4744187953185500,2298,1860,1993,1938,2135,2166
4744187953487000,2299,1859,1993,1937,2137,2166
4744187953661100,2297,1894,1993,1937,2136,2166
4744187953785100,2328,1860,1993,1938,1878,2165
4744187953906100,2300,1860,1993,1938,2136,2164
4744187954019000,2300,1860,2004,1938,2137,2167
4744187954102700,2300,1862,1993,1940,2137,2166
4744187954215900,2299,1860,1993,1940,2135,2165
4744187954327000,2297,1861,1997,1936,2138,2166
4744187954476800,2299,1861,1996,1938,2135,2166
4744187954600200,2423,1860,1992,1937,2135,2167
4744187954682800,2298,1862,1992,1938,2136,2165
4744187954778800,2300,1860,1993,1937,2136,2165
4744187954886200,2298,1859,1991,1938,2136,2167
4744187954994900,2298,1860,1991,1936,2136,2166
4744187955093900,2300,1861,1993,1938,2134,2168
4744187955268100,2300,1858,1992,1938,2137,2166
4744187955373300,2300,1860,1993,1937,2137,2215
4744187955482500,2300,1860,1990,1937,2286,2166
4744187955594400,2298,1860,1993,1937,2136,2166
4744187955694700,2300,1860,1992,1937,2136,2167
4744187955775300,2297,1861,1994,1937,2136,2166
4744187955854100,2300,1861,1991,1937,2136,2166
4744187955958800,2299,1861,1992,1939,2136,2165
4744187956082400,2298,1861,1993,1936,2137,2165
4744187956173600,2300,1869,1989,1936,2135,2168
4744187956307600,2301,1860,1991,1937,2136,2167
4744187956430900,2299,1857,1992,1937,2135,2166
4744187956530100,2298,1861,1992,1956,2136,2163
4744187956639100,2298,1861,1991,1937,2157,2167
4744187956721600,2298,1861,2006,1938,2135,2167
4744187956793500,2300,1861,1992,1938,2135,2166
4744187956895000,2300,1862,1992,1937,2137,2166
4744187957012100,2300,1864,1993,1938,2135,2167
4744187957089100,2301,1860,1991,1938,2162,2165
4744187957254800,2298,1861,1993,1936,2140,2165
4744187957348700,2300,1859,1993,1935,2134,2166
4744187957445300,2300,1860,1992,1938,2134,2167
4744187957568800,2298,1862,2004,1938,2135,2166
4744187957643500,2300,1861,1993,1938,2135,2166
4744187957754400,2300,1861,1992,1939,2137,2167
4744187957835400,2299,1889,1994,1939,2134,2167
4744187957980200,2300,1710,1993,1937,2149,2165
4744187958094600,2300,1860,1992,1938,2137,2166
4744187958214200,2299,1861,1992,1937,2136,2165
4744187958372800,2301,1861,1991,1937,2135,2166
4744187958542700,2301,1860,1992,1937,2134,2200
4744187958628400,2297,1859,2004,1937,2136,2169
4744187958750500,2298,1860,1991,1938,2135,2166
4744187958873600,2299,1861,1993,1936,2136,2166
4744187959182600,2300,1861,1992,1936,2136,2165
4744187959457400,2300,1862,1992,1936,2133,2218
4744187959713000,2301,1859,1992,1937,2136,2165
4744187959940200,2300,1860,1993,1936,2138,2167
4744187960294400,2300,1860,1993,1938,2136,2166
4744187960464900,2298,1861,1989,1938,2133,2165
4744187960629300,2299,1859,1993,1938,2137,2165
4744187960743900,2298,1861,1993,1936,2136,2165
4744187960835500,2295,1859,1992,1939,2137,2165
4744187960955500,2300,1860,1994,1936,2136,2166
4744187961025200,2298,1860,1992,1938,2136,2207
4744187961136100,2300,1861,1991,1938,2137,2166
4744187961261200,2299,1861,1992,1938,2136,2167
4744187961408200,2299,1861,1993,1938,2138,2165
4744187961515100,2300,1860,1993,1938,2136,2167
4744187961611700,2296,1904,1993,1938,2136,2168
4744187961899400,2332,1861,1992,1938,1880,2164
4744187962049600,2299,1860,1993,1938,2137,2166
4744187962264400,2298,1861,2008,1939,2135,2167
4744187962361400,2299,1861,1992,1938,2136,2166
4744187962444300,2301,1861,1992,1937,2135,2167
4744187962720800,2300,1860,1992,1938,2136,2168
4744187962867300,2300,1860,1995,1937,2135,2168
4744187962977700,2422,1861,1992,1938,2136,2166
4744187963066900,2298,1860,1991,1939,2137,2166
4744187963154600,2298,1862,1992,1937,2133,2165
4744187963557000,2299,1861,1993,1938,2134,2166
4744187963706000,2295,1860,1993,1937,2120,2166
4744187963861400,2298,1862,1993,1938,2133,2167
4744187964025700,2298,1860,1991,1938,2134,2168
4744187964247800,2299,1860,1992,1936,2134,2217
4744187964436300,2301,1860,1990,1937,2285,2167
4744187964622200,2298,1860,1993,1938,2136,2166
4744187964781900,2300,1859,1992,1938,2136,2166
4744187964930400,2300,1861,1994,1937,2136,2167
4744187965044500,2298,1860,1993,1937,2134,2167
4744187965185800,2297,1861,1992,1938,2136,2166
4744187965286200,2300,1861,1992,1936,2138,2166
4744187965451500,2300,1871,1993,1937,2136,2167
4744187965556500,2301,1860,1991,1937,2138,2169
4744187965658700,2298,1861,1993,1937,2138,2166
4744187965755500,2299,1859,1993,1936,2137,2168
4744187965853500,2301,1860,1991,1937,2158,2168
4744187965945800,2299,1860,2006,1937,2136,2166
4744187966036500,2301,1860,1993,1937,2137,2166
4744187966171400,2300,1863,1992,1936,2136,2166
4744187966310600,2300,1863,1992,1936,2138,2167
4744187966430800,2296,1861,1993,1937,2157,2166
4744187966572800,2300,1862,1993,1938,2138,2166
4744187966708400,2300,1858,1993,1938,2136,2169
4744187966830400,2300,1861,1991,1937,2134,2168
4744187966948900,2299,1860,2004,1939,2136,2167
4744187967060800,2298,1860,1993,1937,2136,2167
4744187967182200,2297,1862,1989,1938,2135,2166
4744187967298400,2297,1887,1991,1937,2137,2384
4744187967430800,2298,1710,1992,1937,2150,2165
4744187967558400,2297,1860,1992,1937,2137,2168
4744187967678000,2298,1862,1992,1938,2138,2164
4744187967805400,2299,1861,1991,1937,2136,2167
4744187967922400,2298,1861,1993,1936,2133,2205
4744187968034500,2298,1860,2008,1937,2136,2170
4744187968339900,2298,1860,1992,1937,2135,2167
4744187968497000,2299,1860,1993,1939,2134,2165
4744187968709200,2304,1859,1992,1939,2134,2166
4744187969036700,2298,1859,1992,1936,2136,2231
4744187969198800,2299,1860,1991,1938,2137,2165
4744187969392400,2298,1860,1992,1937,2137,2166
4744187969681000,2298,1860,1991,1936,2137,2167
4744187969868300,2299,1861,1988,1939,2135,2166
4744187970060800,2300,1858,1993,1936,2135,2166
4744187970236900,2296,1862,1992,1936,2134,2168
4744187970352900,2294,1860,1992,1940,2136,2167
4744187970564600,2300,1861,1993,1938,2137,2167
4744187970687000,2299,1859,1992,1937,2136,2212
4744187970975200,2299,1860,1989,1938,2135,2167
4744187971175000,2299,1860,1990,1936,2136,2168
4744187971505800,2298,1861,1993,1937,2136,2166
4744187971748100,2299,1860,1992,1938,2137,2166
4744187971960300,2299,1898,1994,1936,2136,2166
4744187972131500,2328,1860,1992,1938,1878,2166
4744187972275600,2300,1860,1992,1938,2137,2166
4744187972403100,2297,1860,2005,1938,2135,2168
4744187972654800,2298,1860,1992,1937,2136,2167
4744187972896400,2299,1863,1991,1939,2136,2166
4744187973139400,2297,1861,1992,1937,2136,2165
4744187973329400,2300,1860,1994,1937,2135,2167
4744187973453100,2425,1860,1992,1938,2135,2167
4744187973579700,2295,1863,1991,1937,2137,2165
4744187973719500,2298,1861,1993,1937,2135,2165
4744187973805400,2298,1861,1993,1938,2137,2166
4744187973912200,2298,1860,1991,1937,2135,2166
4744187974015000,2299,1861,1992,1937,2134,2168
4744187974126000,2300,1858,1995,1937,2136,2166
4744187974501600,2299,1861,1991,1936,2134,2210
4744187974634200,2301,1861,1991,1937,2285,2167
4744187974733800,2298,1859,1994,1938,2135,2167
4744187974821000,2298,1861,1992,1938,2136,2166
4744187974910200,2300,1859,1993,1938,2136,2167
4744187975223800,2299,1859,1993,1938,2136,2167
4744187975393600,2299,1861,1994,1938,2134,2166
4744187975519600,2299,1861,1991,1938,2119,2165
4744187975660900,2301,1862,1993,1937,2136,2167
4744187975782400,2298,1859,1991,1937,2136,2167
4744187975929600,2298,1860,1993,1938,2136,2166
4744187976102900,2299,1859,1992,1936,2135,2167
4744187976248800,2300,1861,1991,1938,2142,2167
4744187976367300,2301,1861,1998,1937,2136,2167
4744187976476000,2301,1860,1993,1939,2137,2166
4744187976568000,2299,1862,1991,1936,2137,2165
4744187976681700,2299,1861,1992,1938,2135,2169
4744187976771200,2297,1861,1993,1937,2154,2166
4744187976876300,2298,1860,1993,1938,2136,2166
4744187976971800,2298,1861,1992,1938,2135,2167
4744187977076300,2300,1865,1991,1936,2135,2167
4744187977152200,2298,1861,1998,1938,2134,2167
4744187977265000,2298,1861,1991,1938,2136,2167
4744187977352800,2297,1861,1993,1937,2137,2165
4744187977463900,2298,1878,1992,1938,2136,2168
4744187977544100,2300,1709,1993,1938,2144,2165
4744187977649100,2298,1860,1993,1938,2137,2166
4744187977720400,2299,1860,1991,1937,2136,2165
4744187977815000,2300,1861,1991,1938,2137,2168
4744187977885200,2300,1861,1993,1937,2134,2196
4744187977979400,2298,1861,1998,1938,2136,2168
4744187978046500,2299,1860,1990,1938,2134,2166
4744187978140500,2300,1862,1992,1937,2136,2167
4744187978207600,2298,1860,1992,1936,2135,2165
4744187978342500,2298,1861,1993,1937,2134,2197
4744187978472300,2302,1860,1992,1936,2135,2166
4744187978581700,2300,1862,1991,1939,2137,2166
4744187978827400,2298,1860,1993,1938,2134,2167
4744187978945300,2297,1861,1990,1937,2134,2166
4744187979060700,2298,1860,1992,1937,2136,2168
4744187979409400,2297,1860,1992,1936,2135,2167
4744187979731600,2296,1860,1992,1937,2135,2166
4744187979842800,2301,1864,1992,1937,2137,2167
4744187979938000,2296,1860,1993,1938,2134,2206
4744187980034900,2296,1862,1992,1937,2135,2166
4744187980290000,2299,1861,1992,1937,2136,2167
4744187980425000,2300,1860,1992,1938,2136,2167
4744187980707100,2298,1860,1992,1938,2136,2167
4744187981042700,2299,1872,1994,1937,2135,2165
4744187981195400,2314,1863,1991,1938,1879,2165
4744187981568100,2298,1861,1992,1937,2139,2164
4744187981758200,2300,1860,2001,1939,2136,2167
4744187981929000,2301,1858,1993,1937,2138,2165
4744187982078700,2301,1860,1992,1936,2136,2166
4744187982247700,2298,1858,1993,1938,2137,2167
4744187982550000,2302,1861,1994,1937,2134,2167
4744187982746300,2423,1860,1993,1939,2134,2165
4744187982853400,2297,1861,1991,1938,2134,2167
4744187983125100,2300,1861,1992,1937,2136,2166
4744187983348000,2298,1861,1992,1936,2136,2167
4744187983497000,2300,1862,1992,1936,2118,2167
4744187983603700,2298,1863,1993,1937,2134,2167
4744187983687200,2300,1860,1993,1936,2136,2167
4744187983809700,2299,1861,1992,1936,2136,2211
4744187983941500,2299,1860,1992,1936,2285,2167
4744187984195100,2300,1862,1992,1936,2136,2167
4744187984331900,2300,1860,1992,1938,2135,2166
4744187984453800,2300,1860,1993,1938,2136,2167
4744187984555200,2298,1861,1992,1937,2136,2167
4744187984640300,2300,1862,1992,1937,2137,2166
4744187984708700,2297,1862,1991,1937,2135,2164
4744187984774500,2298,1862,1992,1938,2137,2167
4744187984842500,2301,1860,1992,1935,2138,2167
4744187984954300,2298,1860,1993,1938,2137,2166
4744187985024500,2298,1860,1992,1955,2133,2165
4744187985079000,2300,1861,1991,1936,2144,2166
4744187985173200,2300,1861,2001,1938,2135,2166
4744187985254100,2299,1859,1992,1942,2135,2165
4744187985321500,2298,1863,1993,1936,2137,2167
4744187985430500,2299,1863,1991,1938,2137,2169
4744187985505200,2300,1861,1991,1937,2155,2167
4744187985613800,2297,1862,1991,1936,2138,2166
4744187985687700,2296,1860,1992,1938,2136,2165
4744187985793900,2298,1861,1993,1937,2119,2166
4744187985868200,2299,1861,2000,1938,2136,2166
4744187985969400,2297,1862,1993,1936,2135,2166
4744188511534200,2299,1860,1992,1938,2136,2166
4744188511914900,2299,1874,1993,1937,2136,2169
4744188512077600,2299,1711,1992,1938,2144,2167
4744188512462900,2300,1861,1991,1938,2138,2165
4744188512624700,2297,1862,1991,1938,2133,2168
4744188512760300,2300,1862,1992,1937,2135,2167
4744188512884400,2300,1861,1992,1938,2134,2197
4744188512962700,2298,1861,2000,1939,2135,2169
4744188513195600,2298,1862,1991,1938,2134,2166
4744188513451500,2297,1861,1991,1938,2134,2166
4744188513569400,2298,1861,1992,1937,2136,2167
4744188513688200,2297,1862,1992,1936,2136,2193
4744188513773300,2300,1860,1990,1937,2137,2166
4744188513852400,2298,1862,1991,1937,2136,2167
4744188513923900,2297,1860,1992,1937,2136,2167
4744188513992500,2300,1861,1988,1938,2136,2165
4744188514069800,2300,1861,1993,1938,2135,2167
4744188514146800,2298,1862,1994,1934,2133,2167
4744188514222900,2297,1860,1991,1938,2136,2169
4744188514287200,2298,1862,1992,1938,2136,2166
4744188514356700,2298,1861,1991,1939,2136,2197
4744188514446500,2301,1861,1990,1939,2135,2165
4744188514574900,2298,1861,1992,1937,2136,2166
4744188514733700,2299,1861,1993,1937,2136,2167
4744188514824700,2299,1860,1993,1938,2139,2166
4744188514953300,2297,1876,1994,1938,2136,2165
4744188515030900,2315,1861,1992,1938,1879,2164
4744188515122300,2300,1860,1992,1938,2139,2166
4744188515267300,2299,1859,2002,1937,2138,2166
4744188515377800,2298,1860,1993,1937,2136,2167
4744188515455900,2300,1861,1992,1936,2137,2166
4744188515534500,2300,1859,1993,1938,2136,2167
4744188515636200,2299,1860,1996,1937,2137,2166
4744188515729100,2423,1860,1993,1937,2136,2167
4744188515824600,2298,1862,1992,1938,2136,2165
4744188515924100,2300,1861,1992,1938,2137,2165
4744188516007200,2298,1860,1993,1936,2134,2167
4744188516086000,2298,1860,1992,1936,2121,2167
4744188516156400,2299,1861,1993,1938,2134,2166
4744188516257000,2301,1860,1992,1937,2136,2166
4744188516390300,2298,1862,1992,1936,2133,2211
4744188516492600,2301,1860,1991,1938,2286,2165
4744188516631200,2300,1859,1993,1939,2136,2166
4744188516736700,2300,1860,1992,1938,2134,2165
4744188516832100,2300,1860,1994,1939,2137,2168
4744188516908000,2297,1861,1993,1935,2136,2166
4744188517001800,2300,1860,1992,1938,2134,2166
4744188517077800,2299,1861,1992,1936,2134,2166
4744188517145000,2298,1865,1992,1936,2136,2167
4744188517202600,2299,1861,1991,1936,2137,2167
4744188517286600,2300,1861,1991,1937,2136,2167
4744188517359100,2299,1860,1992,1954,2135,2168
4744188517416400,2298,1860,1992,1937,2136,2168
4744188517484900,2299,1860,2000,1937,2134,2167
4744188517557700,2300,1861,1992,1937,2138,2167
4744188517622600,2299,1862,1992,1937,2137,2166
4744188517683800,2299,1863,1992,1937,2136,2167
4744188517744100,2296,1861,1991,1937,2156,2165
4744188517803000,2297,1861,1991,1937,2143,2165
4744188518141900,2295,1860,1993,1938,2136,2168
4744188518486500,2300,1861,1991,1937,2136,2166
4744188518558100,2299,1862,2009,1937,2135,2166
4744188518624400,2299,1862,1992,1937,2136,2167
4744188518689400,2300,1860,1992,1937,2136,2166
4744188518755800,2299,1891,1992,1937,2136,2167
4744188518859500,2297,1712,1992,1937,2156,2167
4744188518952100,2298,1859,1993,1938,2136,2166
4744188519022800,2297,1861,1992,1937,2137,2166
4744188519112600,2300,1861,1991,1936,2137,2167
4744188519200400,2300,1862,1993,1937,2136,2217
4744188519287800,2300,1864,2016,1938,2135,2170
4744188519381700,2296,1861,1992,1938,2135,2166
4744188519533600,2300,1861,1993,1937,2134,2168
4744188519666400,2304,1861,1992,1937,2136,2166
4744188519768800,2299,1859,1993,1937,2136,2242
4744188519853000,2299,1860,1992,1940,2137,2166
4744188519938400,2299,1861,1993,1937,2137,2167
4744188520003400,2300,1861,1992,1938,2137,2167
4744188520132500,2301,1859,1990,1938,2135,2167
4744188520310300,2300,1862,1992,1938,2135,2167
4744188520512600,2299,1860,1993,1938,2143,2167
4744188520661500,2297,1859,1990,1940,2135,2166
4744188520828900,2300,1860,1992,1940,2136,2166
4744188520935900,2301,1862,1991,1939,2136,2211
4744188521026100,2298,1862,1992,1941,2135,2167
4744188521151800,2300,1858,1992,1940,2137,2169
4744188521254800,2299,1861,1993,1942,2135,2166
4744188521344400,2300,1858,1992,1944,2137,2167
4744188521575500,2298,1922,1993,1944,2136,2167
4744188521681000,2343,1861,1992,1945,1878,2165
4744188521765300,2299,1860,1989,1946,2137,2167
4744188521919100,2299,1860,2013,1947,2136,2168
4744188522047200,2300,1862,1993,1946,2136,2167
4744188522157600,2300,1861,1992,1948,2136,2167
4744188522255700,2298,1861,1993,1948,2137,2166
4744188522368800,2299,1864,1997,1947,2135,2168
4744188522529100,2422,1862,1992,1950,2136,2167
4744188522647700,2297,1861,1993,1949,2136,2166
4744188522735100,2298,1860,1993,1950,2134,2167
4744188522837400,2300,1861,1992,1950,2137,2166
4744188522928900,2300,1861,1992,1950,2118,2168
4744188523002800,2298,1861,1992,1950,2136,2167
4744188523094900,2298,1860,1992,1952,2136,2168
4744188523392200,2300,1861,1992,1952,2133,2230
4744188523484400,2296,1861,1990,1950,2285,2168
4744188523549000,2297,1860,1993,1953,2136,2167
4744188523638200,2298,1861,1990,1957,2137,2167
4744188523718000,2301,1860,1993,1953,2137,2168
4744188523788000,2296,1861,1991,1955,2137,2168
4744188523868200,2299,1861,1993,1956,2136,2169
4744188523952300,2297,1859,1992,1956,2182,2168
4744188524012100,2300,1874,1992,1957,2136,2169
4744188524089300,2299,1861,1990,1957,2137,2169
4744188524196800,2300,1863,1993,1956,2135,2168
4744188524266800,2298,1861,1992,1982,2136,2168
4744188524329200,2297,1861,1991,1956,2164,2169
4744188524389300,2300,1861,2012,1959,2135,2167
4744188524679100,2298,1860,1993,1958,2137,2169
4744188524781700,2301,1862,1992,1956,2114,2168
4744188524854500,2299,1861,1993,1959,2137,2167
4744188524915700,2298,1860,1993,1958,2176,2169
4744188524993700,2299,1860,1991,1957,2142,2168
4744188525138100,2294,1860,1992,1958,2135,2169
4744188525207300,2300,1861,1991,1957,2137,2169
4744188525363500,2298,1861,2012,1958,2135,2169
4744188525461100,2297,1860,1993,1958,2134,2170
4744188525554500,2297,1861,1992,1958,2136,2169
4744188525671600,2301,1889,1991,1957,2136,2170
4744188525788900,2298,1711,1991,1958,2162,2168
4744188525943700,2299,1862,1991,1957,2136,2169
4744188526121100,2300,1859,1992,1958,2136,2167
4744188526241800,2298,1862,1991,1958,2138,2169
4744188526339600,2298,1860,1995,1957,2136,2223
4744188526414300,2302,1859,2012,1957,2137,2176
4744188526531700,2298,1860,1992,1959,2135,2169
4744188526647600,2298,1860,1992,1957,2136,2169
4744188526754300,2307,1861,1992,1960,2137,2167
4744188526909300,2298,1862,1991,1957,2136,2249
4744188527024800,2300,1861,1992,1958,2137,2168
4744188527127100,2299,1859,1992,1959,2134,2170
4744188527281700,2298,1860,1992,1959,2138,2167
4744188527403900,2301,1860,1993,1959,2134,2168
4744188527483800,2300,1861,1992,1959,2136,2169
4744188527549800,2298,1861,1993,1959,2145,2169
4744188527716700,2297,1860,1992,1960,2135,2169
4744188527848100,2300,1861,1992,1958,2140,2170
4744188527968000,2297,1860,1992,1959,2136,2229
4744188528072400,2298,1861,1991,1960,2136,2169
4744188528262200,2300,1861,1992,1958,2138,2169
4744188528329600,2298,1862,1993,1960,2136,2168
4744188528424200,2299,1861,1992,1961,2137,2168
4744188528564600,2298,1936,1993,1959,2136,2170
4744188528679800,2349,1861,1992,1960,1878,2168
4744188528756100,2298,1862,1992,1959,2139,2168
4744188528846900,2300,1860,2019,1955,2137,2169
4744188528950100,2300,1859,1992,1959,2137,2169
4744188529037600,2298,1860,1992,1961,2137,2168
4744188529108000,2298,1861,1993,1959,2138,2170
4744188529201500,2300,1860,1997,1960,2136,2168
4744188529287300,2420,1862,1992,1960,2136,2169
4744188529405400,2297,1860,1992,1959,2138,2169
4744188529510300,2299,1860,1993,1960,2138,2168
4744188529603400,2299,1859,1992,1958,2138,2170
4744188529669100,2297,1862,1991,1960,2136,2168
4744188529739900,2297,1861,1992,1958,2137,2168
4744188529868400,2299,1860,1993,1958,2139,2168
4744188529955000,2300,1861,1991,1958,2137,2238
4744188530054700,2298,1861,1991,1960,2289,2168
4744188530147900,2298,1861,1993,1960,2137,2169
4744188530234800,2298,1861,1990,1962,2137,2169
4744188530342400,2301,1861,1992,1959,2137,2167
4744188530449100,2299,1860,1991,1956,2137,2169
4744188530528200,2298,1861,1992,1960,2138,2168
4744188530661400,2298,1862,1991,1958,2137,2168
4744188530743900,2299,1874,1991,1960,2139,2170
4744188530843300,2298,1861,1990,1958,2140,2169
4744188530933100,2297,1860,1992,1959,2138,2168
4744188531046600,2297,1860,1992,1983,2137,2169
4744188531259700,2298,1860,1992,1957,2139,2169
4744188531518100,2300,1860,2010,1959,2138,2169
4744188531659000,2296,1861,1992,1960,2138,2168
4744188531810700,2299,1860,1991,1957,2117,2169
4744188532016700,2300,1857,1992,1956,2138,2168
4744188532139500,2298,1860,1991,1960,2184,2168
4744188532302900,2297,1861,1992,1959,2147,2167
4744188532365400,2297,1860,1992,1960,2138,2170
4744188532473200,2298,1859,1992,1958,2136,2169
4744188532574100,2301,1860,2012,1960,2137,2168
4744188532660800,2300,1861,1991,1959,2137,2170
4744188532838400,2299,1860,1989,1959,2138,2169
4744188532951400,2298,1900,1993,1960,2137,2474
4744188533119500,2300,1712,1993,1959,2164,2169
4744188533302600,2300,1860,1993,1960,2139,2168
4744188533443000,2300,1861,1992,1959,2138,2170
4744188533569700,2300,1861,1991,1958,2139,2169
4744188533683200,2297,1861,1993,1957,2140,2234
4744188533833800,2300,1862,2017,1960,2138,2176
4744188534014400,2299,1860,1992,1959,2140,2169
4744188534171400,2300,1859,1992,1958,2137,2170
4744188534287900,2306,1860,1992,1961,2138,2169
4744188534447100,2299,1860,1992,1958,2137,2263
4744188534575400,2300,1861,1991,1960,2138,2168
4744188534729400,2298,1861,1991,1959,2138,2169
4744188534856500,2301,1861,1991,1960,2138,2168
4744188534954000,2298,1860,1992,1958,2136,2169
4744188535051100,2297,1860,1990,1959,2137,2168
4744188535133800,2300,1861,1992,1959,2146,2170
4744188535226700,2296,1861,1992,1960,2138,2171
4744188535357100,2298,1862,1992,1959,2140,2169
4744188535448400,2297,1861,1992,1959,2138,2231
4744188535526200,2298,1861,1991,1958,2139,2167
4744188535639500,2300,1862,1993,1960,2142,2167
4744188535802200,2300,1861,1993,1959,2137,2168
4744188535932600,2300,1861,1992,1959,2139,2170
4744188536082700,2296,1941,1993,1959,2138,2137
4744188536234500,2350,1861,1992,1960,1882,2167
4744188536339000,2300,1859,1990,1962,2142,2168
4744188536455600,2300,1860,2020,1959,2140,2168
4744188536588800,2298,1861,1991,1959,2138,2169
4744188536690500,2298,1862,1992,1960,2139,2169
4744188536884800,2298,1860,1992,1958,2140,2169
4744188537080800,2299,1861,1997,1959,2137,2169
4744188537236000,2421,1860,1993,1959,2137,2168
4744188537347900,2296,1861,1993,1960,2139,2169
4744188537432200,2297,1861,1993,1958,2139,2168
4744188537537500,2299,1861,1993,1958,2139,2169
4744188537721000,2301,1860,1991,1959,2140,2168
4744188537910400,2298,1861,1993,1959,2138,2168
4744188538054500,2300,1860,1992,1959,2138,2169
4744188538160200,2299,1860,1993,1958,2136,2237
4744188538255400,2297,1861,1991,1958,2285,2168
4744188538390400,2297,1860,1993,1958,2140,2168
4744188538483600,2298,1863,1992,1959,2137,2168
4744188538691100,2299,1860,1992,1959,2137,2170
4744188538828700,2296,1862,1993,1959,2138,2169
4744188538971200,2301,1861,1993,1959,2139,2170
4744188539086700,2299,1859,1992,1958,2138,2167
4744188539223900,2298,1878,1990,1960,2141,2170
4744188539414800,2299,1860,1991,1958,2138,2169
4744188539578900,2297,1860,1992,1960,2139,2169
4744188539794200,2300,1862,1992,1981,2137,2169
4744188539953800,2299,1861,1991,1958,2167,2170
4744188540091300,2300,1861,2008,1961,2137,2170
4744188540223100,2300,1861,1992,1961,2139,2168
4744188540374800,2299,1861,1991,1960,2320,2167
4744188540607000,2297,1863,1991,1960,2138,2171
4744188540720300,2300,1862,1993,1960,2182,2167
4744188540970100,2297,1862,1993,1959,2144,2168
4744188541089300,2298,1861,1992,1960,2138,2170
4744188541284300,2299,1860,1991,1959,2136,2169
4744188541390600,2298,1861,2013,1966,2138,2167
4744188541498700,2300,1862,1991,1959,2140,2167
4744188541585300,2300,1860,1992,1958,2141,2166
4744188541704200,2298,1895,1992,1960,2141,2479
4744188541810800,2300,1711,1991,1960,2170,2169
4744188541923600,2298,1860,1992,1959,2138,2169
4744188542015400,2300,1861,1991,1958,2138,2169
4744188542126900,2299,1862,1992,1958,2139,2169
4744188542297700,2298,1862,1994,1958,2140,2231
4744188542497500,2298,1862,2017,1959,2139,2176
4744188542637500,2298,1860,1992,1960,2140,2168
4744188542734500,2301,1859,1991,1958,2140,2170
4744188542912500,2308,1860,1992,1959,2139,2169
4744188543151500,2298,1862,1991,1957,2140,2266
4744188543251500,2301,1861,1992,1961,2139,2168
4744188543374800,2300,1860,1993,1959,2141,2170
4744188543475500,2297,1862,1992,1960,2140,2169
4744188543578200,2298,1861,1992,1958,2138,2169
4744188543691300,2298,1860,1992,1960,2137,2169
4744188543804800,2297,1860,1992,1959,2155,2170
4744188543947500,2296,1860,1992,1958,2140,2170
4744188544089900,2300,1860,1992,1959,2140,2170
4744188544222700,2299,1860,1993,1959,2138,2238
4744188544379100,2298,1862,1991,1959,2140,2169
4744188544515000,2299,1864,1993,1960,2141,2169
4744188544705300,2298,1862,1993,1959,2137,2168
4744188544820200,2297,1860,1992,1960,2139,2167
4744188544957500,2298,1942,1993,1960,2138,2138
4744188545118300,2349,1860,1992,1960,1881,2166
4744188545291500,2300,1861,1991,1962,2139,2166
4744188545435100,2298,1860,2021,1959,2140,2168
4744188545590800,2300,1862,1993,1960,2139,2169
4744188545706700,2298,1861,1993,1962,2141,2168
4744188545809500,2299,1862,1992,1956,2138,2170
4744189079210400,2298,1859,1998,1959,2139,2169
4744189079745100,2422,1861,1992,1960,2139,2169
4744189080052900,2297,1862,1991,1959,2140,2167
4744189080250300,2300,1862,1992,1960,2140,2169
4744189080441500,2297,1861,1992,1957,2139,2168
4744189080740200,2299,1861,1992,1959,2123,2169
4744189080974700,2297,1860,1992,1959,2139,2169
4744189081247600,2298,1861,1991,1958,2140,2170
4744189081526100,2300,1862,1993,1958,2138,2236
4744189081811500,2300,1861,1992,1960,2289,2168
4744189081951600,2299,1859,1993,1960,2140,2167
4744189082022900,2298,1862,1992,1960,2137,2170
4744189082089100,2297,1859,1994,1959,2140,2168
4744189082169200,2299,1860,1993,1960,2138,2169
4744189082234200,2299,1861,1992,1958,2140,2169
4744189082377900,2298,1862,1991,1958,2140,2168
4744189082513900,2298,1878,1992,1958,2139,2169
4744189082619700,2301,1860,1991,1958,2141,2169
4744189082826600,2296,1860,1993,1959,2140,2169
4744189082973200,2299,1861,1993,1979,2138,2168
4744189083070900,2300,1861,1991,1960,2172,2169
4744189083240100,2298,1861,2014,1959,2138,2170
4744189083384300,2298,1862,1992,1959,2141,2167
4744189083541400,2299,1862,1992,1958,2119,2169
4744189083644400,2301,1863,1992,1958,2141,2170
4744189083732000,2296,1861,1991,1959,2188,2167
4744189083796700,2300,1862,1992,1960,2142,2169
4744189084048100,2299,1861,1992,1958,2139,2170
4744189084192300,2299,1862,1991,1958,2141,2170
4744189084319100,2300,1861,2016,1960,2138,2168
4744189084400800,2298,1861,1992,1959,2138,2169
4744189084594000,2298,1859,1989,1960,2140,2167
4744189084703900,2297,1899,1991,1960,2140,2170
4744189084784700,2300,1711,1993,1960,2170,2168
4744189084933700,2298,1861,1992,1959,2140,2169
4744189085235200,2297,1861,1993,1960,2139,2165
4744189085323100,2300,1860,1991,1960,2140,2169
4744189085594000,2297,1861,1993,1958,2137,2236
4744189085885500,2296,1862,2022,1961,2139,2174
4744189086001300,2297,1862,1992,1960,2141,2169
4744189086200700,2300,1861,1992,1959,2140,2170
4744189086281600,2306,1861,1992,1960,2140,2169
4744189086358400,2296,1861,1992,1957,2144,2264
4744189086417100,2299,1859,1991,1960,2139,2169
4744189086471000,2299,1861,1992,1961,2138,2170
4744189086655000,2301,1856,1993,1959,2141,2170
4744189086744900,2297,1861,1993,1959,2138,2168
4744189086833800,2298,1860,1992,1960,2136,2169
4744189086888400,2296,1861,1992,1961,2150,2170
4744189086937900,2299,1860,1993,1959,2140,2169
4744189086987400,2299,1878,1993,1959,2141,2168
4744189087036000,2298,1861,1992,1959,2138,2228
4744189087085400,2298,1862,1991,1958,2140,2168
4744189087133900,2300,1861,1991,1959,2141,2168
4744189087186200,2298,1861,1992,1961,2140,2168
4744189087231200,2298,1860,1993,1961,2139,2168
4744189087278100,2296,1937,1993,1961,2139,2137
4744189087383800,2350,1860,1992,1963,1883,2167
4744189087442900,2298,1859,1992,1964,2140,2168
4744189087509300,2298,1860,2019,1962,2141,2168
4744189087753400,2300,1861,1992,1964,2141,2167
4744189087805900,2300,1861,1992,1964,2140,2168
4744189087964300,2300,1860,1992,1964,2140,2168
4744189088041900,2297,1861,1998,1967,2135,2168
4744189088107400,2421,1860,1992,1968,2139,2169
4744189088174200,2297,1860,1992,1969,2141,2167
4744189088231900,2299,1860,1992,1968,2140,2168
4744189088291500,2300,1861,1991,1970,2140,2168
4744189088404800,2300,1861,1991,1971,2140,2168
4744189088492300,2299,1861,1992,1970,2140,2169
4744189088566800,2299,1859,1993,1973,2140,2170
4744189088672400,2298,1860,1993,1973,2140,2238
4744189088759100,2299,1861,1991,1974,2289,2169
4744189088863300,2297,1858,1992,1976,2139,2169
4744189088949800,2298,1861,1992,1978,2140,2169
4744189089039400,2297,1861,1994,1976,2140,2168
4744189089111000,2297,1860,1993,1977,2141,2169
4744189089195800,2297,1861,1992,1978,2139,2169
4744189089299000,2299,1861,1991,1977,2141,2168
4744189089384400,2300,1876,1991,1979,2142,2170
4744189089447000,2301,1859,1992,1981,2144,2169
4744189089517600,2298,1861,1991,1981,2144,2168
4744189089584400,2299,1860,1992,2007,2144,2168
4744189089639300,2298,1860,1992,1980,2142,2169
4744189089696800,2299,1861,2013,1983,2143,2171
4744189089777500,2299,1860,1994,1984,2143,2169
4744189089842700,2299,1862,1990,1983,2144,2168
4744189089900000,2299,1862,1991,1984,2145,2171
4744189089972800,2298,1861,1992,1984,2195,2168
4744189090052400,2299,1862,1993,1984,2154,2168
4744189090129000,2299,1860,1993,1984,2144,2172
4744189090208900,2300,1860,1991,1984,2146,2170
4744189090351900,2297,1862,2012,1985,2144,2169
4744189090538600,2297,1861,1992,1987,2146,2169
4744189090688800,2299,1861,1989,1988,2147,2167
4744189090791400,2299,1898,1991,1987,2148,2170
4744189090924700,2298,1712,1991,1986,2180,2168
4744189091032900,2298,1861,1993,1986,2148,2165
4744189091177000,2299,1861,1991,1987,2147,2169
4744189091296700,2301,1859,1991,1987,2148,2170
4744189091456700,2297,1862,1992,1988,2149,2234
4744189091560400,2298,1861,2017,1989,2147,2169
4744189091659000,2300,1861,1991,1988,2146,2170
4744189091765400,2298,1860,1990,1990,2148,2169
4744189091852000,2309,1858,1992,1990,2149,2169
4744189091914700,2299,1862,1990,1986,2150,2262
4744189091969000,2302,1860,1990,1990,2150,2170
4744189092046800,2301,1860,1994,1990,2166,2171
4744189092112600,2299,1861,1992,1992,2151,2169
4744189092207100,2297,1861,1991,1990,2150,2169
4744189092285000,2297,1861,1992,1989,2147,2168
4744189092353400,2298,1862,1991,1990,2168,2170
4744189092448300,2296,1860,1992,1990,2149,2169
4744189092525400,2299,1879,1992,1989,2152,2168
4744189092591800,2297,1860,1991,1990,2150,2223
4744189092651300,2300,1861,1989,1992,2151,2169
4744189092729500,2300,1861,1993,1990,2156,2170
4744189092801300,2298,1861,1993,1989,2148,2168
4744189092859500,2299,1860,1991,1993,2151,2170
4744189092916900,2296,1939,1993,1990,2152,2170
4744189092990700,2348,1861,1992,1992,1894,2168
4744189093063100,2299,1859,1991,1993,2154,2169
4744189093121700,2298,1861,2023,1983,2152,2169
4744189093180000,2300,1860,1992,1991,2153,2169
4744189093240100,2300,1860,1992,1994,2151,2168
4744189093395900,2299,1859,1992,1992,2152,2170
4744189093473600,2298,1861,1999,1993,2151,2169
4744189093540000,2421,1860,1993,1991,2153,2169
4744189093621900,2296,1860,1992,1992,2151,2167
4744189093680300,2299,1858,1993,1991,2150,2168
4744189093779400,2298,1861,1992,1990,2151,2170
4744189093857700,2297,1860,1990,1991,2153,2169
4744189093924400,2298,1862,1990,1991,2150,2169
4744189093977500,2299,1860,1992,1991,2150,2169
4744189094046700,2298,1861,1989,1991,2149,2236
4744189094111200,2301,1861,1991,1992,2298,2169
4744189094176800,2299,1860,1993,1991,2152,2168
4744189094276700,2298,1861,1992,1994,2152,2170
4744189094359300,2300,1861,1994,1991,2152,2170
4744189094426000,2300,1861,1991,1992,2152,2169
4744189094522600,2299,1860,1993,1993,2153,2170
4744189094601200,2300,1859,1990,1992,2152,2169
4744189094668500,2298,1873,1991,1992,2152,2170
4744189094759100,2301,1862,1991,1989,2152,2170
4744189094833700,2300,1860,1992,1991,2153,2169
4744189094931300,2297,1860,1992,2016,2149,2169
4744189095014800,2298,1862,1992,1990,2153,2171
4744189095095900,2298,1861,2013,1993,2152,2170
4744189095177500,2298,1859,1993,1992,2154,2168
4744189095253200,2298,1861,1990,1991,2131,2169
4744189095336500,2300,1860,1993,1990,2152,2171
4744189095437500,2298,1861,1990,1993,2200,2170
4744189095534800,2298,1860,1992,1992,2162,2171
4744189095629700,2299,1861,1992,1990,2149,2172
4744189095710100,2298,1860,1993,1991,2138,2169
4744189095796800,2299,1862,2012,1993,2151,2169
4744189095893900,2298,1863,1990,1992,2148,2170
4744189095976400,2298,1860,1989,1992,2150,2169
4744189096052300,2297,1899,1993,1992,2152,2170
4744189096132100,2300,1712,1993,1992,2182,2169
4744189096213500,2301,1860,1991,1993,2152,2170
4744189096301600,2297,1861,1990,1993,2152,2169
4744189096390300,2296,1861,1991,1992,2151,2169
4744189096489000,2298,1861,1992,1994,2151,2231
4744189096561000,2298,1861,2014,1994,2149,2170
4744189096652100,2299,1859,1992,1995,2152,2169
4744189097050500,2299,1861,1993,1994,2152,2170
4744189097215000,2307,1863,1992,1994,2152,2169
4744189097347600,2299,1861,1992,1993,2150,2270
4744189097630300,2300,1859,1992,1994,2153,2169
4744189097725000,2300,1861,1991,1995,2153,2170
4744189097859700,2297,1860,1992,1996,2152,2171
4744189097960400,2299,1861,1993,1995,2150,2169
4744189098059100,2298,1862,1992,1996,2152,2169
4744189098135500,2300,1860,1993,1996,2160,2168
4744189098208100,2295,1863,1992,1994,2153,2170
4744189098327900,2300,1860,1994,1998,2154,2169
4744189098415800,2298,1860,1991,1998,2152,2220
4744189098508300,2299,1859,1991,1998,2152,2170
4744189098580200,2297,1861,1992,1998,2154,2171
4744189098792300,2298,1861,1992,2000,2152,2169
4744189098870600,2299,1860,1992,1998,2152,2169
4744189098957600,2297,1933,1993,1999,2152,2170
4744189099018500,2342,1861,1991,2000,1895,2167
4744189099094900,2300,1860,1993,1999,2155,2169
4744189099168900,2300,1860,2021,1983,2152,2169
4744189099230300,2299,1862,1993,2001,2153,2169
4744189099297900,2300,1861,1991,2003,2152,2169
4744189099363300,2299,1859,1994,2000,2154,2169
4744189099425400,2297,1861,1999,1999,2151,2169
4744189099484800,2421,1861,1992,2003,2151,2170
4744189099542000,2298,1860,1994,2002,2151,2169
4744189099598000,2298,1860,1993,1999,2152,2169
4744189099666100,2298,1861,1992,2001,2153,2170
4744189099738900,2299,1861,1991,2002,2151,2169
4744189099918300,2298,1860,1992,2002,2153,2170
4744189100013200,2298,1859,1992,2003,2152,2168
4744189100090500,2300,1861,1991,2003,2152,2236
4744189100285100,2298,1860,1991,2005,2301,2171
4744189100387300,2299,1860,1993,2004,2154,2169
4744189100456800,2300,1862,1994,2005,2151,2169
4744189100631500,2299,1860,1993,2007,2153,2170
4744189100730100,2298,1862,1992,2008,2152,2170
4744189100794200,2300,1864,1992,2009,2155,2168
4744189100966300,2297,1861,1992,2006,2154,2168
4744189101218800,2299,1874,1992,2008,2154,2170
4744189101467400,2299,1861,1991,2010,2154,2169
4744189101636200,2297,1860,1993,2010,2154,2168
4744189101773100,2299,1859,1992,2014,2153,2168
4744189101991300,2300,1862,1991,2016,2187,2170
4744189102222000,2299,1860,2013,2016,2153,2169
4744189102488900,2297,1861,1992,2018,2155,2168
4744189102857300,2299,1863,1990,2016,2154,2169
4744189103010900,2299,1861,1993,2017,2154,2170
4744189103138100,2298,1858,1991,2019,2200,2169
4744189103271100,2300,1860,1991,2019,2162,2169
4744189103373800,2298,1859,1993,2020,2155,2172
4744189103454900,2298,1862,1992,2021,2156,2170
4744189103598700,2298,1862,2013,2023,2156,2171
4744189103774100,2297,1861,1991,2023,2158,2169
4744189104047100,2300,1862,1989,2025,2158,2169
4744189104175000,2297,1897,1991,2026,2158,2171
4744189104269500,2298,1712,1993,2027,2194,2169
4744189104483400,2302,1861,1991,2026,2160,2170
4744189104616900,2299,1861,1991,2027,2157,2169
4744189104742300,2301,1861,1990,2026,2221,2170
4744189104940700,2300,1861,1993,2027,2158,2231
4744189105194600,2298,1860,2016,2031,2158,2169
4744189105286800,2299,1861,1991,2029,2156,2170
4744189105415100,2299,1859,1991,2029,2158,2169
4744189105697900,2309,1861,1992,2032,2159,2168
4744189105838000,2298,1860,1993,2029,2160,2267
4744189105939300,2301,1861,1992,2032,2159,2170
4744189106028600,2297,1862,1991,2031,2161,2170
4744189106144900,2297,1861,1990,2032,2162,2171
4744189106262100,2298,1861,1994,2032,2161,2168
4744189106355500,2300,1862,1992,2033,2161,2170
4744189106616800,2300,1861,1991,2033,2171,2170
4744189106932600,2298,1860,1992,2033,2161,2170
4744189107055600,2300,1861,1993,2033,2163,2169
4744189107182800,2299,1861,1992,2034,2165,2232
4744189107566300,2298,1861,1991,2035,2161,2170
4744189107807800,2299,1861,1992,2034,2164,2170
4744189108082700,2300,1862,1992,2033,2164,2170
4744189108208700,2299,1861,1992,2035,2163,2169
4744189108309500,2300,1937,1993,2034,2162,2139
4744189108397500,2349,1861,1990,2036,1906,2169
4744189108466200,2296,1860,1991,2036,2165,2169
4744189108637000,2300,1860,2018,1983,2165,2169
4744189108776300,2298,1861,1992,2035,2164,2173
4744189108976900,2300,1861,1992,2035,2164,2169
4744189109175000,2298,1860,1993,2034,2166,2170
4744189109314200,2299,1860,1998,2035,2165,2170
4744189109453300,2420,1861,1991,2035,2165,2169
4744189109592700,2297,1860,1992,2036,2164,2169
4744189109770400,2300,1861,1993,2034,2164,2168
4744189110177800,2301,1860,1992,2034,2166,2168
4744189110406700,2297,1861,1992,2036,2145,2168
4744189110524700,2297,1861,1992,2035,2164,2169
4744189110611800,2299,1861,1991,2035,2165,2169
4744189110700700,2300,1860,1993,2035,2165,2238
4744189110991600,2301,1859,1989,2036,2061,2169
4744189111107600,2297,1861,1992,2036,2166,2169
4744189111194200,2300,1860,1992,2037,2164,2170
4744189111327000,2298,1859,1993,2036,2165,2170
4744189111478100,2299,1861,1991,2037,2163,2170
4744189111585200,2299,1861,1993,2037,2165,2169
4744189111700800,2298,1862,1992,2035,2144,2170
4744189111780700,2297,1876,1992,2037,2164,2170
4744189111848300,2300,1862,1990,2036,2166,2169
4744189111908900,2298,1859,1991,2037,2166,2168
4744189111987900,2300,1860,1992,2062,2167,2169
4744189112068900,2298,1861,1991,2035,2200,2170
4744189112174900,2298,1860,2013,2036,2166,2170
4744189112251500,2298,1860,1993,2037,2167,2169
4744189112344200,2299,1861,1991,2035,2166,2169
4744189112421300,2300,1863,1992,2035,2167,2172
4744189112492400,2299,1861,1993,2037,2212,2169
4744189112577300,2298,1861,1993,2036,2174,2169
4744189112670100,2298,1860,1993,2037,2164,2171
4744189112750900,2298,1861,1991,2036,2164,2171
4744189112825700,2299,1861,2013,2036,2166,2171
4744189112903000,2297,1862,1993,2036,2167,2170
4744189648405900,2298,1861,1992,2036,2166,2168
4744189648825400,2299,1897,1993,2036,2165,2461
4744189649047200,2300,1712,1992,2037,2192,2168
4744189649333400,2299,1860,1993,2035,2168,2169
4744189649523700,2297,1861,1992,2036,2165,2167
4744189649684700,2299,1860,1991,2036,2166,2170
4744189649867300,2300,1861,1993,2036,2165,2235
4744189650121800,2298,1860,2017,2037,2166,2169
4744189650388700,2299,1860,1992,2037,2165,2169
4744189650555900,2298,1862,1992,2036,2165,2171
4744189650738700,2305,1861,1992,2038,2164,2169
4744189650983600,2298,1861,1992,2036,2164,2267
4744189651263300,2299,1860,1992,2036,2167,2168
4744189651345100,2300,1861,1993,2037,2166,2171
4744189651401900,2299,1861,1993,2037,2166,2169
4744189651451800,2301,1860,1994,2037,2167,2168
4744189651519400,2299,1860,1992,2036,2165,2168
4744189651653000,2300,1860,1992,2036,2176,2169
4744189651729800,2296,1861,1993,2036,2166,2170
4744189651785100,2299,1879,1992,2034,2168,2169
4744189651874900,2297,1860,1992,2036,2166,2231
4744189651926100,2300,1859,1992,2036,2166,2170
4744189651976300,2299,1861,1992,2036,2168,2170
4744189652036300,2298,1860,1993,2037,2165,2170
4744189652085000,2299,1860,1992,2037,2166,2170
4744189652172600,2298,1940,1993,2036,2168,2169
4744189652321500,2350,1860,1992,2038,1910,2169
4744189652389100,2298,1861,1992,2038,2169,2170
4744189652578700,2298,1860,2028,1983,2169,2170
4744189652828500,2298,1860,1992,2038,2167,2169
4744189652928600,2298,1861,1992,2038,2165,2169
4744189652997900,2299,1859,1993,2036,2166,2170
4744189653240600,2297,1861,1998,2035,2169,2171
4744189653354400,2419,1858,1993,2036,2166,2170
4744189653452900,2298,1860,1992,2035,2166,2169
4744189653526600,2301,1860,1992,2037,2166,2170
4744189653600500,2297,1861,1991,2036,2164,2170
4744189653685500,2298,1860,1991,2036,2166,2170
4744189653747400,2297,1861,1993,2036,2165,2170
4744189653802200,2299,1859,1993,2037,2168,2169
4744189653870700,2300,1859,1993,2036,2165,2228
4744189653951000,2298,1860,1990,2036,2060,2169
4744189654032400,2297,1859,1993,2037,2168,2169
4744189654098100,2298,1862,1992,2042,2166,2170
4744189654174600,2299,1861,1994,2037,2168,2169
4744189654271700,2299,1861,1992,2037,2168,2169
4744189654348200,2298,1860,1994,2037,2166,2170
4744189654424000,2300,1860,1993,2036,2225,2167
4744189654501600,2300,1873,1993,2037,2165,2171
4744189654717000,2301,1860,1990,2036,2168,2170
4744189654862700,2299,1860,1992,2037,2167,2169
4744189654985800,2298,1860,1992,2064,2167,2169
4744189655064500,2299,1860,1991,2036,2197,2170
4744189655211700,2297,1860,2012,2038,2166,2169
4744189655301600,2298,1861,1990,2037,2168,2170
4744189655382600,2297,1862,1991,2037,2148,2169
4744189655462800,2297,1864,1993,2039,2168,2171
4744189655525200,2298,1862,1991,2036,2208,2165
4744189655600900,2299,1860,1992,2037,2172,2169
4744189655687700,2298,1860,1992,2038,2169,2170
4744189655873000,2301,1863,1992,2037,2168,2167
4744189655974300,2299,1861,2013,2038,2166,2170
4744189656198600,2298,1861,1992,2037,2168,2169
4744189656286300,2299,1860,1993,2038,2171,2169
4744189656367700,2299,1896,1992,2037,2169,2462
4744189656438200,2298,1713,1992,2037,2200,2169
4744189656500300,2299,1860,1992,2037,2170,2169
4744189656558200,2301,1861,1992,2038,2167,2168
4744189657017500,2298,1861,1991,2038,2163,2170
4744189657138000,2300,1860,1992,2037,2168,2231
4744189657227100,2296,1862,2016,2039,2166,2170
4744189657308700,2300,1861,1992,2039,2168,2170
4744189657379700,2300,1861,1991,2039,2168,2170
4744189657468700,2309,1862,1990,2038,2167,2171
4744189657535500,2298,1862,1992,2038,2169,2266
4744189657597000,2300,1860,1992,2040,2169,2169
4744189657724900,2297,1861,1991,2040,2168,2170
4744189657797800,2299,1861,1992,2040,2169,2169
4744189657864600,2298,1860,1995,2039,2168,2172
4744189657942800,2300,1861,1992,2039,2167,2169
4744189658006700,2300,1859,1992,2040,2177,2171
4744189658061500,2297,1860,1992,2039,2170,2169
4744189658131200,2298,1862,1992,2040,2171,2169
4744189658199800,2298,1860,1992,2041,2168,2224
4744189658244800,2298,1861,1991,2041,2169,2169
4744189658312300,2301,1856,1992,2042,2171,2171
4744189658385200,2298,1860,1994,2040,2168,2168
4744189658479700,2297,1861,1993,2041,2169,2168
4744189658557100,2300,1935,1994,2043,2169,2170
4744189658852900,2346,1861,1992,2044,1910,2166
4744189658965600,2298,1862,1991,2042,2171,2169
4744189659179600,2301,1861,2019,1983,2171,2170
4744189659316700,2300,1861,1992,2045,2172,2169
4744189659393900,2298,1861,1992,2045,2169,2168
4744189659481400,2297,1860,1994,2044,2169,2169
4744189659555200,2300,1860,1998,2046,2169,2170
4744189659666300,2419,1860,1992,2047,2169,2169
4744189659899700,2298,1862,1994,2048,2169,2171
4744189660015400,2299,1860,1994,2050,2172,2167
4744189660120600,2300,1860,1993,2050,2170,2168
4744189660220500,2298,1861,1993,2050,2153,2169
4744189660321800,2298,1858,1994,2050,2171,2170
4744189660392000,2299,1862,1993,2050,2172,2169
4744189660548500,2298,1861,1993,2052,2169,2251
4744189660651500,2299,1860,1992,2052,2064,2170
4744189660725000,2298,1862,1994,2055,2172,2169
4744189660788800,2298,1861,1994,2058,2171,2169
4744189660850400,2301,1861,1999,2057,2171,2170
4744189660931800,2300,1861,1997,2059,2172,2170
4744189660991000,2299,1860,1997,2061,2172,2169
4744189661049300,2298,1862,1997,2064,2173,2170
4744189661105200,2298,1876,1998,2064,2172,2169
4744189661168700,2301,1861,1998,2064,2173,2169
4744189661224900,2298,1861,2000,2066,2173,2170
4744189661285900,2298,1859,1999,2068,2173,2166
4744189661371700,2300,1861,1999,2066,2205,2170
4744189661449300,2298,1862,2020,2072,2172,2169
4744189661507200,2298,1862,2004,2074,2175,2168
4744189661566000,2297,1863,2002,2073,2431,2159
4744189661617700,2299,1862,2005,2081,2176,2170
4744189661681600,2298,1861,2005,2078,2223,2168
4744189661749000,2300,1862,2007,2080,2184,2169
4744189661812800,2297,1862,2010,2084,2174,2172
4744189661886500,2298,1862,2011,2085,2177,2169
4744189661948000,2300,1861,2036,2089,2177,2169
4744189662010600,2298,1862,2017,2091,2177,2169
4744189662067000,2300,1862,2017,2094,2178,2169
4744189662124200,2297,1896,2023,2096,2179,2478
4744189662380900,2296,1713,2024,2098,2210,2170
4744189662474600,2299,1861,2026,2100,2182,2170
4744189662558700,2300,1861,2029,2102,2182,2168
4744189662624800,2297,1861,2034,2106,2254,2170
4744189662678000,2298,1861,2038,2110,2184,2228
4744189662739400,2298,1862,1811,2112,2184,2168
4744189662821000,2298,1861,2044,2114,2185,2169
4744189662875400,2298,1863,2048,2118,2187,2172
4744189662927400,2309,1861,2050,2120,2190,2169
4744189662977900,2298,1863,2056,2123,2186,2267
4744189663037400,2298,1861,2060,2128,2189,2170
4744189663147900,2299,1862,2064,2130,2187,2170
4744189663394600,2298,1861,2066,2134,2190,2170
4744189663507500,2299,1864,2072,2135,2188,2184
4744189663799600,2298,1862,2076,2137,2193,2170
4744189663890600,2298,1864,2080,2141,2209,2172
4744189663977900,2294,1862,2084,2146,2193,2168
4744189664072300,2299,1878,2092,2148,2197,2170
4744189664158000,2298,1861,2094,2153,2196,2140
4744189664238500,2301,1862,2097,2157,2199,2171
4744189664337200,2301,1862,2102,2160,2200,2171
4744189664453500,2300,1862,2110,2165,2202,2170
4744189664542900,2299,1862,2113,2170,2201,2171
4744189664619400,2298,1941,2116,2175,2204,2224
4744189664710900,2349,1861,2120,2179,1946,2167
4744189664792800,2300,1861,2126,2186,2207,2170
4744189664868400,2300,1861,2154,2186,2207,2168
4744189664955900,2300,1863,2131,2194,2208,2170
4744189665080600,2298,1863,2137,2204,2212,2170
4744189665157100,2299,1861,2142,2202,2212,2170
4744189665225200,2300,1861,2152,2206,2215,2171
4744189665318000,2421,1862,2147,2213,2216,2170
4744189665412100,2299,1863,2152,2220,2218,2170
4744189665523800,2297,1862,2158,2227,2218,2167
4744189665676700,2300,1863,2157,2231,2220,2171
4744189665882700,2299,1863,2160,2236,2264,2171
4744189666055900,2299,1861,2165,2241,2224,2170
4744189666158600,2299,1862,2169,2242,2226,2170
4744189666224600,2295,1862,2170,2245,2224,2256
4744189666285500,2298,1862,2171,2248,2117,2171
4744189666357300,2300,1862,2176,2251,2228,2170
4744189666425600,2301,1859,2176,2254,2227,2170
4744189666497800,2300,1860,2184,2255,2231,2171
4744189666620000,2297,1860,2188,2261,2234,2170
4744189666706200,2299,1860,2189,2265,2234,2172
4744189666790600,2299,1859,2188,2264,2235,2171
4744189666876800,2300,1872,2193,2272,2234,2171
4744189666988500,2301,1858,2193,2277,2236,2170
4744189667104600,2298,1855,2198,2282,2236,2170
4744189667219200,2296,1858,2200,2288,2236,2170
4744189667300200,2298,1858,2201,2289,2270,2172
4744189667419900,2298,1858,2222,2296,2241,2170
4744189667497400,2299,1858,2205,2301,2242,2171
4744189667562800,2299,1858,2206,2304,2242,2159
4744189667622400,2298,1860,2209,2308,2242,2171
4744189667678400,2298,1858,2209,2314,2290,2171
4744189667739600,2299,1858,2211,2319,2250,2171
4744189667796000,2298,1855,2214,2324,2244,2166
4744189667865700,2298,1857,2215,2328,2243,2170
4744189667928700,2299,1857,2236,2331,2242,2170
4744189667991900,2298,1858,2215,2331,2244,2172
4744189668052800,2301,1858,2217,2332,2244,2171
4744189668113000,2301,1895,2217,2332,2243,2498
4744189668357800,2300,1707,2216,2331,2268,2171
4744189668497100,2301,1857,2218,2331,2246,2171
4744189668602200,2302,1857,2218,2332,2246,2168
4744189668704200,2299,1859,2219,2331,2244,2169
4744189668802700,2299,1859,2219,2330,2245,2261
4744189668893000,2299,1858,2241,2331,2241,2170
4744189668979300,2301,1857,2218,2332,2245,2171
4744189669079000,2299,1855,2219,2330,2247,2172
4744189669167400,2310,1857,2218,2331,2246,2172
4744189669245500,2300,1858,2217,2330,2246,2266
4744189669314100,2300,1856,2217,2332,2245,2170
4744189669385800,2297,1857,2219,2331,2247,2170
4744189669460200,2301,1857,2217,2331,2245,2172
4744189669530700,2301,1857,2221,2331,2243,2180
4744189669587700,2301,1856,2218,2331,2244,2171
4744189669646700,2302,1858,2219,2332,2250,2173
4744189669717600,2300,1857,2218,2330,2244,2170
4744189669823600,2302,1858,2218,2330,2248,2173
4744189669898500,2301,1858,2219,2330,2245,2142
4744189669964100,2303,1858,2219,2332,2246,2171
4744189670024600,2304,1857,2219,2330,2246,2171
4744189670187500,2305,1858,2219,2331,2244,2170
4744189670249400,2305,1857,2219,2331,2245,2170
4744189670309200,2304,1937,2219,2330,2245,2243
4744189670375300,2359,1857,2217,2332,2245,2172
4744189670484000,2306,1857,2217,2332,2246,2170
4744189670576000,2306,1857,2260,2331,2245,2172
4744189670666900,2307,1857,2218,2333,2247,2170
4744189670793500,2306,1858,2217,2336,2244,2170
4744189670875000,2308,1857,2218,2330,2248,2171
4744189670947500,2305,1858,2223,2330,2247,2171
4744189671022800,2428,1857,2219,2330,2502,2171
4744189671102600,2304,1858,2218,2330,2246,2170
4744189671169500,2307,1855,2219,2332,2246,2170
4744189671253000,2308,1858,2219,2331,2246,2171
4744189671317400,2305,1857,2216,2331,2226,2173
4744189671373100,2305,1858,2218,2329,2244,2174
4744189671462300,2306,1858,2219,2330,2248,2170
4744189671527500,2305,1858,2219,2330,2246,2257
4744189671594100,2308,1857,2218,2330,2142,2171
4744189671678500,2307,1858,2218,2330,2247,2171
4744189671747400,2308,1857,2218,2332,2244,2170
4744189671812800,2308,1858,2219,2329,2245,2171
4744189671913700,2308,1857,2219,2329,2250,2171
4744189671985000,2306,1858,2220,2482,2247,2170
4744189672050700,2308,1858,2217,2330,2227,2170
4744189672233300,2307,1873,2218,2330,2247,2172
4744189672326100,2309,1857,2217,2331,2246,2170
4744189672533900,2307,1856,2219,2329,2247,2171
4744189672653400,2304,1856,2219,2331,2244,2170
4744189672732300,2307,1858,2219,2329,2276,2172
4744189672794800,2306,1857,2240,2332,2246,2171
4744189672853100,2307,1858,2220,2330,2248,2171
4744189672929500,2306,1858,2218,2328,2430,2159
4744189673007900,2308,1859,2219,2329,2248,2173
4744189673079200,2305,1859,2219,2328,2052,2169
4744189673149000,2309,1858,2219,2329,2254,2171
4744189673411900,2305,1857,2220,2329,2245,2171
4744189673512700,2309,1858,2219,2329,2246,2170
4744189673586700,2308,1858,2240,2331,2246,2171
4744189673648000,2307,1858,2219,2329,2246,2171
4744189673829600,2309,1857,2217,2330,2248,2171
4744189673956000,2308,1896,2219,2329,2247,2494
4744189674050800,2309,1709,2218,2329,2288,2169
4744189674168700,2307,1856,2221,2331,2247,2169
4744189674253400,2305,1858,2220,2329,2245,2169
4744189674322000,2307,1857,2219,2329,2247,2170
4744189674378700,2308,1858,2222,2329,2246,2259
4744189674437900,2307,1858,2245,2331,2246,2171
4744189674499400,2308,1857,2220,2330,2247,2171
4744189674556500,2309,1857,2221,2329,2248,2170
4744189674642600,2318,1857,2222,2331,2246,2171
4744189674697500,2308,1857,2224,2329,2246,2266
4744189674752300,2309,1856,2225,2330,2244,2170
4744189674825000,2307,1856,2225,2329,2249,2172
4744189674885400,2309,1858,2227,2330,2248,2172
4744189674939400,2307,1857,2230,2330,2246,2180
4744189674993000,2307,1858,2232,2329,2247,2171
4744189675061000,2308,1857,2232,2329,2059,2171
4744189675118400,2302,1855,2233,2330,2247,2170
4744189675174600,2308,1858,2236,2329,2251,2170
4744189675225500,2307,1856,2237,2330,2248,2141
4744189675305300,2308,1857,2238,2330,2250,2170
4744189675373600,2307,1858,2239,2330,2248,2171
4744189675431400,2306,1858,2241,2330,2249,2171
4744189675491400,2309,1856,2244,2331,2249,2170
4744189675552200,2306,1938,2244,2330,2250,2142
4744189675612400,2359,1856,2243,2332,2249,2171
4744189675686200,2307,1855,2243,2333,2253,2170
4744189675757600,2309,1856,2282,2331,2252,2171
4744189675816800,2307,1856,2248,2330,2254,2170
4744189675882200,2308,1863,2248,2331,2255,2173
4744189675941600,2308,1856,2249,2330,2254,2172
4744190215629100,2306,1858,2258,2329,2251,2170
4744190216029600,2431,1857,2254,2330,2509,2170
4744190216198600,2307,1858,2255,2330,2254,2171
4744190216289000,2306,1855,2255,2331,2252,2169
4744190216356200,2308,1857,2256,2330,2253,2171
4744190216535300,2309,1857,2256,2330,2300,2171
4744190216650400,2307,1855,2259,2303,2253,2171
4744190216890900,2309,1856,2258,2330,2256,2170
4744190217371600,2307,1854,2259,2329,2253,2258
4744190217760200,2305,1856,2259,2330,2149,2169
4744190218070700,2308,1855,2259,2330,2256,2170
4744190218171100,2309,1855,2260,2330,2256,2170
4744190218417900,2308,1855,2261,2329,2256,2171
4744190218493400,2306,1856,2261,2330,2257,2170
4744190218556900,2308,1855,2260,2175,2257,2169
4744190218610400,2310,1854,2259,2329,2256,2169
4744190218666100,2308,1870,2260,2332,2259,2171
4744190218733700,2307,1854,2259,2330,2257,2171
4744190218785200,2310,1854,2259,2330,2259,2171
4744190218837300,2306,1851,2259,2412,2256,2169
4744190218898700,2309,1855,2258,2330,2258,2171
4744190218953200,2307,1855,2268,2331,2256,2170
4744190219007900,2309,1854,2260,2330,2259,2168
4744190219083600,2307,1855,2260,2330,2539,2159
4744190219360700,2308,1856,2261,2330,2260,2173
4744190219421100,2306,1853,2260,2331,2066,2171
4744190219478900,2308,1855,2261,2330,2259,2170
4744190219538400,2308,1855,2260,2330,2259,2170
4744190219782900,2306,1855,2259,2330,2262,2168
4744190219835900,2309,1859,2279,2331,2261,2171
4744190219892100,2308,1854,2261,2330,2262,2171
4744190219947700,2307,1855,2261,2332,2260,2169
4744190220020100,2308,1891,2262,2331,2262,2172
4744190220325600,2308,1707,2260,2332,2048,2170
4744190220415700,2308,1852,2262,2333,2261,2170
4744190220726900,2306,1856,2261,2331,2263,2176
4744190220857900,2309,1855,2261,2333,2268,2172
4744190221016300,2308,1854,2261,2333,2261,2258
4744190221113200,2308,1854,2286,2335,2262,2171
4744190221239700,2309,1854,2262,2335,2263,2170
4744190221377100,2308,1855,2262,2336,2264,2172
4744190221475300,2318,1857,2260,2336,2264,2171
4744190221574700,2309,1853,2264,2333,2264,2258
4744190221685000,2309,1853,2263,2337,2263,2171
4744190221863600,2310,1853,2264,2336,2265,2171
4744190222266900,2310,1856,2264,2337,2266,2172
4744190222401300,2309,1856,2266,2338,2266,2184
4744190222484000,2309,1853,2265,2337,2265,2171
4744190222792600,2310,1854,2266,2339,2086,2173
4744190222879100,2306,1853,2266,2345,2524,2170
4744190223104400,2308,1857,2268,2338,2269,2172
4744190223189800,2311,1854,2267,2339,2269,2238
4744190223515700,2309,1854,2270,2339,2269,2170
4744190223791300,2310,1856,2269,2336,2268,2170
4744190224064700,2311,1854,2269,2337,2269,2171
4744190224190200,2309,1852,2272,2339,2271,2170
4744190224524200,2308,1921,2271,2340,2270,2171
4744190224668500,2352,1854,2269,2342,2270,2170
4744190224745200,2312,1854,2270,2341,2272,2170
4744190224947900,2310,1854,2307,2339,2272,2171
4744190225157400,2312,1856,2271,2340,2270,2170
4744190225547900,2309,1853,2271,2338,2273,2171
4744190225638900,2312,1853,2272,2339,2272,2172
4744190225985000,2310,1854,2275,2339,2269,2171
4744190226249900,2431,1853,2272,2341,2527,2170
4744190226407400,2310,1854,2271,2340,2270,2170
4744190226518700,2313,1854,2273,2342,2270,2170
4744190226748300,2309,1854,2271,2340,2272,2173
4744190227082900,2309,1856,2270,2340,2271,2170
4744190227364200,2312,1854,2272,2340,2270,2170
4744190227640600,2311,1854,2273,2340,2272,2171
4744190228001500,2309,1856,2272,2341,2270,2256
4744190228208300,2310,1855,2272,2340,2170,2170
4744190228299400,2311,1856,2273,2341,2272,2170
4744190228574300,2312,1856,2272,2342,2272,2172
4744190229031600,2311,1856,2274,2343,2272,2172
4744190229156400,2310,1854,2274,2342,2272,2171
4744190229252400,2312,1855,2276,2494,2271,2170
4744190229361500,2309,1855,2274,2342,2270,2170
4744190229571800,2312,1869,2273,2342,2276,2171
4744190230286200,2313,1854,2274,2344,2271,2171
4744190230400900,2311,1854,2274,2342,2271,2170
4744190230665200,2312,1854,2275,2342,2271,2169
4744190230783600,2310,1854,2275,2342,2302,2170
4744190230855900,2312,1854,2282,2343,2272,2170
4744190230914500,2310,1854,2276,2343,2273,2170
4744190230969800,2309,1855,2275,2342,2255,2159
4744190231024300,2309,1856,2275,2340,2273,2173
4744190231077000,2310,1853,2275,2344,2070,2170
4744190231129700,2310,1856,2275,2344,2274,2170
4744190231371100,2311,1853,2277,2343,2272,2170
4744190231673300,2311,1855,2276,2343,2271,2171
4744190231834100,2312,1853,2288,2345,2272,2170
4744190232087600,2312,1859,2275,2345,2272,2172
4744190232425200,2309,1855,2273,2344,2272,2169
4744190232703500,2310,1890,2276,2344,2272,2172
4744190233030100,2310,1705,2277,2344,2299,2169
4744190233309700,2311,1854,2277,2344,2272,2171
4744190233432700,2310,1854,2277,2344,2272,2172
4744190233548100,2309,1854,2275,2345,2273,2171
4744190233626900,2311,1855,2277,2343,2274,2239
4744190233750200,2312,1857,2297,2345,2270,2169
4744190233842000,2312,1854,2277,2345,2272,2170
4744190233943600,2309,1853,2277,2345,2273,2171
4744190234031300,2318,1853,2277,2345,2273,2170
4744190234144600,2310,1852,2278,2345,2269,2241
4744190234236200,2311,1854,2276,2346,2272,2171
4744190234385500,2310,1855,2276,2345,2271,2171
4744190234543800,2312,1855,2276,2346,2273,2173
4744190234703400,2312,1853,2281,2345,2270,2184
4744190234814400,2309,1854,2276,2347,2272,2171
4744190234950600,2312,1853,2277,2345,2074,2171
4744190235056700,2310,1854,2276,2352,2272,2170
4744190235201500,2311,1868,2279,2344,2272,2170
4744190235343800,2310,1855,2277,2346,2273,2170
4744190235467100,2312,1854,2278,2346,2273,2168
4744190235618500,2311,1855,2279,2346,2273,2171
4744190235720000,2311,1855,2278,2347,2272,2170
4744190235875600,2311,1854,2278,2347,2273,2170
4744190236005400,2311,1922,2279,2348,2273,2172
4744190236106600,2358,1854,2278,2348,2272,2171
4744190236191800,2310,1853,2278,2354,2273,2169
4744190236259800,2312,1854,2312,2347,2272,2170
4744190236419500,2310,1855,2279,2349,2273,2171
4744190236515400,2310,1855,2279,2348,2273,2170
4744190236647800,2311,1854,2282,2348,2273,2170
4744190236846600,2310,1854,2285,2348,2273,2169
4744190236974000,2432,1854,2280,2348,2527,2170
4744190237038700,2310,1854,2282,2348,2271,2170
4744190237098800,2311,1855,2280,2349,2272,2170
4744190237230300,2309,1855,2281,2348,2271,2171
4744190237321900,2312,1855,2285,2350,2253,2170
4744190237394000,2313,1855,2283,2349,2272,2171
4744190237474200,2310,1854,2284,2349,2273,2169
4744190237536500,2310,1856,2281,2350,2272,2246
4744190237611900,2312,1855,2283,2350,2169,2170
4744190237694400,2311,1854,2285,2352,2271,2171
4744190237825700,2312,1856,2284,2352,2272,2170
4744190237911900,2312,1855,2287,2351,2270,2171
4744190238003200,2312,1856,2286,2352,2272,2171
4744190238121900,2311,1855,2288,2352,2274,2170
4744190238236800,2310,1854,2286,2352,2272,2170
4744190238356200,2312,1868,2286,2353,2276,2171
4744190238445800,2313,1853,2284,2356,2272,2169
4744190238517900,2311,1853,2287,2352,2273,2170
4744190238599700,2310,1855,2288,2351,2272,2170
4744190238675400,2310,1854,2287,2352,2290,2171
4744190238740600,2310,1855,2291,2352,2273,2171
4744190238802300,2312,1855,2288,2350,2272,2170
4744190238868600,2311,1855,2289,2352,2273,2159
4744190238930600,2312,1856,2289,2354,2273,2173
4744190239000000,2311,1853,2288,2352,2066,2169
4744190239062500,2309,1853,2289,2354,2273,2170
4744190239157300,2310,1855,2288,2354,2272,2168
4744190239239600,2312,1853,2290,2352,2325,2170
4744190239334100,2311,1854,2294,2354,2272,2170
4744190239420500,2312,1854,2290,2354,2270,2169
4744190239506500,2313,1855,2289,2354,2272,2169
4744190239580400,2309,1880,2292,2352,2274,2171
4744190239650000,2309,1706,2290,2354,2048,2172
4744190239712600,2310,1853,2291,2354,2271,2169
4744190239773400,2309,1854,2290,2354,2272,2173
4744190239830100,2312,1854,2290,2354,2310,2170
4744190239890900,2310,1856,2291,2354,2272,2230
4744190240068400,2310,1856,2052,2357,2273,2169
4744190240183200,2313,1854,2290,2356,2272,2169
4744190240347100,2312,1855,2290,2355,2272,2169
4744190240536900,2317,1853,2290,2356,2274,2169
4744190240672100,2312,1854,2291,2356,2273,2224
4744190241051800,2311,1853,2290,2357,2273,2169
4744190241196700,2313,1853,2291,2356,2273,2170
4744190241381100,2307,1855,2291,2358,2273,2171
4744190241574200,2311,1855,2294,2358,2270,2178
4744190241692100,2312,1855,2292,2357,2272,2168
4744190241814700,2313,1853,2291,2358,2058,2171
4744190241985900,2310,1854,2292,2360,2275,2169
4744190242151100,2312,1855,2293,2358,2274,2170
4744190242256200,2310,1853,2291,2357,2272,2169
4744190242336200,2311,1855,2291,2360,2270,2168
4744190242455800,2311,1854,2292,2360,2273,2170
4744190242646000,2312,1855,2293,2360,2272,2168
4744190243010900,2311,1854,2292,2359,2271,2169
4744190243106300,2310,1879,2293,2360,2274,2139
4744190243177100,2332,1855,2291,2360,2274,2169
4744190243321800,2311,1854,2289,2362,2274,2169
4744190243378100,2312,1853,2308,2362,2274,2168
4744190243430600,2311,1854,2292,2361,2271,2170
4744190243492000,2312,1855,2292,2360,2274,2169
4744190243550100,2311,1854,2293,2361,2275,2169
4744190243668900,2312,1856,2295,2359,2274,2171
4744190243822700,2436,1855,2293,2360,2274,2167
4744190243932300,2309,1856,2293,2360,2276,2168
4744190244033500,2312,1854,2293,2362,2274,2168
4744190244103600,2309,1856,2294,2360,2274,2168
4744190244168500,2310,1854,2294,2360,2297,2168
4744190244332400,2310,1856,2295,2362,2274,2172
4744190244416900,2312,1854,2294,2362,2274,2169
4744190244476100,2311,1854,2293,2361,2273,2215
4744190244528700,2310,1854,2293,2360,2171,2169
4744190244600100,2310,1854,2295,2363,2275,2169
4744190244711200,2312,1855,2294,2365,2274,2168
4744190244786300,2311,1855,2297,2361,2274,2169
4744190244865100,2311,1855,2295,2364,2274,2168
4744190244936700,2312,1855,2295,2364,2275,2168
4744190245011100,2310,1854,2293,2360,2274,2169
4744190245087900,2312,1856,2295,2363,2278,2170
4744190245148800,2311,1854,2294,2362,2274,2169
4744190245299700,2312,1854,2295,2363,2277,2168
4744190245471600,2312,1854,2294,2364,2274,2168
4744190245546600,2311,1855,2294,2364,2277,2168
4744190245665300,2311,1854,2294,2367,2276,2167
4744190245780000,2313,1854,2295,2365,2275,2168
4744190245902400,2310,1855,2294,2364,2277,2159
4744190246026100,2310,1856,2297,2364,2278,2169
4744190246119700,2309,1856,2295,2363,2295,2169
4744190246242700,2308,1854,2296,2365,2274,2167
4744190246344800,2311,1854,2296,2366,2275,2169
4744190246453700,2311,1856,2295,2364,2278,2169
4744190246510000,2313,1854,2296,2367,2277,2167
4744190246585000,2312,1854,2295,2365,2276,2167
4744190246734800,2312,1852,2296,2366,2276,2167
4744190246829000,2311,1864,2298,2365,2276,2168
4744190246956000,2312,1706,2296,2368,2286,2169
4744190247062500,2312,1852,2297,2366,2277,2169
4744190247322800,2312,1854,2296,2365,2277,2168
4744190247483300,2312,1853,2295,2368,2279,2168
4744190247718900,2310,1854,2297,2367,2278,2202
4744190247874900,2312,1854,2300,2367,2278,2168
4744190248001600,2311,1855,2296,2367,2277,2168
4744190248142600,2311,1854,2297,2368,2280,2169
4744190248231900,2306,1855,2294,2366,2279,2169
4744190248313200,2311,1856,2298,2365,2280,2198
4744190248419400,2311,1854,2297,2366,2280,2169
4744190248525300,2310,1854,2295,2368,2279,2168
4744190248606600,2312,1854,2297,2364,2282,2167
4744190248673700,2309,1854,2293,2367,2280,2172
4744190248736100,2312,1854,2297,2367,2280,2168
4744190248799700,2310,1854,2297,2368,2281,2169
4744190248857400,2309,1853,2297,2368,2282,2169
4744190248948100,2310,1855,2298,2367,2283,2169
4744190249010500,2311,1853,2297,2368,2282,2168
4744190249100000,2310,1855,2297,2369,2283,2168
4744190249182900,2308,1856,2296,2368,2284,2168
4744190249262900,2311,1856,2298,2367,2285,2168
4744190249386100,2309,1854,2296,2367,2283,2168
4744190249475100,2309,1851,2298,2368,2284,2202
4744190249562200,2326,1854,2296,2369,2283,2169
4744190249632900,2312,1854,2296,2368,2286,2166
4744190249697500,2309,1851,2308,2367,2285,2168
4744190249852000,2309,1854,2297,2369,2285,2170
4744190249926300,2312,1855,2296,2368,2287,2167
4744190250007700,2311,1853,2298,2368,2284,2169
4744190250072900,2313,1854,2299,2370,2285,2168
4744190250163300,2436,1854,2297,2369,2284,2169
4744190250253200,2308,1856,2297,2370,2285,2168
4744190250377800,2312,1855,2296,2370,2284,2168
4744190250546300,2310,1854,2298,2370,2285,2169
4744190250672300,2310,1855,2297,2370,2284,2169
4744190250881700,2313,1855,2298,2370,2284,2168
4744190251007100,2311,1853,2297,2368,2284,2168
4744190251131900,2310,1856,2297,2370,2283,2222
4744190251282100,2309,1854,2297,2370,2180,2168
4744190251410600,2309,1855,2297,2370,2283,2168
4744190251495200,2312,1854,2296,2372,2284,2168
4744190251635300,2310,1855,2299,2369,2285,2169
4744190251708700,2309,1854,2298,2371,2285,2168
4744190251834700,2311,1854,2298,2370,2286,2168
4744190251980600,2308,1855,2299,2370,2268,2167
4744190252090200,2312,1860,2298,2373,2288,2170
4744190252241500,2310,1853,2298,2370,2284,2168
4744190252371900,2310,1854,2298,2370,2287,2169
4744190252486100,2310,1854,2298,2371,2284,2169
4744190252613700,2307,1857,2297,2370,2303,2168
4744190252731300,2310,1855,2298,2372,2286,2168
4744190252808800,2309,1855,2299,2371,2287,2168
4744190252932600,2309,1855,2298,2370,2285,2159
4744190253109200,2311,1854,2299,2372,2286,2169
4744190253234300,2310,1854,2298,2371,2058,2168
4744190253393700,2310,1854,2299,2370,2288,2167
4744190253549900,2309,1855,2299,2371,2285,2168
4744190253659400,2309,1855,2299,2371,2284,2169
4744190253776700,2310,1859,2307,2372,2286,2168
4744190253903200,2309,1854,2298,2371,2286,2169
4744190782932500,2309,1855,2297,2371,2284,2167
4744190783419400,2310,1874,2299,2372,2286,2170
4744190783651500,2308,1706,2299,2372,2048,2167
4744190783850300,2310,1854,2301,2372,2286,2168
4744190784219600,2310,1853,2298,2372,2286,2169
4744190784524000,2308,1854,2297,2372,2295,2167
4744190784923600,2307,1855,2300,2371,2286,2198
4744190785223700,2310,1853,2052,2375,2285,2166
4744190785624300,2308,1853,2298,2373,2288,2168
4744190785955100,2308,1855,2299,2372,2286,2168
4744190786057200,2312,1853,2298,2374,2286,2167
4744190786296600,2308,1854,2298,2373,2288,2204
4744190786667100,2308,1852,2299,2372,2287,2169
4744190786779900,2308,1854,2297,2373,2287,2169
4744190787151300,2309,1853,2298,2372,2288,2169
4744190787446500,2307,1854,2302,2373,2286,2178
4744190787568800,2307,1852,2298,2371,2283,2167
4744190787893500,2306,1854,2298,2373,2065,2168
4744190788012500,2305,1854,2297,2374,2287,2166
4744190788122900,2307,1859,2299,2372,2289,2168
4744190788210800,2307,1853,2298,2372,2287,2167
4744190788638800,2311,1854,2299,2372,2289,2168
4744190788755200,2306,1855,2300,2373,2285,2168
4744190788980100,2308,1853,2299,2374,2289,2169
4744190789112800,2306,1854,2300,2374,2285,2169
4744190789815800,2310,1895,2299,2373,2286,2168
4744190790153000,2336,1853,2299,2374,2284,2167
4744190790275700,2306,1854,2298,2375,2287,2168
4744190790371200,2308,1852,2319,2367,2287,2167
4744190790515900,2308,1854,2299,2374,2290,2167
4744190790655300,2305,1855,2299,2374,2290,2167
4744190790862400,2305,1854,2299,2373,2289,2168
4744190790953000,2305,1854,2304,2373,2289,2169
4744190791167000,2427,1854,2298,2375,2543,2168
4744190791320000,2300,1856,2298,2373,2288,2169
4744190791440400,2303,1853,2299,2374,2290,2167
4744190791820400,2302,1856,2299,2374,2288,2170
4744190792149400,2304,1853,2298,2373,2288,2168
4744190792539900,2302,1854,2300,2372,2289,2166
4744190792710000,2301,1854,2301,2374,2288,2168
4744190792830600,2301,1856,2299,2372,2290,2224
4744190793178700,2304,1854,2298,2373,2187,2169
4744190793307000,2302,1855,2299,2375,2291,2168
4744190793404500,2301,1854,2299,2374,2290,2168
4744190793612200,2301,1853,2301,2373,2290,2168
4744190794038100,2300,1855,2299,2374,2291,2168
4744190794288700,2301,1854,2300,2374,2292,2168
4744190794567000,2300,1854,2299,2372,2298,2167
4744190794704400,2302,1856,2299,2374,2292,2168
4744190794842000,2303,1857,2298,2374,2292,2168
4744190794922300,2299,1853,2299,2374,2292,2166
4744190794982900,2301,1853,2298,2374,2291,2168
4744190795039300,2300,1854,2299,2375,2298,2168
4744190795102800,2302,1854,2299,2374,2291,2167
4744190795156900,2302,1855,2298,2374,2292,2168
4744190795358900,2301,1854,2299,2372,2274,2159
4744190795464700,2299,1856,2299,2374,2293,2169
4744190795536300,2298,1855,2298,2374,2057,2169
4744190795591800,2301,1853,2299,2374,2294,2168
4744190795653900,2299,1854,2299,2374,2294,2168
4744190795713100,2299,1854,2298,2373,2318,2168
4744190795777200,2301,1853,2298,2376,2294,2168
4744190795832200,2301,1854,2299,2375,2294,2169
4744190795924300,2299,1851,2297,2373,2294,2168
4744190796023800,2299,1876,2301,2374,2295,2373
4744190796316900,2298,1705,2299,2373,2052,2167
4744190796398500,2301,1854,2300,2374,2295,2168
4744190796642100,2302,1854,2299,2375,2294,2168
4744190796728800,2300,1855,2297,2376,2300,2168
4744190796982200,2298,1855,2300,2374,2295,2212
4744190797068900,2298,1854,2058,2376,2295,2165
4744190797126500,2298,1854,2300,2376,2297,2167
4744190797178500,2300,1855,2299,2374,2297,2170
4744190797239400,2304,1855,2298,2376,2294,2168
4744190797320400,2300,1854,2300,2374,2296,2226
4744190797395900,2301,1854,2299,2375,2297,2167
4744190797538800,2297,1855,2297,2376,2299,2168
4744190797629400,2297,1855,2299,2376,2297,2167
4744190797737100,2300,1854,2303,2375,2294,2178
4744190797858800,2298,1856,2300,2376,2291,2169
4744190797971500,2300,1853,2300,2376,2296,2169
4744190798533100,2294,1854,2299,2376,2296,2167
4744190798659800,2297,1861,2301,2376,2298,2169
4744190798742400,2299,1854,2299,2376,2298,2169
4744190798894200,2297,1854,2298,2376,2297,2169
4744190798993400,2297,1855,2299,2376,2297,2168
4744190799130900,2298,1854,2300,2376,2298,2168
4744190799269100,2297,1856,2300,2376,2295,2168
4744190799384000,2296,1896,2300,2377,2299,2137
4744190799471600,2329,1855,2297,2378,2298,2169
4744190799533300,2298,1853,2300,2378,2298,2168
4744190799603000,2298,1854,2313,2367,2300,2168
4744190800272900,2299,1853,2299,2377,2300,2167
4744190800349700,2297,1854,2300,2376,2298,2167
4744190800448500,2299,1854,2300,2377,2300,2169
4744190800522300,2297,1854,2304,2377,2299,2167
4744190800591700,2420,1856,2300,2377,2555,2168
4744190800654000,2297,1854,2300,2376,2299,2166
4744190800714400,2299,1854,2300,2378,2299,2164
4744190800773900,2297,1855,2300,2377,2296,2169
4744190800901100,2296,1854,2300,2379,2299,2167
4744190800962400,2298,1855,2299,2376,2298,2169
4744190801034500,2298,1853,2300,2377,2300,2168
4744190801102500,2296,1856,2300,2378,2297,2223
4744190801171600,2298,1854,2299,2377,2194,2169
4744190801235400,2297,1854,2299,2379,2298,2167
4744190801298000,2299,1853,2300,2379,2300,2163
4744190801360700,2299,1854,2302,2377,2300,2168
4744190801421600,2298,1853,2301,2379,2297,2167
4744190801482400,2296,1856,2301,2378,2299,2168
4744190801578700,2296,1854,2299,2378,2282,2166
4744190801646400,2298,1858,2301,2377,2300,2168
4744190801741300,2298,1854,2299,2378,2301,2168
4744190801807900,2297,1852,2300,2378,2301,2167
4744190801869300,2295,1855,2300,2378,2302,2165
4744190801935000,2299,1854,2300,2377,2301,2168
4744190802012500,2299,1855,2302,2379,2300,2167
4744190802143400,2296,1855,2301,2378,2300,2168
4744190802234100,2297,1855,2301,2378,2506,2159
4744190802308600,2298,1856,2301,2378,2557,2170
4744190802381900,2296,1854,2300,2379,2072,2167
4744190802446000,2296,1854,2301,2380,2301,2167
4744190802510800,2297,1857,2303,2378,2298,2167
4744190802698900,2298,1855,2300,2380,2299,2167
4744190802779500,2296,1854,2302,2380,2300,2168
4744190802861900,2298,1855,2300,2377,2302,2169
4744190803093800,2296,1853,2300,2377,2301,2167
4744190803175100,2295,1882,2300,2377,2301,2411
4744190803246100,2296,1703,2300,2379,2057,2167
4744190803307100,2295,1854,2300,2380,2301,2168
4744190803362000,2295,1856,2300,2380,2301,2167
4744190803716200,2296,1856,2301,2379,2307,2168
4744190803854000,2295,1854,2302,2377,2302,2222
4744190803972400,2297,1854,2318,2380,2302,2165
4744190804086100,2295,1854,2300,2380,2302,2167
4744190804168800,2298,1854,2300,2379,2302,2168
4744190804251100,2300,1854,2298,2380,2302,2168
4744190804345400,2297,1856,2300,2379,2304,2220
4744190804509400,2298,1855,2301,2378,2303,2168
4744190804857700,2297,1855,2301,2379,2305,2168
4744190805131100,2298,1854,2301,2379,2304,2167
4744190805269200,2297,1855,2301,2380,2304,2177
4744190805409100,2295,1854,2301,2380,2304,2167
4744190805561100,2297,1855,2300,2377,2048,2167
4744190805761700,2293,1854,2300,2380,2302,2167
4744190805853700,2295,1855,2301,2379,2304,2168
4744190805985500,2295,1854,2300,2379,2304,2169
4744190806070500,2297,1854,2299,2379,2304,2168
4744190806182500,2298,1854,2301,2379,2304,2169
4744190806273100,2295,1855,2300,2380,2305,2168
4744190806402500,2294,1854,2300,2381,2305,2168
4744190806689600,2294,1840,2302,2379,2305,2167
4744190806800800,2298,1856,2300,2380,2048,2166
4744190806905000,2297,1853,2300,2379,2307,2167
4744190806979600,2294,1854,2310,2378,2306,2167
4744190807207200,2295,1856,2300,2381,2303,2167
4744190807272900,2295,1854,2299,2378,2307,2165
4744190807371600,2296,1854,2302,2378,2306,2168
4744190807588200,2294,1855,2300,2379,2306,2167
4744190807698100,2427,1854,2301,2380,2049,2168
4744190807771200,2292,1854,2300,2380,2307,2168
4744190807837700,2296,1854,2301,2380,2306,2167
4744190807900900,2294,1853,2301,2380,2305,2168
4744190807956800,2297,1853,2300,2379,2305,2167
4744190808016700,2294,1856,2301,2379,2306,2169
4744190808075200,2296,1854,2300,2380,2306,2168
4744190808137600,2296,1854,2301,2380,2305,2212
4744190808189500,2294,1854,2299,2380,2456,2168
4744190808240800,2294,1854,2302,2378,2309,2167
4744190808596200,2294,1853,2300,2381,2306,2168
4744190808692000,2297,1854,2301,2380,2306,2169
4744190808942000,2296,1854,2301,2380,2305,2168
4744190809032700,2296,1855,2048,2379,2307,2168
4744190809135900,2296,1854,2301,2379,2288,2167
4744190809240200,2297,1862,2300,2381,2308,2168
4744190809334300,2298,1854,2299,2379,2307,2167
4744190809451800,2296,1854,2301,2380,2306,2168
4744190809601400,2294,1855,2300,2379,2307,2166
4744190809694200,2297,1854,2300,2377,2309,2166
4744190809761100,2297,1855,2300,2380,2308,2167
4744190809850800,2296,1854,2301,2381,2309,2165
4744190809925300,2296,1855,2300,2380,2307,2159
4744190809995400,2295,1857,2301,2379,2307,2170
4744190810082800,2294,1855,2301,2380,2330,2167
4744190810156500,2297,1856,2301,2380,2307,2166
4744190810369200,2296,1853,2302,2379,2308,2167
4744190810441200,2297,1854,2300,2380,2308,2167
4744190810498500,2297,1855,2301,2381,2307,2168
4744190810851900,2296,1855,2301,2380,2307,2166
4744190810964100,2295,1853,2301,2381,2306,2167
4744190811058500,2295,1879,2301,2379,2309,2392
4744190811135800,2296,1704,2301,2379,2320,2168
4744190811264000,2298,1854,2301,2380,2308,2167
4744190811406700,2297,1855,2301,2378,2308,2168
4744190811508300,2296,1853,2301,2380,2313,2168
4744190811658200,2298,1853,2301,2379,2308,2216
4744190811771400,2297,1855,2317,2381,2308,2166
4744190811910200,2294,1853,2301,2380,2307,2168
4744190812030900,2298,1853,2302,2380,2308,2169
4744190812138600,2301,1855,2299,2380,2308,2167
4744190812248300,2296,1854,2301,2379,2307,2218
4744190812310100,2298,1853,2299,2381,2309,2168
4744190812549800,2295,1855,2299,2380,2309,2168
4744190812615000,2296,1854,2301,2380,2309,2167
4744190812675300,2296,1855,2048,2380,2306,2178
4744190812758100,2298,1853,2302,2379,2307,2166
4744190812823800,2296,1854,2300,2377,2308,2170
4744190812887400,2294,1854,2300,2380,2308,2168
4744190812947100,2294,1855,2301,2380,2310,2168
4744190813000200,2295,1853,2301,2379,2310,2168
4744190813058300,2297,1855,2301,2380,2310,2167
4744190813129400,2295,1856,2300,2378,2309,2167
4744190813304600,2295,1855,2301,2379,2309,2167
4744190813387400,2297,1853,2301,2381,2309,2167
4744190813466500,2296,1905,2301,2380,2310,2169
4744190813553000,2326,1855,2300,2381,2053,2167
4744190813619400,2297,1854,2300,2381,2312,2168
4744190813685400,2297,1856,2316,2367,2310,2168
4744190813759500,2295,1854,2300,2381,2309,2167
4744190813826600,2296,1854,2300,2379,2308,2165
4744190813885100,2295,1855,2301,2379,2312,2168
4744190813942500,2295,1855,2305,2379,2311,2166
4744190813999200,2422,1855,2300,2380,2309,2167
4744190814070300,2293,1854,2305,2380,2311,2167
4744190814132900,2295,1853,2301,2381,2309,2166
4744190814186500,2297,1853,2301,2379,2311,2167
4744190814243000,2296,1857,2300,2380,2309,2167
4744190814300900,2296,1856,2300,2379,2310,2169
4744190814364800,2296,1854,2301,2380,2311,2167
4744190814429900,2296,1856,2300,2381,2306,2238
4744190814492300,2296,1856,2299,2380,2460,2167
4744190814550000,2294,1855,2301,2379,2311,2165
4744190814611100,2295,1855,2300,2381,2311,2169
4744190814690600,2296,1853,2302,2381,2313,2166
4744190814756900,2295,1854,2301,2381,2310,2166
4744190814828200,2295,1854,2302,2380,2311,2167
4744190814901300,2294,1856,2299,2376,2310,2166
4744190814966800,2297,1865,2300,2380,2312,2168
4744190815028200,2298,1854,2301,2379,2312,2166
4744190815088000,2294,1853,2301,2380,2311,2165
4744190815147800,2297,1853,2300,2381,2310,2165
4744190815202000,2298,1853,2299,2378,2330,2166
4744190815260200,2296,1854,2302,2381,2310,2166
4744190815320400,2296,1854,2301,2380,2306,2166
4744190815378100,2296,1854,2300,2380,2312,2159
4744190815434800,2295,1856,2301,2380,2311,2168
4744190815530100,2296,1854,2301,2381,2338,2165
4744190815594600,2294,1856,2301,2379,2310,2165
4744190815677300,2293,1855,2302,2380,2310,2166
4744190815753300,2298,1855,2300,2380,2311,2165
4744190815825400,2296,1855,2302,2379,2310,2166
4744190816024600,2295,1854,2301,2380,2310,2166
4744190816115900,2297,1855,2301,2381,2312,2165
4744190816196600,2295,1886,2301,2378,2312,2167
4744190816262300,2296,1704,2301,2381,2327,2165
4744190816566800,2298,1854,2299,2379,2312,2165
4744190816865200,2295,1855,2299,2379,2311,2166
4744190816983300,2297,1854,2301,2380,2315,2167
4744190817077200,2298,1856,2300,2379,2311,2217
4744190817248900,2296,1854,2322,2383,2312,2164
4744190817351000,2296,1853,2300,2381,2311,2166
4744190817416600,2294,1855,2301,2380,2313,2167
4744190817473200,2302,1857,2301,2381,2311,2164
4744190817527200,2297,1854,2300,2379,2310,2228
4744190817583400,2296,1854,2299,2380,2311,2166
4744190817644200,2297,1856,2301,2379,2313,2166
4744190817744600,2295,1854,2301,2379,2312,2166
4744190817818100,2295,1855,2302,2380,2310,2178
4744190817903200,2296,1854,2301,2380,2312,2166
4744190817970300,2294,1854,2301,2380,2318,2167
4744190818027000,2294,1854,2301,2380,2311,2166
4744190818087300,2294,1856,2302,2379,2312,2167
4744190818162400,2295,1854,2301,2378,2311,2166
4744190818234500,2296,1854,2301,2380,2312,2164
4744190818317500,2295,1855,2301,2380,2311,2166
4744190818411700,2296,1854,2301,2380,2314,2166
4744190818484400,2294,1854,2300,2379,2309,2166
4744190818564100,2294,1896,2303,2379,2312,2166
4744190818660900,2335,1854,2300,2380,2057,2166
4744190818862200,2298,1854,2300,2382,2313,2166
4744190818959500,2294,1852,2320,2367,2313,2166
4744190819038600,2294,1854,2300,2381,2312,2166
4744190819120700,2296,1853,2301,2380,2313,2165
4744190819189200,2296,1854,2301,2379,2314,2166
4744191351919700,2294,1854,2306,2379,2314,2164
4744191352139400,2420,1854,2304,2381,2312,2165
4744191352324300,2292,1856,2304,2382,2311,2165
4744191352413100,2298,1854,2301,2380,2314,2164
4744191352469700,2296,1855,2302,2379,2313,2167
4744191352522100,2295,1855,2300,2380,2312,2166
4744191352581200,2296,1855,2301,2380,2312,2167
4744191352883400,2296,1854,2302,2380,2312,2166
4744191353064700,2294,1852,2301,2380,2310,2244
4744191353222900,2297,1852,2299,2380,2463,2167
4744191353504500,2293,1855,2301,2379,2312,2164
4744191353582700,2295,1855,2300,2380,2313,2163
4744191353654600,2297,1854,2302,2381,2311,2164
4744191353729700,2297,1854,2302,2382,2312,2165
4744191353955500,2294,1854,2301,2379,2313,2166
4744191354034800,2293,1855,2301,2380,2358,2166
4744191354309200,2294,1867,2302,2379,2313,2166
4744191354381500,2296,1854,2301,2376,2313,2166
4744191354588300,2296,1853,2301,2381,2314,2166
4744191354734700,2297,1853,2300,2381,2311,2164
4744191354808700,2297,1853,2299,2378,2338,2166
4744191354863800,2295,1853,2309,2381,2312,2166
4744191354938300,2296,1853,2302,2380,2314,2165
4744191355007600,2295,1855,2300,2378,2537,2159
4744191355061700,2295,1856,2302,2380,2312,2167
4744191355115100,2293,1853,2300,2381,2348,2166
4744191355187800,2294,1854,2301,2378,2312,2166
4744191355385500,2293,1851,2301,2380,2314,2165
4744191355453000,2294,1856,2301,2380,2297,2166
4744191355506000,2297,1855,2304,2381,2313,2165
4744191355564800,2297,1855,2301,2381,2315,2167
4744191355612200,2296,1853,2301,2381,2314,2165
4744191355662300,2293,1882,2301,2379,2313,2461
4744191355932900,2294,1704,2301,2380,2328,2165
4744191356001500,2294,1853,2299,2380,2314,2165
4744191356053000,2294,1853,2302,2380,2312,2166
4744191356115900,2296,1855,2301,2380,2319,2165
4744191356173400,2296,1855,2301,2378,2314,2214
4744191356227700,2296,1854,2056,2381,2314,2164
4744191356532800,2295,1853,2300,2381,2314,2166
4744191356602900,2297,1855,2301,2380,2313,2167
4744191356654300,2298,1853,2300,2380,2316,2165
4744191356705800,2296,1856,2300,2379,2313,2218
4744191356753100,2296,1854,2301,2380,2318,2166
4744191356806000,2294,1855,2299,2380,2314,2166
4744191356856800,2295,1855,2300,2380,2314,2166
4744191357144600,2296,1853,2303,2380,2314,2176
4744191357215000,2297,1854,2301,2381,2307,2166
4744191357330700,2296,1854,2301,2379,2312,2166
4744191357388400,2292,1853,2300,2381,2313,2166
4744191357440300,2297,1860,2301,2379,2317,2165
4744191357491200,2294,1855,2300,2380,2312,2166
4744191357742100,2297,1854,2300,2381,2313,2166
4744191358033000,2295,1855,2301,2378,2316,2166
4744191358213200,2295,1855,2301,2379,2315,2165
4744191358556800,2295,1853,2302,2382,2315,2167
4744191358650300,2296,1892,2302,2380,2315,2135
4744191358721700,2327,1855,2300,2381,2055,2165
4744191358885800,2294,1855,2301,2382,2316,2166
4744191359112700,2292,1854,2315,2382,2315,2170
4744191359290300,2294,1854,2301,2380,2314,2167
4744191359422000,2295,1856,2300,2380,2318,2165
4744191359687900,2296,1855,2300,2381,2316,2166
4744191359977700,2298,1854,2305,2380,2315,2166
4744191360365300,2419,1855,2301,2381,2314,2166
4744191360664400,2294,1854,2304,2381,2316,2165
4744191360782800,2296,1854,2300,2380,2316,2168
4744191361124900,2294,1854,2301,2379,2314,2166
4744191361428600,2295,1855,2300,2380,2316,2167
4744191361918300,2295,1854,2301,2380,2315,2167
4744191362079100,2296,1856,2301,2380,2314,2168
4744191362225900,2297,1856,2302,2380,2315,2230
4744191362497100,2294,1854,2301,2380,2467,2167
4744191362613000,2293,1854,2302,2381,2317,2165
4744191362775600,2295,1854,2300,2380,2316,2163
4744191362892700,2297,1854,2303,2380,2316,2166
4744191363016100,2296,1855,2301,2380,2316,2166
4744191363292700,2297,1855,2302,2380,2317,2166
4744191363498300,2298,1854,2299,2380,2346,2165
4744191363581100,2295,1860,2301,2380,2319,2166
4744191363670100,2297,1853,2299,2380,2317,2169
4744191363742700,2296,1854,2301,2380,2316,2166
4744191363810100,2295,1854,2300,2380,2315,2165
4744191363876900,2295,1855,2299,2380,2336,2166
4744191363934500,2294,1855,2301,2381,2318,2166
4744191364096500,2294,1855,2301,2380,2317,2166
4744191364161800,2296,1855,2300,2380,2317,2159
4744191364216500,2295,1857,2301,2378,2318,2167
4744191364278900,2295,1855,2301,2380,2342,2165
4744191364360900,2296,1854,2302,2381,2317,2166
4744191364430300,2296,1853,2302,2380,2317,2165
4744191364484800,2296,1856,2300,2381,2317,2165
4744191364539500,2297,1855,2302,2380,2318,2167
4744191364600300,2295,1854,2301,2379,2318,2167
4744191364838400,2296,1855,2301,2382,2317,2165
4744191364909000,2297,1879,2301,2381,2318,2167
4744191364963100,2294,1702,2301,2381,2328,2167
4744191365012900,2297,1854,2302,2381,2316,2166
4744191365074300,2295,1854,2300,2380,2317,2165
4744191365123400,2294,1854,2298,2380,2325,2166
4744191365172500,2294,1855,2303,2379,2318,2200
4744191365334700,2294,1855,2053,2381,2317,2164
4744191365406600,2297,1855,2300,2381,2317,2166
4744191365468700,2297,1855,2301,2379,2319,2167
4744191365525300,2294,1855,2300,2381,2319,2167
4744191365582300,2295,1857,2302,2377,2317,2194
4744191365717400,2294,1854,2300,2379,2318,2165
4744191365789400,2294,1854,2300,2380,2317,2166
4744191365871000,2296,1854,2300,2380,2318,2166
4744191365973500,2296,1854,2301,2382,2316,2172
4744191366048500,2295,1853,2301,2382,2318,2167
4744191366123500,2296,1852,2302,2380,2316,2167
4744191366203900,2293,1855,2298,2380,2062,2167
4744191366272900,2296,1855,2300,2381,2320,2167
4744191366338100,2295,1853,2301,2380,2318,2166
4744191366407600,2296,1854,2300,2380,2317,2166
4744191366485300,2294,1855,2301,2380,2318,2166
4744191366544600,2294,1855,2300,2381,2318,2164
4744191366610800,2297,1854,2297,2381,2318,2166
4744191366678600,2294,1867,2303,2380,2317,2216
4744191366732700,2310,1855,2300,2384,2061,2166
4744191366796500,2298,1854,2300,2382,2321,2165
4744191367211000,2294,1853,2311,2381,2318,2166
4744191367344300,2295,1855,2302,2381,2318,2166
4744191367527300,2296,1854,2300,2382,2319,2165
4744191368103900,2296,1854,2302,2381,2320,2166
4744191368196500,2295,1854,2304,2381,2318,2166
4744191368281100,2420,1854,2304,2382,2319,2166
4744191368408100,2294,1856,2302,2381,2318,2166
4744191368527200,2294,1855,2302,2382,2319,2165
4744191368803100,2293,1854,2300,2379,2318,2165
4744191368931000,2297,1853,2300,2380,2318,2166
4744191369031800,2293,1856,2302,2378,2317,2170
4744191369127100,2295,1853,2301,2380,2318,2163
4744191369206900,2298,1853,2301,2381,2317,2214
4744191369270300,2294,1856,2299,2380,2470,2166
4744191369338800,2293,1853,2301,2381,2319,2165
4744191369440100,2294,1854,2302,2380,2317,2166
4744191369514200,2297,1854,2302,2381,2317,2167
4744191369568800,2297,1856,2302,2382,2317,2165
4744191369622600,2296,1852,2302,2380,2317,2167
4744191369687000,2295,1854,2300,2380,2334,2164
4744191369822900,2296,1860,2301,2380,2318,2166
4744191369888600,2297,1855,2300,2382,2318,2166
4744191369965600,2296,1854,2302,2380,2318,2166
4744191370030900,2296,1853,2300,2380,2319,2164
4744191370087800,2296,1854,2299,2380,2329,2166
4744191371114100,2294,1855,2302,2382,2317,2167
4744191371275200,2295,1855,2301,2381,2318,2165
4744191371362000,2296,1855,2302,2380,2319,2159
4744191371425700,2295,1857,2303,2380,2317,2167
4744191371519500,2295,1854,2301,2380,2336,2165
4744191371618300,2296,1854,2302,2380,2320,2166
4744191371699200,2297,1852,2301,2382,2318,2165
4744191371780900,2294,1854,2300,2380,2319,2165
4744191371855500,2295,1855,2301,2381,2319,2166
4744191371911200,2296,1854,2302,2381,2319,2166
4744191371979500,2294,1853,2301,2380,2317,2163
4744191372057700,2296,1876,2302,2380,2319,2362
4744191372122900,2296,1704,2302,2381,2327,2165
4744191372208900,2294,1854,2301,2380,2320,2166
4744191372303200,2293,1854,2300,2380,2318,2165
4744191372388000,2296,1855,2301,2380,2321,2166
4744191372475300,2295,1855,2302,2379,2318,2199
4744191372557200,2297,1854,2053,2381,2318,2163
4744191372629400,2295,1853,2301,2382,2318,2165
4744191372704600,2300,1853,2301,2380,2320,2167
4744191372770600,2297,1854,2301,2381,2318,2165
4744191372892200,2294,1854,2300,2379,2319,2194
4744191373029800,2294,1854,2301,2381,2316,2166
4744191373139100,2297,1855,2301,2381,2319,2166
4744191373268900,2296,1856,2300,2381,2320,2167
4744191373414300,2296,1854,2049,2381,2316,2176
4744191373499500,2294,1853,2304,2383,2315,2167
4744191373583300,2296,1855,2302,2380,2316,2166
4744191373698200,2294,1853,2304,2380,2062,2167
4744191373810000,2293,1858,2303,2379,2320,2166
4744191373906700,2294,1854,2303,2381,2319,2166
4744191373980100,2298,1855,2302,2381,2320,2165
4744191374043100,2294,1853,2303,2381,2320,2167
4744191374106700,2294,1853,2303,2380,2318,2167
4744191374171400,2297,1853,2304,2383,2319,2166
4744191374249500,2296,1882,2303,2380,2320,2167
4744191374320100,2314,1853,2304,2382,2063,2166
4744191374410500,2297,1851,2303,2382,2321,2166
4744191374518000,2296,1855,2312,2382,2320,2166
4744191374670800,2296,1854,2302,2385,2320,2167
4744191374873500,2295,1852,2302,2380,2321,2166
4744191374974200,2295,1854,2304,2380,2320,2166
4744191375097900,2294,1855,2306,2380,2319,2166
4744191375200000,2420,1855,2304,2382,2321,2166
4744191375313800,2293,1856,2307,2382,2318,2162
4744191375425600,2296,1855,2304,2382,2318,2166
4744191375518500,2296,1853,2303,2382,2319,2166
4744191375616800,2297,1854,2304,2379,2319,2166
4744191375690200,2294,1856,2304,2382,2316,2166
4744191375780200,2295,1854,2304,2381,2320,2167
4744191375856400,2295,1856,2304,2380,2317,2224
4744191375926600,2294,1854,2302,2381,2469,2166
4744191376006500,2293,1854,2305,2380,2319,2166
4744191376068200,2297,1855,2302,2380,2320,2166
4744191376128200,2294,1855,2306,2381,2320,2166
4744191376205500,2294,1855,2304,2382,2320,2166
4744191376294900,2295,1853,2048,2379,2320,2166
4744191376369500,2296,1855,2304,2381,2392,2164
4744191376447100,2297,1862,2305,2381,2318,2166
4744191376541700,2295,1852,2304,2382,2320,2165
4744191376615300,2295,1854,2305,2381,2319,2166
4744191376677500,2295,1854,2304,2381,2317,2167
4744191376745000,2297,1855,2303,2379,2336,2167
4744191376801800,2297,1854,2305,2382,2319,2166
4744191376869000,2295,1854,2304,2380,2321,2165
4744191376929000,2295,1857,2304,2380,2320,2159
4744191376999600,2296,1856,2305,2381,2319,2167
4744191377063500,2296,1854,2304,2382,2342,2166
4744191377179200,2296,1856,2305,2381,2320,2167
4744191377242200,2296,1855,2304,2382,2318,2164
4744191377371100,2296,1854,2304,2381,2320,2166
4744191377458200,2295,1851,2308,2381,2320,2166
4744191377522000,2296,1855,2559,2382,2320,2167
4744191377614200,2296,1855,2304,2382,2322,2164
4744191377700200,2294,1877,2305,2381,2320,2167
4744191378050000,2294,1704,2304,2380,2334,2166
4744191378448400,2295,1855,2304,2382,2321,2165
4744191378553100,2296,1854,2305,2381,2320,2165
4744191378667400,2294,1855,2304,2380,2320,2167
4744191378768900,2296,1854,2049,2380,2318,2215
4744191378843100,2292,1855,2317,2383,2317,2164
4744191379215100,2296,1855,2304,2382,2320,2165
4744191379396400,2295,1854,2304,2380,2320,2165
4744191379490000,2298,1855,2304,2382,2320,2166
4744191379579800,2295,1853,2304,2381,2320,2207
4744191379751600,2297,1854,2304,2382,2319,2166
4744191379823800,2296,1855,2302,2380,2326,2166
4744191379934500,2294,1855,2558,2381,2320,2167
4744191380036800,2297,1855,2050,2381,2319,2177
4744191380124400,2294,1854,2304,2381,2320,2167
4744191380656900,2296,1854,2304,2381,2317,2167
4744191380730500,2292,1853,2304,2382,2321,2166
4744191380816900,2296,1854,2305,2381,2320,2166
4744191380890900,2294,1855,2303,2380,2321,2166
4744191381032300,2294,1854,2304,2381,2318,2166
4744191381100400,2297,1854,2304,2382,2320,2167
4744191381233400,2296,1854,2303,2380,2320,2166
4744191381293200,2293,1856,2305,2382,2317,2165
4744191381352800,2293,1899,2304,2382,2321,2166
4744191381431700,2327,1855,2304,2384,2062,2166
4744191381496700,2294,1854,2305,2383,2321,2166
4744191381628000,2295,1854,2317,2382,2319,2166
4744191381693400,2295,1854,2304,2381,2320,2166
4744191381771300,2294,1855,2304,2381,2321,2166
4744191381859000,2296,1853,2305,2381,2322,2167
4744191381945600,2294,1856,2308,2381,2319,2166
4744191382051100,2419,1854,2304,2382,2320,2166
4744191382129900,2293,1854,2308,2384,2320,2164
4744191382204200,2294,1855,2304,2382,2320,2166
4744191382295500,2294,1855,2304,2382,2319,2166
4744191382368800,2295,1855,2304,2380,2320,2167
4744191382440600,2297,1854,2305,2382,2318,2167
4744191382525100,2295,1856,2304,2380,2320,2167
4744191382615500,2294,1854,2304,2381,2320,2230
4744191382721800,2296,1855,2302,2381,2470,2166
4744191382791600,2295,1853,2304,2381,2321,2166
4744191382855100,2296,1855,2303,2382,2320,2165
4744191382945600,2295,1855,2307,2381,2320,2167
4744191383028700,2296,1855,2304,2381,2318,2166
4744191383092000,2296,1854,2304,2381,2322,2167
4744191383151000,2294,1853,2304,2380,2360,2166
4744191383218500,2296,1863,2305,2379,2320,2167
4744191383287400,2296,1855,2302,2382,2321,2166
4744191383367100,2296,1853,2305,2381,2320,2167
4744191383430700,2295,1855,2304,2382,2319,2166
4744191383489700,2296,1855,2303,2380,2338,2166
4744191383604800,2296,1855,2306,2382,2319,2167
4744191383668500,2296,1854,2305,2382,2319,2166
4744191383731000,2295,1855,2304,2381,2321,2159
4744191383804100,2296,1857,2304,2382,2321,2169
4744191383867400,2294,1853,2304,2383,2346,2166
4744191383928300,2297,1855,2305,2381,2321,2166
4744191384068500,2294,1855,2304,2381,2320,2167
4744191384130100,2293,1855,2304,2381,2320,2166
4744191384191000,2296,1856,2313,2383,2319,2166
4744191384270600,2297,1854,2559,2383,2322,2170
4744191919484200,2293,1855,2304,2381,2320,2163
4744191919900800,2294,1881,2305,2380,2322,2167
4744191920155200,2294,1704,2303,2382,2330,2166
4744191920714600,2296,1852,2305,2382,2318,2165
4744191920931500,2294,1855,2304,2380,2320,2164
4744191921062300,2294,1856,2304,2382,2319,2168
4744191921338200,2296,1856,2306,2380,2320,2231
4744191921925300,2293,1854,2317,2383,2320,2164
4744191922041600,2296,1855,2304,2382,2321,2164
4744191922192500,2296,1854,2304,2381,2320,2167
4744191922380100,2299,1854,2304,2382,2319,2166
4744191922443700,2293,1855,2304,2380,2320,2210
4744191922500300,2296,1854,2303,2382,2319,2166
4744191922705800,2293,1855,2303,2381,2320,2167
4744191922855600,2293,1855,2558,2382,2321,2167
4744191923032700,2296,1854,2050,2382,2318,2180
4744191923224400,2295,1854,2304,2382,2315,2167
4744191923371000,2296,1854,2304,2381,2319,2166
4744191923433100,2293,1853,2304,2382,2320,2167
4744191923493900,2295,1862,2305,2382,2322,2166
4744191923549900,2295,1854,2304,2382,2318,2166
4744191923625700,2296,1855,2304,2381,2320,2166
4744191923693300,2295,1854,2048,2382,2320,2167
4744191923762500,2294,1855,2303,2380,2320,2165
4744191923823600,2296,1853,2304,2382,2319,2165
4744191923896600,2296,1903,2307,2381,2322,2134
4744191923955700,2328,1855,2304,2384,2064,2167
4744191924006000,2296,1854,2303,2383,2322,2166
4744191924056600,2297,1854,2320,2367,2320,2167
4744191924114100,2295,1853,2303,2383,2320,2165
4744191924178900,2295,1854,2304,2380,2322,2166
4744191924235600,2294,1855,2305,2380,2322,2165
4744191924285400,2294,1854,2308,2381,2321,2166
4744191924343100,2421,1854,2304,2383,2319,2165
4744191924402200,2293,1854,2308,2381,2320,2165
4744191924456100,2296,1854,2304,2382,2319,2166
4744191924504300,2293,1854,2303,2381,2321,2166
4744191924555000,2296,1855,2304,2382,2318,2166
4744191924611500,2297,1853,2304,2381,2318,2165
4744191924666200,2297,1853,2304,2382,2321,2166
4744191924716200,2296,1856,2305,2381,2320,2238
4744191924763400,2294,1855,2302,2381,2470,2166
4744191924814100,2295,1853,2304,2381,2322,2167
4744191924865100,2294,1855,2304,2382,2319,2166
4744191924921300,2296,1854,2306,2381,2321,2166
4744191924968900,2294,1855,2303,2381,2320,2166
4744191925016900,2295,1855,2304,2381,2321,2166
4744191925064300,2295,1854,2304,2380,2370,2166
4744191925110200,2294,1866,2303,2381,2321,2167
4744191925169600,2296,1854,2304,2381,2320,2166
4744191925239200,2294,1853,2304,2382,2320,2166
4744191925295600,2293,1855,2304,2381,2318,2166
4744191925361800,2295,1853,2304,2381,2321,2167
4744191925442800,2294,1857,2317,2384,2319,2166
4744191925506300,2294,1855,2304,2382,2321,2167
4744191925559800,2296,1855,2304,2381,2320,2159
4744191925722600,2295,1856,2305,2380,2321,2169
4744191925799500,2295,1856,2303,2380,2356,2166
4744191925881000,2294,1855,2304,2381,2323,2165
4744191925947400,2294,1853,2305,2382,2316,2166
4744191926010600,2296,1855,2304,2380,2319,2166
4744191926070800,2296,1854,2310,2383,2321,2166
4744191926125000,2296,1855,2559,2381,2320,2168
4744191926180700,2295,1853,2304,2382,2321,2165
4744191926232900,2295,1886,2305,2380,2320,2166
4744191926287500,2294,1704,2304,2382,2340,2166
4744191926725400,2297,1854,2303,2380,2321,2168
4744191926871900,2295,1854,2304,2380,2320,2165
4744191926946400,2295,1854,2304,2379,2319,2167
4744191927002000,2295,1855,2048,2381,2320,2232
4744191927074100,2296,1854,2322,2382,2320,2166
4744191927146300,2297,1855,2304,2381,2320,2166
4744191927240400,2295,1855,2303,2380,2321,2167
4744191927325200,2299,1854,2304,2381,2320,2166
4744191927390500,2293,1854,2304,2381,2320,2226
4744191927458800,2294,1853,2304,2382,2319,2166
4744191927534400,2294,1853,2304,2381,2320,2167
4744191927594800,2296,1855,2305,2380,2321,2165
4744191927781300,2295,1856,2052,2380,2320,2178
4744191927874500,2297,1854,2304,2382,2320,2165
4744191927960400,2297,1853,2304,2381,2318,2167
4744191928035300,2294,1855,2304,2382,2319,2166
4744191928102900,2296,1855,2304,2382,2322,2164
4744191928164200,2294,1855,2304,2382,2318,2166
4744191928234500,2294,1854,2304,2383,2318,2166
4744191928288800,2294,1855,2048,2382,2320,2166
4744191928346000,2295,1856,2303,2380,2320,2166
4744191928397000,2293,1855,2305,2381,2320,2166
4744191928581900,2296,1917,2305,2381,2321,2166
4744191928644700,2336,1854,2304,2381,2064,2165
4744191928704700,2295,1853,2303,2384,2322,2165
4744191928789200,2296,1854,2323,2367,2321,2166
4744191928860300,2296,1855,2304,2382,2320,2166
4744191928922900,2294,1853,2304,2382,2321,2165
4744191929338400,2295,1854,2304,2382,2322,2167
4744191929397300,2296,1856,2310,2382,2320,2166
4744191929454900,2417,1854,2304,2382,2321,2165
4744191929507000,2295,1854,2306,2382,2321,2165
4744191929564500,2295,1853,2304,2382,2321,2165
4744191929624000,2293,1856,2303,2381,2320,2167
4744191929674300,2294,1854,2304,2381,2320,2165
4744191929727600,2296,1854,2303,2380,2320,2166
4744191929891100,2296,1854,2305,2381,2322,2166
4744191930119200,2296,1854,2305,2381,2318,2245
4744191930333900,2296,1856,2302,2381,2473,2167
4744191930467200,2294,1853,2304,2381,2322,2166
4744191930601200,2295,1857,2304,2383,2320,2166
4744191930697900,2294,1854,2305,2381,2321,2167
4744191930835200,2294,1854,2305,2381,2321,2168
4744191930934700,2293,1854,2306,2382,2319,2167
4744191931245100,2296,1855,2304,2380,2375,2165
4744191931339600,2295,1866,2304,2384,2320,2167
4744191931468500,2295,1853,2304,2380,2322,2165
4744191931569100,2296,1848,2304,2381,2321,2166
4744191931649100,2294,1855,2304,2381,2321,2166
4744191931903700,2294,1853,2301,2381,2348,2166
4744191931986500,2296,1855,2308,2381,2321,2167
4744191932044000,2296,1855,2304,2380,2321,2166
4744191932093100,2297,1855,2304,2381,2321,2159
4744191932152200,2294,1856,2305,2382,2319,2167
4744191932200900,2294,1854,2304,2380,2358,2165
4744191932265100,2294,1853,2305,2380,2321,2165
4744191932347300,2296,1853,2305,2382,2320,2167
4744191932416600,2294,1854,2304,2381,2319,2166
4744191932471800,2295,1856,2318,2381,2321,2166
4744191932534400,2293,1855,2559,2381,2320,2167
4744191932589000,2296,1852,2304,2382,2321,2166
4744191932642800,2293,1889,2305,2381,2321,2457
4744191932713100,2295,1704,2305,2380,2350,2166
4744191932774200,2295,1853,2304,2381,2318,2165
4744191932822400,2296,1855,2304,2381,2321,2167
