Time_Sec,CH0-ThumbLow,CH1-ThumbUp,CH2-Pointer,CH3-Middle,CH4-Ring,CH5-Pinky
4744001661420400,2309,1818,2239,2137,2380,2244
4744001661894500,2306,1821,2244,2138,2378,2244
4744001662123900,2428,1821,2238,2139,2379,2243
4744001662437100,2308,1821,2237,2137,2378,2243
4744001662518500,2308,1822,2237,2138,2378,2242
4744001662843200,2307,1821,2237,2138,2377,2244
4744001662933800,2306,1820,2237,2138,2378,2244
4744001663168000,2306,1821,2238,2137,2377,2245
4744001663698400,2309,1820,2238,2138,2379,2243
4744001664196200,2310,1823,2237,2137,2378,2334
4744001664629700,2306,1821,2235,2137,2535,2245
4744001665256700,2305,1821,2238,2137,2378,2244
4744001665871200,2308,1820,2236,2141,2377,2243
4744001666421700,2308,1821,2239,2137,2380,2243
4744001666730700,2309,1821,2237,2138,2381,2243
4744001666956800,2306,1823,2238,2138,2379,2244
4744001667442600,2309,1821,2237,2136,2378,2244
4744001667769900,2310,1835,2237,2138,2380,2243
4744001667847800,2309,1821,2235,2137,2380,2244
4744001667923500,2308,1821,2237,2138,2380,2243
4744001667979900,2306,1819,2238,2232,2378,2242
4744001668261500,2307,1821,2236,2137,2380,2244
4744001668316500,2308,1821,2252,2138,2378,2243
4744001668365300,2306,1822,2240,2140,2380,2243
4744001668414700,2306,1823,2237,2136,2608,2243
4744001668463400,2309,1824,2237,2137,2378,2245
4744001668514700,2306,1821,2238,2138,2448,2242
4744001668563600,2306,1820,2239,2138,2382,2244
4744001668627000,2305,1821,2238,2138,2379,2244
4744001668682700,2310,1822,2237,2138,2366,2243
4744001668934000,2306,1822,2249,2139,2378,2244
4744001669150100,2307,1822,2237,2137,2379,2245
4744001669203700,2309,1819,2237,2138,2377,2242
4744001669262500,2308,1868,2237,2136,2381,2615
4744001669315900,2308,1668,2239,2138,2428,2243
4744001669368400,2306,1820,2239,2140,2379,2244
4744001669615400,2308,1822,2237,2137,2377,2244
4744001669667900,2306,1822,2237,2137,2376,2243
4744001669728700,2306,1822,2238,2137,2379,2331
4744001669777500,2308,1822,2265,2139,2379,2241
4744001669828900,2307,1823,2238,2139,2376,2244
4744001669903800,2307,1822,2237,2137,2379,2244
4744001669967700,2320,1821,2237,2138,2378,2243
4744001670028900,2309,1822,2238,2137,2378,2102
4744001670081600,2308,1822,2237,2138,2378,2243
4744001670300200,2309,1818,2237,2139,2381,2242
4744001670522500,2306,1821,2237,2137,2378,2244
4744001670574200,2306,1822,2243,2138,2378,2258
4744001670624300,2306,1820,2238,2137,2379,2244
4744001670679500,2306,1821,2238,2137,2455,2243
4744001670732300,2304,1822,2237,2146,2376,2243
4744001670782700,2309,1843,2238,2139,2380,2243
4744001671031600,2307,1819,2237,2137,2377,2212
4744001671183500,2306,1821,2237,2138,2378,2244
4744001671274900,2309,1822,2237,2137,2376,2244
4744001671519500,2307,1821,2237,2139,2378,2244
4744001671812700,2306,1821,2238,2139,2376,2244
4744001671993500,2306,1925,2238,2139,2378,2214
4744001672050300,2370,1822,2237,2138,2122,2245
4744001672093000,2308,1820,2237,2138,2382,2243
4744001672144500,2306,1820,2284,2111,2381,2244
4744001672485400,2305,1823,2236,2140,2378,2243
4744001672892100,2308,1820,2237,2136,2380,2245
4744001673149100,2307,1821,2238,2138,2380,2243
4744001673247200,2307,1822,2244,2138,2379,2242
4744001673320200,2429,1819,2238,2137,2379,2244
4744001673397400,2305,1821,2237,2138,2379,2243
4744001673479100,2306,1823,2237,2138,2379,2241
4744001673693800,2308,1820,2238,2138,2377,2244
4744001674023800,2305,1822,2236,2139,2379,2244
4744001674108300,2307,1821,2238,2137,2376,2248
4744001674357900,2310,1820,2238,2138,2382,2242
4744001674455900,2307,1822,2237,2136,2377,2333
4744001674533300,2308,1821,2235,2138,2537,2243
4744001674778700,2309,1822,2237,2138,2378,2244
4744001675031200,2306,1822,2236,2139,2371,2243
4744001675126900,2306,1821,2239,2139,2379,2242
4744001675259000,2308,1819,2238,2138,2382,2243
4744001675379000,2306,1821,2238,2138,2380,2243
4744001675480300,2307,1821,2237,2138,2359,2242
4744001675572000,2309,1836,2236,2138,2380,2244
4744001675669800,2309,1821,2235,2140,2379,2243
4744001675758000,2305,1821,2237,2138,2381,2243
4744001675900400,2305,1823,2238,2138,2379,2244
4744001676192700,2307,1822,2237,2137,2416,2243
4744001676298100,2306,1822,2249,2139,2378,2245
4744001676397600,2307,1826,2238,2138,2380,2242
4744001676463900,2307,1821,2236,2137,2686,2245
4744001676678700,2309,1822,2238,2136,2379,2246
4744001676769800,2308,1822,2238,2137,2446,2242
4744001676843300,2308,1823,2237,2136,2380,2244
4744001676942000,2307,1822,2238,2138,2378,2243
4744001677034800,2305,1822,2238,2137,2447,2244
4744001677107300,2309,1821,2252,2140,2379,2243
4744001677207300,2310,1820,2238,2137,2378,2244
4744001677293600,2306,1821,2237,2138,2379,2243
4744001677383800,2308,1863,2238,2137,2377,2610
4744001677451600,2306,1670,2238,2137,2430,2243
4744001677519100,2308,1817,2239,2138,2380,2244
4744001677594000,2306,1822,2237,2139,2377,2244
4744001677674400,2308,1825,2236,2138,2380,2244
4744001677745100,2308,1821,2238,2137,2378,2345
4744001677848400,2308,1822,2268,2139,2380,2242
4744001678126400,2305,1820,2240,2140,2376,2243
4744001678221200,2306,1822,2237,2136,2379,2244
4744001678328200,2320,1822,2237,2138,2378,2242
4744001678396100,2309,1820,2238,2137,2377,2104
4744001678475600,2307,1821,2237,2136,2380,2244
4744001678580000,2306,1822,2235,2138,2380,2242
4744001678664900,2307,1820,2237,2137,2379,2244
4744001678745900,2306,1822,2245,2138,2374,2256
4744001678985400,2306,1821,2238,2138,2379,2242
4744001679208000,2306,1821,2237,2140,2453,2245
4744001679487500,2305,1821,2236,2148,2379,2244
4744001679712800,2306,1823,2237,2138,2377,2244
4744001679824200,2309,1819,2239,2138,2379,2211
4744001679926100,2307,1822,2237,2139,2379,2243
4744001680015600,2309,1821,2237,2136,2379,2244
4744001680092200,2309,1822,2237,2138,2380,2244
4744001680169100,2309,1821,2237,2139,2379,2244
4744001680259700,2307,1918,2238,2138,2380,2308
4744001680336500,2370,1820,2237,2138,2122,2243
4744001680443200,2306,1821,2236,2141,2380,2242
4744001680544100,2306,1818,2282,2111,2379,2244
4744001680672600,2308,1822,2237,2139,2379,2243
4744001680755600,2308,1821,2237,2137,2380,2241
4744001680951000,2307,1820,2238,2139,2382,2244
4744001681045400,2306,1822,2245,2138,2377,2243
4744001681141900,2429,1821,2237,2137,2379,2244
4744001681457100,2305,1820,2237,2138,2379,2242
4744001681620100,2308,1822,2238,2140,2380,2244
4744001681799100,2309,1820,2238,2138,2378,2244
4744001681968300,2305,1822,2237,2138,2380,2243
4744001682329300,2308,1820,2236,2138,2378,2248
4744001682491400,2307,1820,2238,2137,2379,2242
4744001682615800,2308,1822,2237,2138,2376,2334
4744001682699900,2306,1822,2237,2137,2533,2244
4744001682786600,2308,1822,2237,2137,2378,2244
4744001683018200,2306,1822,2236,2139,2378,2243
4744001683128400,2307,1821,2239,2139,2378,2244
4744001683272900,2308,1823,2239,2140,2381,2243
4744001684268700,2308,1821,2239,2139,2379,2241
4744001684530100,2309,1820,2237,2137,2380,2242
4744001684611700,2309,1836,2238,2138,2380,2244
4744001684705500,2308,1821,2236,2141,2379,2244
4744001684799400,2308,1819,2238,2138,2380,2244
4744001684867700,2306,1820,2240,2139,2377,2242
4744001684936100,2308,1820,2237,2137,2417,2243
4744001685011200,2309,1821,2252,2138,2379,2244
4744001685076400,2304,1820,2238,2137,2380,2244
4744001685171200,2309,1821,2238,2137,2676,2244
4744001685250200,2307,1823,2237,2138,2380,2245
4744001685320100,2308,1820,2237,2139,2446,2242
4744001685390400,2307,1821,2238,2136,2379,2242
4744001685470600,2305,1819,2238,2139,2378,2243
4744001685576400,2310,1821,2237,2137,2363,2243
4744001685657500,2306,1821,2253,2139,2378,2242
4744001685793300,2306,1823,2238,2138,2378,2246
4744001685902100,2306,1822,2237,2139,2379,2243
4744001686014800,2306,1870,2238,2137,2376,2244
4744001686111300,2306,1669,2237,2138,2432,2244
4744001686200000,2309,1820,2238,2140,2378,2242
4744001686328200,2309,1821,2237,2137,2378,2244
4744001686456300,2308,1822,2237,2138,2379,2243
4744001686520100,2307,1821,2239,2135,2378,2351
4744001686584600,2306,1819,2266,2138,2376,2242
4744001686649900,2309,1821,2237,2139,2378,2242
4744001686714700,2308,1822,2237,2136,2378,2244
4744001686822300,2321,1821,2237,2137,2377,2244
4744001686904300,2308,1822,2238,2137,2377,2103
4744001687202100,2310,1822,2237,2138,2378,2242
4744001687300200,2309,1821,2239,2138,2378,2245
4744001687375700,2309,1821,2237,2138,2379,2245
4744001687451200,2306,1822,2247,2138,2376,2258
4744001687524100,2307,1820,2238,2139,2377,2244
4744001687602900,2307,1821,2237,2139,2453,2242
4744001687697100,2304,1820,2238,2145,2378,2243
4744001687783300,2308,1821,2239,2139,2379,2244
4744001687849300,2308,1820,2238,2136,2379,2214
4744001687912100,2309,1821,2236,2139,2378,2243
4744001687978500,2305,1819,2238,2138,2378,2244
4744001688136200,2307,1821,2237,2138,2378,2243
4744001688216100,2309,1820,2238,2138,2379,2243
4744001688282200,2306,1923,2239,2139,2378,2213
4744001688355300,2368,1820,2237,2138,2122,2244
4744001688419200,2308,1821,2236,2141,2382,2243
4744001688488200,2306,1822,2283,2111,2377,2244
4744001688550500,2307,1821,2238,2139,2376,2244
4744001688618400,2308,1821,2236,2137,2380,2241
4744001688683100,2308,1820,2238,2138,2378,2244
4744001688744300,2309,1822,2244,2138,2377,2242
4744001688803600,2429,1821,2238,2138,2380,2243
4744001688866100,2305,1820,2238,2138,2379,2244
4744001688928700,2307,1821,2238,2138,2377,2243
4744001688993300,2308,1824,2238,2138,2380,2245
4744001689055700,2306,1822,2238,2139,2376,2243
4744001689120700,2308,1822,2236,2137,2377,2247
4744001689183900,2306,1819,2238,2138,2382,2242
4744001689246400,2310,1819,2237,2139,2378,2334
4744001689491400,2308,1821,2235,2138,2534,2243
4744001689570400,2306,1822,2237,2139,2378,2242
4744001689638200,2307,1821,2238,2142,2378,2243
4744001689700500,2306,1824,2239,2137,2379,2243
4744001689772600,2306,1822,2239,2139,2381,2243
4744001689853100,2308,1822,2238,2138,2379,2244
4744001689920800,2308,1820,2238,2137,2379,2242
4744001689985200,2309,1838,2237,2141,2380,2243
4744001690049600,2309,1821,2237,2141,2378,2244
4744001690117300,2308,1821,2238,2138,2379,2244
4744001690184400,2305,1822,2238,2139,2379,2242
4744001690256900,2309,1821,2236,2136,2379,2244
4744001690326100,2308,1820,2250,2139,2377,2242
4744001690391500,2305,1822,2240,2139,2379,2243
4744001690461800,2308,1822,2237,2137,2689,2244
4744001690529500,2308,1822,2238,2137,2379,2246
4744001690592000,2306,1822,2236,2138,2446,2244
4744001690665900,2306,1820,2237,2139,2381,2242
4744001690724900,2306,1821,2238,2139,2379,2244
4744001690790000,2309,1822,2238,2138,2450,2243
4744001691390600,2307,1823,2248,2140,2376,2244
4744001691446900,2307,1821,2236,2133,2377,2246
4744001691504300,2309,1820,2237,2137,2378,2243
4744001691563900,2306,1864,2239,2137,2380,2245
4744001691623000,2308,1669,2237,2138,2434,2243
4744001691682700,2310,1820,2239,2139,2378,2243
4744001691745600,2306,1821,2236,2137,2380,2244
4744001691823500,2309,1822,2238,2136,2442,2244
4744001691952600,2309,1822,2238,2138,2378,2349
4744001692060400,2307,1822,2267,2139,2377,2241
4744001692152300,2308,1820,2237,2139,2377,2243
4744001692215300,2306,1821,2238,2139,2379,2245
4744001692309700,2320,1819,2238,2139,2379,2244
4744001692605100,2309,1821,2238,2136,2378,2106
4744001692715800,2308,1820,2238,2138,2379,2243
4744001692809600,2309,1822,2240,2137,2377,2245
4744001692893500,2308,1822,2238,2138,2380,2244
4744001692962700,2309,1822,2243,2138,2378,2258
4744001693035900,2308,1821,2237,2139,2379,2243
4744001693095600,2308,1820,2238,2138,2454,2243
4744001693154300,2306,1815,2240,2148,2379,2243
4744001693212800,2308,1823,2238,2137,2380,2244
4744001693270600,2306,1822,2238,2138,2377,2214
4744001693333800,2308,1821,2236,2138,2377,2243
4744001693404200,2307,1821,2238,2138,2376,2244
4744001693472000,2309,1822,2237,2138,2379,2244
4744001693548500,2307,1821,2237,2138,2378,2243
4744001693617100,2306,1922,2239,2138,2380,2307
4744001693693300,2369,1821,2237,2138,2122,2243
4744001693769900,2308,1823,2236,2141,2381,2242
4744001693835000,2306,1820,2285,2111,2378,2243
4744001693898600,2309,1823,2237,2139,2381,2243
4744001693959100,2307,1821,2238,2136,2380,2241
4744001694021800,2306,1822,2239,2137,2381,2244
4744001694085200,2307,1824,2245,2139,2379,2245
4744001694148400,2428,1819,2238,2139,2379,2243
4744001694213000,2304,1822,2237,2139,2377,2244
4744001694272800,2309,1823,2237,2138,2378,2244
4744001694338300,2309,1821,2237,2136,2381,2246
4744001694407500,2308,1822,2237,2138,2378,2242
4744001694472500,2307,1822,2236,2138,2377,2248
4744001694541900,2309,1822,2237,2138,2380,2244
4744001694618700,2306,1822,2237,2138,2377,2334
4744001694677900,2308,1822,2235,2136,2534,2245
4744001694739200,2306,1821,2238,2139,2375,2243
4744001694805600,2309,1821,2238,2141,2378,2244
4744001694879300,2305,1821,2239,2137,2377,2245
4744001694943900,2306,1822,2238,2140,2377,2244
4744001695015300,2309,1822,2238,2138,2379,2242
4744001695077800,2306,1821,2238,2138,2358,2241
4744001695146200,2309,1838,2237,2137,2382,2244
4744001695208900,2309,1819,2235,2141,2379,2243
4744001695270800,2306,1820,2238,2136,2379,2242
4744001695336300,2308,1821,2240,2140,2379,2242
4744001695398900,2307,1822,2239,2137,2413,2244
4744001695475300,2307,1820,2252,2136,2377,2246
4744001695541000,2307,1821,2238,2138,2379,2244
4744001695610400,2307,1821,2237,2137,2682,2244
4744001695675100,2310,1824,2238,2136,2379,2245
4744001695742200,2306,1822,2237,2137,2445,2244
4744001695804100,2308,1822,2235,2138,2378,2242
4744001695867300,2308,1821,2238,2138,2378,2244
4744001695932400,2309,1822,2238,2136,2448,2243
4744002230766200,2306,1821,2252,2139,2377,2243
4744002231183000,2309,1822,2238,2137,2379,2244
4744002231319100,2306,1821,2237,2140,2380,2242
4744002231679800,2308,1863,2237,2138,2379,2595
4744002232029700,2308,1670,2237,2137,2428,2242
4744002232134800,2309,1820,2239,2138,2380,2242
4744002232492700,2306,1821,2238,2137,2379,2243
4744002232634400,2305,1820,2237,2138,2377,2244
4744002233045000,2307,1821,2238,2138,2376,2342
4744002233640900,2308,1819,2264,2139,2378,2242
4744002233990800,2308,1821,2238,2138,2377,2243
4744002234305200,2308,1821,2238,2138,2378,2243
4744002234661600,2319,1822,2236,2138,2376,2243
4744002234915900,2309,1821,2238,2134,2378,2097
4744002235159600,2307,1821,2237,2137,2379,2244
4744002235528500,2306,1821,2238,2139,2399,2240
4744002235663600,2309,1820,2238,2137,2381,2245
4744002235988400,2309,1822,2245,2138,2378,2258
4744002236072600,2306,1823,2238,2139,2379,2243
4744002236130800,2308,1821,2238,2138,2454,2245
4744002236200100,2304,1819,2237,2152,2381,2244
4744002236274300,2308,1821,2239,2139,2379,2242
4744002236362600,2306,1821,2238,2137,2378,2213
4744002236453000,2308,1821,2236,2137,2377,2244
4744002236559100,2308,1822,2238,2138,2378,2243
4744002236824400,2306,1822,2238,2137,2380,2244
4744002237153600,2309,1820,2236,2139,2378,2242
4744002237351900,2308,1919,2238,2139,2378,2213
4744002237514600,2368,1820,2237,2138,2120,2244
4744002237641800,2307,1821,2236,2140,2383,2244
4744002237731900,2307,1820,2281,2111,2378,2244
4744002237835600,2310,1821,2238,2139,2378,2243
4744002238126100,2309,1821,2238,2137,2380,2244
4744002238239000,2310,1820,2238,2137,2380,2245
4744002238322000,2306,1821,2245,2138,2379,2244
4744002238396000,2429,1822,2238,2138,2379,2243
4744002238655500,2304,1822,2238,2138,2377,2243
4744002238845100,2306,1821,2236,2140,2378,2243
4744002238964200,2307,1822,2237,2138,2379,2244
4744002239093800,2308,1820,2235,2138,2378,2243
4744002239231200,2307,1822,2237,2138,2378,2246
4744002239327800,2307,1820,2238,2139,2380,2243
4744002239454100,2307,1820,2239,2137,2377,2332
4744002239548800,2307,1821,2235,2136,2536,2245
4744002239620900,2307,1822,2237,2138,2380,2244
4744002239700000,2309,1821,2238,2140,2378,2243
4744002239847400,2305,1820,2238,2137,2379,2244
4744002240094100,2308,1822,2238,2139,2381,2243
4744002240227300,2309,1821,2238,2138,2379,2243
4744002240365900,2308,1820,2238,2136,2378,2243
4744002240605500,2307,1838,2237,2139,2380,2245
4744002240751000,2307,1822,2237,2140,2380,2244
4744002241055700,2307,1821,2238,2137,2379,2244
4744002241158400,2306,1823,2238,2139,2379,2242
4744002241244700,2309,1823,2237,2136,2415,2245
4744002241306200,2310,1821,2251,2140,2378,2244
4744002241421500,2307,1823,2238,2139,2380,2244
4744002241501900,2306,1822,2237,2137,2685,2244
4744002241708900,2309,1821,2238,2137,2378,2246
4744002241937400,2306,1821,2236,2137,2447,2243
4744002242062300,2309,1820,2237,2138,2379,2242
4744002242153800,2307,1822,2238,2138,2378,2243
4744002242386600,2309,1821,2237,2140,2364,2243
4744002243019000,2305,1821,2254,2139,2376,2244
4744002243146000,2306,1821,2238,2137,2378,2242
4744002243246600,2305,1821,2237,2138,2380,2242
4744002243366700,2305,1864,2239,2138,2379,2606
4744002243710700,2307,1670,2238,2138,2430,2243
4744002244065400,2307,1821,2238,2140,2379,2243
4744002244188200,2309,1821,2237,2137,2378,2245
4744002244461400,2306,1820,2238,2134,2457,2244
4744002244763300,2310,1819,2237,2133,2376,2347
4744002244928300,2308,1822,2265,2138,2378,2242
4744002245140600,2307,1820,2237,2138,2378,2243
4744002245459200,2309,1822,2239,2138,2377,2245
4744002245585300,2318,1821,2236,2140,2376,2242
4744002245674700,2311,1822,2238,2137,2377,2091
4744002246064400,2307,1820,2237,2138,2379,2242
4744002246215300,2310,1821,2239,2137,2379,2244
4744002246346800,2306,1821,2237,2138,2380,2244
4744002246476800,2309,1821,2245,2138,2376,2259
4744002246635800,2308,1820,2238,2138,2379,2241
4744002246757400,2306,1822,2238,2137,2454,2245
4744002246936300,2304,1821,2238,2146,2379,2243
4744002247066100,2307,1845,2237,2137,2381,2244
4744002247154500,2306,1820,2238,2139,2378,2212
4744002247289700,2309,1821,2236,2138,2381,2244
4744002247407200,2307,1822,2236,2138,2376,2245
4744002247552000,2306,1821,2238,2139,2380,2243
4744002247680400,2307,1819,2238,2139,2377,2243
4744002247773600,2304,1920,2239,2138,2380,2306
4744002247894700,2368,1821,2238,2137,2123,2246
4744002248000100,2306,1821,2236,2140,2381,2243
4744002248083500,2306,1820,2280,2111,2379,2242
4744002248214500,2309,1821,2238,2136,2378,2243
4744002248952600,2308,1821,2236,2137,2381,2241
4744002249156600,2308,1820,2238,2137,2377,2244
4744002249294100,2306,1822,2245,2138,2379,2244
4744002249431100,2428,1820,2238,2139,2378,2243
4744002249520500,2306,1821,2238,2138,2380,2242
4744002249642100,2306,1821,2234,2139,2380,2241
4744002249751400,2309,1821,2238,2138,2378,2244
4744002249942400,2307,1822,2237,2138,2379,2244
4744002250068800,2308,1822,2238,2140,2376,2244
4744002250194100,2307,1819,2238,2137,2382,2243
4744002250500500,2306,1821,2238,2137,2378,2331
4744002250617600,2307,1820,2235,2137,2534,2244
4744002250734600,2307,1821,2238,2139,2378,2243
4744002250881500,2307,1823,2236,2138,2380,2242
4744002251005000,2309,1822,2239,2139,2378,2244
4744002251322300,2309,1821,2238,2139,2382,2243
4744002251480100,2307,1820,2240,2138,2378,2243
4744002251615700,2307,1822,2236,2136,2378,2243
4744002251727800,2306,1838,2238,2138,2380,2242
4744002251824600,2308,1821,2235,2140,2379,2245
4744002251947900,2306,1820,2238,2138,2380,2243
4744002252090200,2307,1820,2237,2138,2377,2243
4744002252197300,2307,1822,2237,2137,2412,2244
4744002252294000,2307,1821,2254,2138,2378,2243
4744002252392900,2310,1824,2237,2139,2378,2243
4744002252472400,2307,1821,2237,2138,2703,2244
4744002252554600,2306,1823,2237,2139,2379,2245
4744002252635700,2308,1821,2237,2138,2446,2244
4744002252721200,2307,1822,2238,2138,2377,2245
4744002252818800,2309,1821,2237,2138,2379,2244
4744002252898900,2307,1821,2237,2138,2366,2243
4744002253074900,2307,1822,2250,2139,2378,2245
4744002253183200,2308,1820,2237,2139,2379,2246
4744002253264900,2307,1823,2236,2138,2379,2243
4744002253364200,2305,1864,2238,2138,2380,2245
4744002253452400,2306,1670,2238,2138,2428,2242
4744002253524400,2309,1820,2239,2139,2380,2243
4744002253660500,2308,1819,2237,2138,2378,2243
4744002253754200,2308,1820,2237,2138,2379,2245
4744002253837600,2307,1821,2238,2138,2378,2347
4744002253920800,2307,1819,2265,2139,2378,2240
4744002254032200,2307,1821,2236,2139,2377,2242
4744002254139900,2308,1821,2238,2137,2379,2244
4744002254243900,2319,1821,2236,2139,2378,2244
4744002254325300,2308,1818,2238,2137,2378,2078
4744002254427400,2310,1820,2237,2137,2379,2244
4744002254547900,2306,1822,2237,2138,2381,2244
4744002254653800,2308,1822,2238,2139,2380,2244
4744002254773400,2309,1822,2246,2138,2377,2258
4744002254887800,2307,1820,2237,2139,2379,2244
4744002254983100,2308,1822,2236,2138,2459,2245
4744002255158100,2304,1821,2238,2144,2380,2244
4744002255301600,2306,1823,2238,2137,2379,2243
4744002255441300,2305,1820,2238,2138,2379,2212
4744002255523800,2309,1822,2236,2139,2379,2242
4744002255630100,2308,1822,2238,2138,2376,2243
4744002255804000,2307,1820,2239,2138,2380,2244
4744002255944300,2308,1821,2239,2139,2378,2243
4744002256046000,2308,1937,2237,2138,2379,2213
4744002256192900,2376,1822,2236,2141,2121,2243
4744002256319100,2306,1822,2236,2138,2381,2244
4744002256415900,2307,1820,2283,2111,2378,2242
4744002256561900,2308,1822,2238,2139,2378,2244
4744002256669500,2309,1821,2237,2137,2381,2241
4744002256830500,2306,1821,2238,2138,2382,2243
4744002256995100,2309,1822,2244,2138,2378,2244
4744002257132100,2429,1820,2240,2138,2378,2244
4744002257288100,2308,1822,2238,2138,2379,2244
4744002257419400,2307,1822,2236,2140,2379,2243
4744002257529900,2306,1823,2237,2137,2378,2245
4744002257692900,2309,1821,2237,2139,2377,2244
4744002257842400,2309,1819,2236,2138,2376,2248
4744002257941000,2307,1822,2238,2138,2381,2244
4744002258107200,2306,1821,2237,2138,2377,2333
4744002258265700,2307,1822,2237,2137,2534,2245
4744002258387600,2309,1820,2238,2138,2379,2244
4744002258498900,2309,1820,2236,2140,2379,2243
4744002258626000,2307,1822,2239,2137,2380,2243
4744002258729300,2308,1821,2238,2138,2380,2243
4744002258881200,2307,1821,2238,2139,2377,2244
4744002259000700,2309,1820,2237,2138,2357,2244
4744002259094000,2308,1836,2237,2141,2380,2245
4744002259256500,2308,1821,2236,2140,2378,2245
4744002259413400,2306,1821,2238,2137,2380,2244
4744002259540900,2309,1819,2238,2234,2376,2244
4744002259703800,2308,1821,2236,2136,2380,2244
4744002259789900,2307,1821,2253,2139,2377,2243
4744002259909600,2304,1820,2240,2138,2379,2243
4744002260017800,2305,1822,2236,2138,2700,2243
4744002260402100,2307,1824,2237,2139,2379,2247
4744002260611900,2308,1821,2237,2137,2449,2243
4744002260774400,2309,1822,2237,2139,2381,2244
4744002260961500,2305,1821,2237,2135,2377,2245
4744002261123800,2304,1822,2237,2138,2363,2242
4744002261336200,2309,1821,2254,2140,2378,2242
4744002261533400,2306,1822,2238,2139,2376,2246
4744002261732700,2308,1820,2237,2138,2377,2243
4744002261856600,2306,1867,2238,2137,2379,2606
4744002261987400,2306,1670,2237,2139,2430,2244
4744002262294600,2308,1820,2238,2144,2378,2243
4744002262398200,2309,1822,2236,2136,2378,2246
4744002262506200,2309,1823,2236,2138,2377,2241
4744002262626000,2307,1821,2237,2137,2378,2352
4744002262824600,2307,1820,2263,2139,2377,2243
4744002262999500,2308,1820,2236,2140,2377,2243
4744002263140000,2309,1820,2237,2137,2380,2244
4744002263314300,2319,1823,2237,2137,2378,2244
4744002263436300,2307,1822,2238,2137,2378,2099
4744002263598300,2309,1820,2236,2139,2381,2244
4744002263909100,2308,1822,2237,2138,2377,2245
4744002264036400,2305,1822,2236,2137,2380,2243
4744002264139000,2309,1820,2244,2138,2378,2258
4744002264441300,2310,1820,2236,2139,2378,2242
4744002264589400,2308,1821,2237,2140,2453,2244
4744002264691200,2303,1821,2236,2139,2378,2243
4744002264764200,2307,1845,2239,2138,2380,2242
4744002265004900,2304,1820,2238,2138,2378,2214
4744002265119000,2308,1821,2237,2138,2379,2244
4744002265249900,2305,1822,2238,2138,2378,2244
4744002265339100,2307,1821,2238,2138,2377,2243
4744002265408300,2306,1819,2238,2139,2377,2246
4744002265623200,2306,1928,2239,2140,2378,2214
4744002265730100,2374,1822,2236,2138,2120,2243
4744002265856700,2305,1820,2237,2140,2379,2242
4744002265995100,2308,1821,2281,2111,2379,2243
4744002266094700,2306,1822,2237,2140,2378,2244
4744002266983500,2309,1822,2237,2136,2379,2244
4744002267089000,2309,1820,2238,2138,2380,2243
4744002267179800,2306,1821,2244,2138,2378,2243
4744002267262100,2430,1820,2238,2138,2379,2245
4744002267472300,2308,1818,2238,2140,2377,2241
4744002267624400,2309,1823,2237,2139,2379,2243
4744002267763800,2307,1821,2238,2138,2378,2245
4744002267867600,2305,1820,2237,2137,2378,2245
4744002267961200,2308,1820,2236,2138,2379,2248
4744002268234800,2308,1821,2242,2138,2382,2244
4744002268353800,2308,1822,2237,2137,2376,2336
4744002268612000,2309,1822,2235,2138,2537,2243
4744002268746100,2307,1822,2237,2138,2378,2244
4744002268911800,2309,1821,2236,2142,2379,2243
4744002269043700,2309,1821,2239,2137,2378,2244
4744002269216600,2306,1823,2237,2138,2382,2244
4744002269352900,2307,1822,2238,2138,2379,2243
4744002269463600,2309,1822,2236,2138,2358,2242
4744002269554400,2308,1840,2237,2138,2380,2243
4744002269624300,2309,1820,2237,2140,2379,2244
4744002269704300,2309,1820,2237,2137,2380,2242
4744002269791400,2308,1820,2237,2138,2378,2243
4744002269898500,2309,1823,2237,2138,2416,2244
4744002269982400,2307,1823,2248,2139,2378,2244
4744002270057100,2305,1822,2240,2140,2380,2244
4744002270193900,2307,1822,2237,2138,2734,2245
4744002270300800,2307,1822,2237,2139,2379,2247
4744002270377700,2308,1821,2237,2136,2447,2242
4744002270511800,2309,1820,2236,2140,2377,2243
4744002270623200,2308,1821,2238,2138,2378,2244
4744002270752600,2309,1821,2236,2137,2377,2245
4744002270844200,2308,1821,2254,2139,2378,2244
4744002270923200,2306,1821,2237,2138,2381,2245
4744002271001300,2309,1820,2237,2139,2378,2243
4744002271081300,2305,1864,2238,2137,2380,2243
4744002271156900,2306,1670,2237,2138,2432,2243
4744002271234100,2306,1821,2239,2141,2378,2242
4744002271361100,2308,1823,2237,2137,2379,2244
4744002271450100,2301,1821,2237,2137,2374,2244
4744002271535900,2308,1821,2236,2137,2378,2347
4744002271617400,2306,1822,2266,2140,2377,2241
4744002271699400,2308,1821,2238,2137,2373,2244
4744002271838400,2306,1822,2237,2138,2378,2245
4744002271953800,2317,1821,2237,2138,2377,2244
4744002272035100,2308,1821,2238,2137,2376,2105
4744002272111100,2309,1819,2238,2137,2380,2243
4744002272185900,2307,1820,2238,2138,2401,2244
4744002272729500,2306,1821,2237,2138,2381,2244
4744002272861500,2308,1822,2248,2138,2378,2259
4744002272955100,2308,1820,2237,2138,2379,2244
4744002273053700,2308,1820,2238,2140,2457,2244
4744002273140200,2304,1821,2237,2145,2380,2243
4744002273208700,2306,1826,2239,2138,2380,2244
4744002273462000,2310,1820,2237,2137,2377,2210
4744002273582900,2307,1822,2237,2139,2380,2244
4744002273669500,2307,1821,2237,2138,2378,2244
4744002273741200,2306,1823,2237,2139,2379,2243
4744002273878900,2309,1820,2238,2139,2380,2243
4744002274015700,2307,1920,2239,2139,2379,2213
4744002274130500,2366,1820,2236,2138,2122,2242
4744002274304200,2309,1820,2236,2139,2381,2244
4744002274646200,2306,1818,2292,2111,2380,2244
4744002274954900,2310,1821,2238,2137,2377,2245
4744002797964300,2306,1823,2237,2138,2380,2245
4744002798289800,2309,1821,2238,2137,2382,2244
4744002798451400,2307,1821,2245,2138,2378,2243
4744002798513800,2430,1822,2237,2137,2379,2243
4744002798567900,2305,1822,2237,2138,2377,2244
4744002798623900,2309,1822,2237,2138,2379,2242
4744002798683000,2309,1823,2239,2137,2378,2246
4744002798735100,2309,1820,2238,2138,2380,2244
4744002798798600,2308,1822,2236,2139,2377,2248
4744002798853800,2307,1821,2238,2138,2384,2244
4744002798964100,2307,1822,2237,2138,2377,2338
4744002799056600,2305,1820,2237,2137,2534,2247
4744002799342700,2305,1821,2237,2139,2378,2244
4744002799674800,2309,1821,2236,2142,2379,2243
4744002799759300,2308,1821,2239,2137,2378,2245
4744002800036300,2305,1820,2238,2138,2380,2244
4744002800132000,2307,1819,2240,2138,2375,2244
4744002800269300,2307,1822,2237,2138,2358,2244
4744002800660100,2309,1839,2237,2138,2384,2244
4744002800797800,2308,1821,2237,2140,2380,2243
4744002800895900,2309,1820,2237,2137,2380,2242
4744002801181900,2306,1820,2240,2139,2377,2244
4744002801262000,2306,1822,2237,2137,2416,2245
4744002801323500,2306,1822,2251,2139,2379,2246
4744002801382500,2309,1822,2240,2139,2378,2244
4744002801444200,2309,1822,2237,2136,2608,2244
4744002801508500,2308,1822,2238,2137,2380,2245
4744002801566700,2308,1822,2237,2136,2450,2243
4744002801639800,2306,1820,2239,2136,2379,2242
4744002801717000,2306,1822,2238,2138,2377,2243
4744002801833300,2308,1820,2236,2137,2379,2243
4744002801928900,2309,1822,2252,2138,2378,2244
4744002802021300,2307,1821,2237,2137,2377,2246
4744002802109200,2302,1821,2237,2138,2378,2243
4744002802184700,2308,1865,2238,2137,2376,2244
4744002802253200,2306,1670,2239,2138,2432,2244
4744002802309600,2309,1820,2238,2138,2378,2243
4744002802388700,2306,1821,2238,2138,2378,2244
4744002802457000,2308,1821,2237,2136,2376,2243
4744002802643200,2306,1822,2238,2137,2379,2350
4744002802741700,2306,1823,2269,2139,2379,2242
4744002802810300,2309,1821,2236,2137,2376,2243
4744002802878800,2306,1820,2237,2138,2378,2244
4744002802937200,2321,1822,2234,2137,2378,2245
4744002802997900,2306,1822,2237,2139,2376,2106
4744002803056300,2305,1820,2237,2138,2376,2244
4744002803114900,2309,1821,2238,2138,2401,2244
4744002803285300,2306,1822,2237,2138,2380,2244
4744002803411200,2307,1820,2251,2137,2378,2260
4744002803511800,2307,1820,2238,2139,2379,2244
4744002803584100,2306,1821,2238,2139,2457,2244
4744002803665700,2304,1820,2238,2146,2378,2244
4744002803797500,2306,1822,2238,2136,2382,2244
4744002803903100,2306,1820,2238,2139,2379,2212
4744002803992100,2309,1820,2237,2137,2379,2243
4744002804086300,2308,1821,2237,2138,2380,2244
4744002804177700,2308,1820,2238,2137,2376,2244
4744002804247500,2305,1822,2238,2138,2377,2244
4744002804348500,2306,1919,2238,2138,2380,2306
4744002804438000,2370,1822,2236,2138,2125,2243
4744002804548400,2309,1821,2237,2141,2381,2247
4744002804659500,2307,1820,2288,2111,2380,2244
4744002804770700,2306,1820,2236,2138,2379,2245
4744002805030200,2308,1822,2238,2137,2380,2241
4744002805105400,2307,1821,2238,2138,2379,2244
4744002805176000,2307,1824,2244,2139,2379,2243
4744002805252500,2430,1821,2237,2137,2376,2245
4744002805317700,2308,1821,2238,2139,2378,2244
4744002805379900,2306,1821,2238,2138,2380,2244
4744002805654500,2310,1821,2237,2138,2377,2247
4744002805735200,2307,1821,2238,2138,2378,2244
4744002805831500,2304,1821,2236,2138,2379,2247
4744002805911200,2306,1821,2239,2137,2381,2244
4744002805970500,2308,1820,2238,2136,2377,2335
4744002806030400,2304,1820,2235,2139,2534,2245
4744002806107700,2305,1820,2237,2138,2378,2243
4744002806170200,2308,1821,2236,2140,2379,2243
4744002806230900,2308,1820,2239,2137,2378,2247
4744002806289500,2308,1819,2238,2138,2378,2245
4744002806390900,2306,1822,2238,2138,2380,2244
4744002806552500,2308,1822,2237,2139,2357,2244
4744002806631700,2308,1840,2237,2138,2380,2246
4744002806712100,2308,1820,2236,2140,2380,2246
4744002806826100,2308,1819,2237,2137,2379,2244
4744002806912100,2307,1821,2238,2138,2377,2244
4744002807002400,2308,1821,2236,2137,2379,2246
4744002807077400,2308,1821,2256,2138,2378,2243
4744002807155900,2307,1822,2240,2139,2380,2245
4744002807240100,2305,1823,2237,2137,2685,2244
4744002807321600,2307,1822,2237,2138,2378,2246
4744002807410900,2306,1820,2237,2136,2450,2244
4744002807512900,2306,1821,2237,2137,2378,2244
4744002807608200,2308,1820,2239,2138,2376,2243
4744002807684100,2309,1822,2238,2137,2452,2245
4744002807845600,2308,1822,2250,2138,2379,2243
4744002807982800,2307,1823,2237,2137,2378,2245
4744002808079500,2307,1821,2236,2138,2378,2245
4744002808187800,2307,1863,2238,2138,2380,2250
4744002808323000,2308,1669,2238,2138,2430,2243
4744002808469600,2307,1820,2239,2138,2380,2242
4744002808759000,2307,1824,2237,2138,2379,2244
4744002808837500,2308,1821,2236,2138,2377,2244
4744002808930700,2307,1821,2240,2138,2377,2346
4744002809068000,2307,1822,2268,2137,2380,2242
4744002809184500,2308,1820,2237,2139,2377,2244
4744002809263400,2308,1822,2235,2137,2379,2246
4744002809354600,2322,1819,2236,2139,2380,2243
4744002809432600,2306,1822,2238,2137,2376,2106
4744002809521300,2309,1820,2237,2138,2381,2244
4744002809633500,2307,1821,2238,2138,2399,2244
4744002809731600,2308,1819,2237,2138,2379,2245
4744002809816500,2306,1821,2246,2137,2376,2260
4744002809889400,2309,1822,2237,2139,2378,2244
4744002809953400,2305,1822,2238,2136,2452,2245
4744002810020500,2306,1821,2236,2148,2379,2244
4744002810077700,2306,1821,2239,2137,2380,2244
4744002810167200,2306,1819,2238,2138,2381,2213
4744002810382300,2309,1821,2237,2138,2379,2245
4744002810447000,2306,1821,2237,2138,2378,2246
4744002810565600,2308,1820,2239,2137,2380,2243
4744002810628000,2307,1820,2238,2140,2378,2245
4744002810688200,2308,1926,2238,2138,2378,2213
4744002810745300,2372,1820,2235,2137,2121,2245
4744002810802400,2307,1820,2236,2139,2380,2244
4744002810882300,2308,1820,2284,2111,2380,2244
4744002810947100,2307,1821,2236,2138,2379,2244
4744002811006400,2308,1821,2238,2138,2378,2245
4744002811069200,2310,1820,2238,2138,2381,2243
4744002811172000,2306,1820,2245,2139,2377,2244
4744002811323400,2430,1820,2237,2139,2378,2244
4744002811428100,2307,1822,2238,2138,2377,2244
4744002811521300,2308,1822,2238,2140,2377,2245
4744002811610200,2308,1819,2238,2138,2378,2246
4744002811681100,2308,1821,2237,2139,2378,2243
4744002811751800,2306,1821,2237,2138,2377,2248
4744002811811000,2306,1821,2238,2137,2379,2242
4744002811868700,2308,1824,2237,2137,2378,2337
4744002811929900,2308,1820,2235,2137,2536,2242
4744002812011400,2305,1821,2238,2137,2378,2244
4744002812086300,2307,1822,2238,2138,2378,2242
4744002812158600,2307,1819,2238,2137,2380,2243
4744002812236500,2308,1821,2238,2137,2379,2246
4744002812298600,2308,1820,2239,2138,2379,2244
4744002812384300,2308,1819,2237,2138,2360,2244
4744002812457600,2304,1840,2236,2139,2380,2244
4744002812572500,2306,1820,2236,2138,2378,2246
4744002812764500,2306,1822,2240,2138,2380,2245
4744002812867600,2308,1820,2238,2138,2378,2243
4744002812988300,2309,1820,2238,2137,2377,2246
4744002813107800,2305,1822,2250,2139,2379,2246
4744002813235600,2308,1821,2238,2138,2380,2243
4744002813357200,2308,1821,2237,2136,2633,2244
4744002813449300,2307,1824,2237,2138,2379,2245
4744002813525600,2308,1822,2237,2136,2452,2244
4744002813588800,2306,1820,2238,2138,2379,2244
4744002813649300,2307,1821,2236,2138,2378,2245
4744002813728500,2308,1823,2237,2139,2362,2244
4744002813817000,2306,1823,2250,2139,2376,2245
4744002813891000,2306,1822,2238,2138,2376,2245
4744002814244100,2308,1821,2237,2138,2378,2243
4744002814434400,2307,1868,2239,2136,2379,2625
4744002814565800,2307,1671,2237,2138,2432,2244
4744002814666700,2306,1820,2238,2139,2383,2244
4744002814751500,2307,1821,2237,2138,2377,2245
4744002814846700,2308,1822,2237,2138,2375,2246
4744002814952200,2310,1820,2237,2138,2377,2352
4744002815025000,2309,1822,2268,2139,2379,2242
4744002815109000,2307,1820,2237,2140,2378,2243
4744002815220400,2306,1825,2237,2139,2379,2246
4744002815334100,2318,1821,2237,2138,2378,2245
4744002815419900,2308,1822,2237,2137,2378,2108
4744002815483600,2307,1821,2238,2136,2379,2245
4744002815545100,2308,1821,2237,2138,2381,2244
4744002815611600,2307,1823,2237,2138,2378,2244
4744002815675700,2310,1823,2246,2138,2379,2258
4744002815735900,2307,1820,2237,2138,2378,2244
4744002815810700,2304,1821,2237,2139,2451,2246
4744002815885400,2306,1819,2237,2148,2379,2245
4744002815966600,2306,1820,2239,2138,2380,2245
4744002816037500,2306,1820,2237,2138,2378,2212
4744002816120200,2306,1821,2236,2139,2380,2244
4744002816194700,2307,1821,2237,2136,2378,2245
4744002816277800,2307,1822,2237,2137,2380,2244
4744002816353300,2309,1820,2238,2137,2379,2245
4744002816417700,2306,1926,2239,2139,2378,2213
4744002816508400,2369,1821,2236,2138,2120,2245
4744002816586900,2308,1819,2237,2142,2378,2247
4744002816689200,2307,1819,2291,2111,2379,2244
4744002816750500,2307,1821,2237,2140,2379,2243
4744002816811600,2307,1820,2236,2137,2375,2241
4744002816942900,2308,1821,2239,2137,2380,2244
4744002817004900,2307,1822,2246,2138,2376,2243
4744002817071200,2427,1821,2238,2139,2378,2245
4744002817139600,2304,1821,2237,2140,2378,2243
4744002817228100,2306,1821,2237,2140,2380,2243
4744002817316700,2309,1819,2237,2138,2378,2245
4744002817375700,2306,1822,2238,2138,2377,2244
4744002817446900,2308,1821,2237,2138,2377,2248
4744002817514700,2308,1822,2237,2138,2382,2244
4744002817583300,2308,1822,2235,2137,2378,2334
4744002817641300,2305,1820,2235,2138,2534,2244
4744002817697400,2305,1822,2235,2138,2379,2244
4744002817753700,2307,1821,2236,2141,2379,2243
4744002817821300,2308,1820,2238,2139,2379,2244
4744002817892200,2308,1822,2238,2138,2380,2244
4744002817953500,2306,1821,2238,2138,2378,2243
4744002818010100,2308,1820,2236,2138,2359,2245
4744002818072400,2306,1840,2237,2138,2378,2245
4744002818135800,2310,1821,2236,2139,2380,2244
4744002818239800,2308,1820,2237,2138,2379,2244
4744002818602900,2306,1821,2240,2138,2376,2245
4744002818743000,2306,1819,2236,2136,2380,2245
4744002818822800,2309,1821,2254,2137,2378,2245
4744002818919600,2307,1822,2240,2139,2378,2244
4744002818996100,2306,1822,2237,2136,2592,2245
4744002819058700,2309,1821,2238,2136,2380,2249
4744002819155600,2308,1819,2237,2137,2448,2244
4744002819233600,2308,1821,2238,2135,2378,2245
4744002819294800,2306,1820,2238,2138,2378,2243
4744002819362600,2308,1821,2238,2136,2454,2245
4744002819440800,2309,1822,2250,2139,2376,2245
4744002819505200,2308,1820,2237,2138,2378,2244
4744002819584000,2309,1821,2236,2138,2379,2244
4744002819656700,2307,1865,2238,2137,2371,2619
4744002819743000,2308,1669,2237,2139,2428,2244
4744002819818000,2308,1821,2239,2138,2379,2244
4744002819883800,2309,1821,2238,2137,2378,2244
4744002819950500,2308,1821,2238,2138,2462,2244
4744002820014600,2306,1822,2237,2138,2375,2353
4744002820082200,2308,1824,2267,2139,2377,2243
4744002820165300,2309,1821,2237,2139,2377,2244
4744002820484800,2307,1822,2237,2137,2380,2245
4744002820613400,2318,1823,2236,2138,2380,2245
4744002820706600,2310,1822,2237,2137,2378,2106
4744002820787400,2307,1821,2236,2137,2378,2245
4744002820893800,2308,1821,2239,2137,2381,2244
4744002820990100,2306,1822,2237,2139,2380,2246
4744002821062100,2308,1821,2247,2139,2377,2259
4744002821130900,2308,1820,2238,2138,2379,2244
4744002821198000,2308,1822,2238,2139,2459,2245
4744002821258400,2304,1821,2236,2146,2379,2246
4744002821342100,2308,1821,2239,2138,2379,2244
4744002821417500,2308,1820,2237,2138,2377,2214
4744002821481900,2306,1822,2236,2140,2379,2244
4744002821549100,2306,1819,2238,2138,2381,2246
4744002821607700,2308,1822,2239,2138,2379,2243
4744002821665100,2307,1821,2238,2139,2378,2244
4744002821720300,2306,1925,2238,2138,2378,2212
4744002822108900,2372,1819,2238,2138,2123,2245
4744002822275900,2306,1820,2236,2140,2381,2244
4744002822365900,2308,1820,2286,2111,2380,2244
4744002822435800,2310,1820,2237,2139,2379,2244
4744002822511100,2306,1821,2238,2136,2378,2245
4744002822598500,2309,1819,2239,2138,2379,2245
4744002822673600,2308,1820,2245,2138,2379,2244
4744002822740700,2426,1821,2237,2140,2380,2244
4744002822813100,2307,1821,2239,2139,2380,2242
4744002822875800,2307,1821,2236,2139,2377,2244
4744002822938700,2308,1821,2237,2138,2378,2244
4744002823011500,2307,1819,2237,2139,2378,2244
4744002823072800,2309,1821,2237,2138,2375,2249
4744002823160400,2306,1822,2237,2134,2382,2244
4744002823290700,2307,1822,2237,2137,2376,2331
4744002823353800,2307,1821,2235,2138,2533,2245
4744002823414800,2305,1821,2239,2138,2380,2244
4744002823492300,2308,1821,2238,2141,2378,2245
4744002823565200,2306,1820,2239,2139,2378,2244
4744002823632200,2307,1823,2239,2138,2380,2244
4744002823776100,2306,1819,2238,2138,2380,2244
4744002823858500,2309,1820,2237,2136,2380,2242
4744002823938100,2308,1840,2237,2139,2378,2246
4744002824007400,2309,1820,2237,2141,2378,2244
4744002824068500,2308,1820,2237,2136,2380,2246
4744002824127800,2305,1822,2237,2139,2376,2243
4744002824196400,2306,1823,2235,2136,2416,2244
4744002824263600,2307,1822,2249,2139,2379,2245
4744002824323200,2308,1821,2238,2138,2379,2244
4744002824385600,2308,1821,2237,2137,2686,2244
4744002824445600,2308,1822,2238,2138,2380,2246
4744002824542300,2305,1821,2238,2137,2450,2243
4744002824618200,2306,1821,2241,2138,2378,2244
4744002824688300,2308,1822,2238,2140,2376,2245
4744002825072500,2307,1821,2237,2137,2365,2245
4744003366974200,2310,1818,2257,2139,2378,2244
4744003367406900,2309,1822,2238,2137,2378,2246
4744003367704000,2308,1820,2237,2139,2378,2243
4744003368233400,2307,1868,2238,2137,2378,2244
4744003368567400,2308,1670,2243,2138,2436,2244
4744003368787400,2307,1820,2238,2139,2380,2244
4744003368860000,2305,1821,2238,2138,2378,2243
4744003368918600,2309,1822,2237,2138,2375,2245
4744003368985000,2307,1822,2238,2137,2374,2349
4744003369382100,2307,1822,2269,2138,2377,2242
4744003369461500,2307,1820,2238,2138,2377,2243
4744003369526300,2305,1822,2237,2137,2378,2245
4744003369632600,2320,1822,2236,2138,2376,2245
4744003369715300,2308,1821,2238,2136,2377,2110
4744003369802500,2308,1822,2236,2137,2378,2244
4744003369872500,2308,1820,2237,2138,2383,2244
4744003369937700,2308,1821,2237,2139,2378,2244
4744003369984000,2306,1821,2247,2137,2379,2260
4744003370246700,2306,1820,2238,2137,2379,2245
4744003370334100,2307,1820,2238,2138,2459,2245
4744003370389600,2304,1822,2236,2145,2378,2244
4744003370460100,2309,1846,2238,2138,2382,2244
4744003370515600,2308,1819,2237,2138,2377,2213
4744003370692700,2306,1822,2236,2139,2379,2244
4744003370870200,2308,1819,2237,2138,2377,2245
4744003370943100,2309,1821,2237,2138,2378,2245
4744003370996600,2309,1822,2240,2137,2377,2244
4744003371059000,2308,1923,2239,2138,2379,2213
4744003371267700,2368,1822,2237,2138,2121,2243
4744003371389300,2308,1819,2236,2142,2381,2244
4744003371599300,2308,1820,2285,2111,2379,2245
4744003371696700,2309,1821,2237,2138,2379,2244
4744003371787100,2306,1820,2238,2138,2379,2241
4744003371855200,2306,1821,2237,2138,2378,2245
4744003371951500,2309,1820,2244,2139,2379,2245
4744003372024600,2427,1820,2237,2139,2379,2243
4744003372382800,2308,1821,2238,2138,2378,2244
4744003372822800,2307,1820,2238,2138,2378,2243
4744003373185600,2305,1821,2237,2138,2379,2245
4744003373327400,2306,1822,2236,2139,2376,2244
4744003373457600,2305,1822,2238,2138,2378,2247
4744003373744500,2307,1821,2237,2137,2378,2244
4744003373928300,2309,1822,2237,2137,2376,2340
4744003374267100,2308,1822,2235,2138,2534,2245
4744003374510700,2306,1821,2238,2137,2379,2243
4744003374725600,2309,1821,2236,2141,2379,2243
4744003374999400,2307,1821,2239,2137,2378,2244
4744003375210900,2307,1821,2238,2139,2381,2249
4744003375350200,2307,1820,2239,2138,2378,2243
4744003375518300,2305,1822,2238,2136,2378,2244
4744003375600700,2307,1838,2237,2139,2380,2245
4744003375776600,2309,1821,2237,2139,2380,2244
4744003375894000,2306,1822,2237,2138,2380,2244
4744003376305700,2307,1821,2238,2140,2378,2242
4744003376514900,2308,1821,2237,2136,2409,2246
4744003376608100,2309,1820,2251,2139,2378,2245
4744003376697900,2307,1823,2237,2138,2379,2243
4744003376970800,2308,1820,2237,2136,2600,2243
4744003377200800,2308,1823,2237,2137,2379,2245
4744003377378700,2306,1821,2237,2137,2446,2244
4744003377760300,2307,1820,2237,2140,2379,2243
4744003377897900,2305,1822,2238,2138,2376,2243
4744003377985600,2306,1821,2237,2137,2364,2245
4744003378049500,2308,1821,2253,2139,2376,2244
4744003378147500,2306,1819,2238,2137,2376,2246
4744003378247500,2306,1822,2237,2138,2378,2243
4744003378354400,2307,1865,2239,2138,2379,2607
4744003378484900,2306,1671,2237,2137,2433,2243
4744003378586600,2309,1820,2238,2136,2380,2242
4744003378669600,2309,1820,2240,2137,2377,2244
4744003378768500,2307,1822,2237,2138,2376,2244
4744003378847700,2309,1823,2238,2138,2379,2348
4744003378913800,2307,1820,2265,2138,2379,2244
4744003379006700,2307,1821,2237,2137,2378,2244
4744003379106000,2306,1822,2238,2137,2378,2244
4744003379183600,2323,1822,2237,2138,2379,2243
4744003379245700,2307,1822,2237,2139,2377,2075
4744003379309000,2309,1820,2236,2139,2379,2244
4744003379369300,2307,1821,2238,2138,2399,2245
4744003379439200,2308,1822,2236,2139,2378,2243
4744003379505000,2307,1820,2247,2138,2378,2258
4744003379576500,2308,1822,2237,2139,2377,2244
4744003379644800,2308,1822,2238,2138,2455,2246
4744003379704900,2305,1820,2238,2144,2378,2243
4744003379769500,2309,1848,2237,2138,2380,2245
4744003379833300,2306,1821,2237,2138,2378,2215
4744003379935300,2307,1820,2236,2137,2378,2245
4744003380001700,2307,1821,2237,2136,2381,2244
4744003380061500,2306,1822,2237,2137,2379,2244
4744003380127300,2306,1821,2239,2139,2377,2244
4744003380182600,2306,1904,2238,2139,2378,2214
4744003380242500,2358,1821,2236,2138,2121,2244
4744003380307500,2306,1822,2236,2140,2380,2244
4744003380381100,2308,1821,2283,2111,2380,2245
4744003380443900,2306,1822,2237,2138,2379,2245
4744003380498500,2308,1820,2238,2136,2381,2243
4744003380550700,2306,1821,2239,2138,2378,2244
4744003380602600,2308,1820,2245,2138,2378,2243
4744003380655800,2428,1821,2238,2138,2380,2245
4744003380720900,2306,1822,2238,2138,2378,2244
4744003380781400,2306,1821,2238,2140,2380,2243
4744003380837000,2306,1822,2238,2138,2379,2245
4744003380897100,2307,1821,2238,2138,2377,2244
4744003380956400,2308,1822,2237,2138,2379,2246
4744003381012200,2307,1821,2238,2138,2382,2244
4744003381088000,2307,1820,2238,2137,2377,2332
4744003381147100,2308,1820,2235,2138,2532,2245
4744003381203900,2306,1820,2238,2139,2379,2242
4744003381258300,2309,1821,2236,2142,2378,2243
4744003381312100,2307,1822,2239,2137,2378,2245
4744003381369700,2309,1821,2238,2138,2380,2244
4744003381424500,2308,1822,2237,2138,2379,2244
4744003381479500,2308,1821,2236,2138,2358,2243
4744003381532400,2309,1837,2237,2138,2380,2245
4744003381585600,2307,1821,2235,2139,2380,2245
4744003381647300,2308,1820,2237,2137,2379,2245
4744003381701100,2306,1821,2240,2139,2378,2244
4744003381752000,2308,1822,2237,2138,2417,2245
4744003381802700,2308,1821,2253,2140,2377,2244
4744003381857600,2310,1821,2237,2137,2379,2244
4744003381914000,2307,1822,2235,2137,2680,2244
4744003381976600,2309,1822,2236,2138,2379,2247
4744003382132200,2308,1822,2237,2137,2446,2244
4744003382221500,2306,1822,2237,2139,2378,2245
4744003382287400,2306,1822,2238,2138,2379,2244
4744003382349500,2309,1821,2237,2137,2362,2245
4744003382426400,2307,1822,2250,2139,2379,2244
4744003382503600,2308,1821,2239,2137,2379,2244
4744003382576100,2307,1822,2237,2140,2379,2243
4744003382667700,2307,1860,2239,2138,2378,2244
4744003382742900,2309,1671,2237,2138,2430,2243
4744003382819600,2306,1820,2238,2139,2378,2243
4744003382885700,2306,1819,2238,2138,2378,2245
4744003382978800,2307,1821,2238,2138,2457,2244
4744003383095400,2307,1821,2237,2137,2378,2352
4744003383180700,2305,1821,2268,2139,2379,2241
4744003383260100,2308,1821,2237,2138,2378,2242
4744003383336900,2308,1820,2237,2138,2378,2246
4744003383510400,2320,1819,2237,2138,2378,2245
4744003383728100,2306,1821,2238,2137,2376,2106
4744003383940300,2309,1819,2237,2137,2379,2243
4744003384301600,2305,1813,2237,2139,2381,2244
4744003384419100,2307,1822,2237,2138,2378,2246
4744003384553100,2306,1824,2244,2137,2377,2260
4744003384677900,2308,1821,2238,2137,2377,2243
4744003384810900,2307,1821,2237,2139,2454,2244
4744003384896100,2304,1821,2237,2146,2379,2243
4744003384960800,2307,1844,2237,2138,2380,2244
4744003385024600,2307,1820,2239,2137,2378,2215
4744003385098200,2306,1822,2237,2139,2379,2243
4744003385166400,2306,1820,2237,2137,2379,2245
4744003385229300,2306,1822,2238,2138,2379,2246
4744003385323600,2307,1820,2238,2138,2377,2246
4744003385475000,2308,1922,2239,2138,2378,2214
4744003385557300,2368,1821,2236,2138,2123,2244
4744003385628500,2306,1821,2237,2141,2380,2243
4744003385696500,2306,1819,2289,2111,2379,2245
4744003385756100,2308,1823,2238,2140,2378,2243
4744003385818600,2308,1821,2237,2138,2380,2241
4744003385880600,2306,1820,2238,2138,2380,2244
4744003385936700,2305,1822,2245,2137,2379,2244
4744003386001500,2426,1821,2238,2139,2378,2245
4744003386055900,2305,1821,2237,2139,2379,2244
4744003386122600,2308,1822,2238,2139,2378,2244
4744003386176400,2308,1821,2238,2138,2378,2245
4744003386231800,2307,1821,2238,2138,2377,2244
4744003386286000,2309,1821,2237,2138,2378,2248
4744003386353100,2310,1820,2237,2138,2380,2244
4744003386411500,2306,1822,2237,2137,2376,2336
4744003386481100,2305,1820,2235,2138,2533,2246
4744003386545600,2308,1820,2237,2138,2378,2243
4744003386602100,2310,1821,2236,2142,2378,2243
4744003386653300,2305,1822,2237,2137,2379,2244
4744003386705700,2307,1822,2238,2138,2381,2245
4744003386761900,2309,1821,2238,2138,2379,2244
4744003386822800,2306,1822,2237,2136,2378,2243
4744003386962000,2308,1838,2237,2139,2380,2246
4744003387023100,2308,1820,2237,2138,2380,2244
4744003387077100,2308,1820,2238,2138,2378,2243
4744003387137200,2307,1820,2238,2138,2377,2243
4744003387204600,2306,1822,2237,2136,2416,2244
4744003387287500,2306,1822,2251,2138,2378,2244
4744003387367300,2309,1822,2238,2139,2377,2244
4744003387528300,2308,1822,2237,2137,2679,2244
4744003387600100,2307,1822,2237,2136,2380,2246
4744003387693500,2308,1822,2235,2137,2446,2244
4744003388068800,2310,1819,2238,2138,2379,2243
4744003388221400,2308,1820,2238,2138,2378,2244
4744003388302700,2308,1821,2238,2138,2451,2245
4744003388370700,2308,1822,2248,2139,2378,2244
4744003388438000,2309,1821,2238,2139,2378,2246
4744003388506800,2307,1820,2237,2139,2377,2243
4744003388577700,2308,1866,2238,2138,2381,2592
4744003388663000,2306,1672,2237,2138,2436,2243
4744003388733800,2306,1818,2238,2139,2379,2244
4744003388807400,2308,1821,2238,2137,2378,2244
4744003388896800,2307,1821,2237,2138,2379,2244
4744003388957900,2309,1821,2238,2138,2376,2348
4744003389040100,2311,1821,2268,2137,2377,2243
4744003389103600,2308,1821,2238,2139,2378,2243
4744003389181200,2308,1822,2238,2138,2379,2245
4744003389275500,2320,1821,2236,2139,2376,2244
4744003389343900,2309,1820,2239,2137,2376,2104
4744003389417000,2308,1821,2238,2138,2377,2244
4744003389482300,2307,1821,2238,2139,2402,2245
4744003389627700,2308,1822,2237,2138,2380,2245
4744003389716800,2308,1820,2246,2138,2378,2258
4744003389940300,2306,1822,2238,2137,2377,2245
4744003390055400,2308,1822,2238,2138,2457,2246
4744003390364300,2306,1821,2237,2148,2378,2244
4744003390669600,2306,1822,2237,2138,2380,2244
4744003390800500,2306,1821,2236,2138,2379,2212
4744003390962100,2306,1822,2237,2139,2379,2244
4744003391068400,2308,1821,2235,2138,2378,2246
4744003391150200,2308,1820,2237,2139,2380,2245
4744003391209100,2307,1819,2237,2139,2376,2246
4744003391433500,2309,1921,2237,2139,2379,2214
4744003391522400,2368,1820,2237,2138,2122,2245
4744003391593700,2308,1821,2236,2140,2379,2244
4744003391664200,2306,1821,2283,2111,2380,2245
4744003391773300,2307,1819,2236,2139,2378,2243
4744003391862300,2309,1821,2238,2137,2378,2241
4744003391957600,2309,1819,2239,2139,2380,2244
4744003392049100,2307,1820,2245,2139,2378,2243
4744003392169500,2428,1820,2238,2138,2379,2245
4744003392326900,2306,1822,2238,2138,2379,2244
4744003392621800,2309,1821,2238,2139,2378,2245
4744003392773800,2306,1822,2237,2138,2380,2244
4744003392868200,2308,1821,2237,2138,2378,2244
4744003392981800,2307,1821,2236,2136,2379,2246
4744003393096100,2308,1818,2239,2138,2381,2243
4744003393192800,2308,1820,2237,2138,2376,2334
4744003393255500,2312,1819,2237,2139,2533,2243
4744003393358200,2306,1820,2237,2138,2377,2244
4744003393466000,2309,1822,2238,2139,2379,2243
4744003393552600,2309,1820,2237,2139,2378,2243
4744003393644400,2305,1821,2238,2139,2379,2244
4744003393733000,2308,1820,2238,2138,2378,2244
4744003393802600,2306,1820,2236,2138,2358,2245
4744003393869600,2308,1840,2236,2139,2381,2245
4744003394308200,2308,1822,2236,2140,2380,2243
4744003394457600,2308,1820,2237,2138,2380,2244
4744003394611200,2306,1821,2238,2139,2378,2244
4744003394712900,2307,1821,2236,2138,2380,2244
4744003394915500,2308,1821,2254,2139,2376,2243
4744003395012000,2308,1822,2238,2139,2379,2244
4744003395086200,2306,1822,2237,2138,2698,2245
4744003395190700,2306,1824,2237,2137,2380,2245
4744003395299000,2306,1821,2237,2138,2448,2244
4744003395388900,2308,1822,2238,2138,2378,2243
4744003395487800,2306,1821,2238,2139,2377,2244
4744003395630600,2307,1822,2237,2138,2364,2243
4744003395746400,2307,1820,2252,2138,2377,2246
4744003395942900,2307,1821,2238,2138,2377,2245
4744003396070700,2306,1821,2237,2139,2378,2243
4744003396150600,2309,1867,2238,2137,2380,2246
4744003396236600,2308,1672,2238,2138,2428,2244
4744003396311300,2308,1821,2239,2139,2379,2245
4744003396370300,2307,1821,2238,2138,2378,2244
4744003396451100,2307,1821,2237,2135,2379,2244
4744003396522400,2307,1822,2238,2135,2379,2354
4744003396601000,2306,1823,2268,2139,2377,2242
4744003396667800,2309,1821,2236,2139,2377,2243
4744003396727000,2309,1821,2237,2137,2379,2247
4744003396794600,2322,1821,2237,2138,2377,2245
4744003396859400,2309,1821,2238,2137,2377,2105
4744003396920100,2309,1820,2237,2138,2377,2245
4744003396978900,2307,1821,2238,2139,2399,2244
4744003397038700,2308,1820,2238,2138,2379,2243
4744003397098100,2308,1821,2243,2137,2377,2260
4744003397172200,2308,1820,2238,2137,2379,2244
4744003397312000,2307,1820,2238,2139,2456,2245
4744003397387300,2305,1820,2236,2148,2378,2246
4744003397472600,2306,1822,2238,2138,2379,2244
4744003397568800,2307,1820,2237,2139,2379,2214
4744003397651100,2308,1821,2236,2140,2378,2244
4744003397726300,2307,1819,2237,2136,2378,2246
4744003397781700,2308,1821,2238,2138,2380,2244
4744003397840300,2308,1821,2238,2139,2379,2244
4744003397921700,2308,1921,2238,2138,2377,2245
4744003398002400,2370,1821,2236,2140,2120,2245
4744003398061900,2308,1821,2237,2140,2380,2243
4744003398116300,2308,1821,2284,2111,2379,2244
4744003398175100,2309,1822,2238,2140,2378,2244
4744003934300300,2307,1824,2236,2138,2379,2241
4744003934510100,2309,1819,2237,2138,2378,2243
4744003934584000,2309,1822,2244,2139,2379,2244
4744003934728800,2426,1820,2238,2138,2378,2245
4744003934864300,2306,1821,2238,2139,2379,2243
4744003935048000,2308,1822,2237,2139,2379,2243
4744003935394600,2308,1821,2237,2138,2376,2245
4744003935655100,2309,1818,2236,2137,2378,2244
4744003936016200,2306,1821,2236,2138,2379,2248
4744003936223100,2306,1821,2238,2138,2384,2245
4744003936439800,2309,1820,2237,2134,2378,2326
4744003936624500,2308,1822,2235,2137,2534,2244
4744003936809800,2306,1822,2237,2138,2379,2244
4744003937041200,2307,1820,2236,2141,2380,2242
4744003937096500,2307,1823,2239,2140,2379,2244
4744003937143500,2309,1821,2238,2139,2380,2244
4744003937189200,2308,1821,2238,2139,2378,2244
4744003937232000,2309,1819,2238,2137,2379,2244
4744003937276500,2306,1838,2238,2138,2380,2245
4744003937321600,2311,1820,2235,2140,2380,2244
4744003937393800,2306,1821,2237,2138,2380,2244
4744003937648500,2307,1821,2238,2140,2377,2244
4744003937838200,2309,1820,2237,2137,2420,2244
4744003937902900,2307,1822,2252,2139,2379,2246
4744003937963600,2307,1821,2238,2139,2378,2244
4744003938235200,2308,1823,2236,2138,2698,2245
4744003938488400,2309,1822,2237,2136,2380,2247
4744003938643300,2308,1821,2237,2137,2456,2243
4744003938724700,2306,1822,2238,2138,2378,2244
4744003938786600,2305,1821,2237,2139,2379,2245
4744003939042200,2309,1821,2237,2138,2364,2243
4744003939123500,2308,1821,2253,2139,2378,2244
4744003939342600,2307,1823,2237,2139,2377,2246
4744003939730900,2308,1821,2237,2138,2378,2244
4744003939882900,2309,1867,2239,2137,2380,2245
4744003940251800,2309,1671,2238,2138,2429,2244
4744003940569900,2306,1821,2238,2139,2378,2244
4744003941021100,2307,1822,2237,2138,2380,2245
4744003941471300,2308,1821,2239,2138,2380,2244
4744003941823200,2308,1822,2239,2138,2378,2352
4744003942086800,2310,1822,2272,2139,2378,2243
4744003942179800,2308,1821,2237,2140,2378,2244
4744003942258100,2308,1821,2236,2138,2379,2245
4744003942319300,2318,1823,2236,2138,2377,2243
4744003942379100,2308,1820,2238,2137,2378,2096
4744003942556000,2307,1820,2238,2142,2377,2244
4744003942687700,2305,1820,2239,2139,2377,2244
4744003942792600,2307,1822,2237,2138,2378,2246
4744003942869200,2307,1821,2244,2138,2378,2258
4744003942925500,2308,1821,2237,2138,2379,2244
4744003942979800,2308,1821,2238,2139,2473,2245
4744003943070900,2305,1821,2236,2148,2379,2244
4744003943149700,2307,1842,2239,2138,2380,2245
4744003943210300,2308,1820,2237,2138,2378,2214
4744003943493700,2306,1821,2235,2139,2379,2246
4744003943573100,2308,1821,2237,2137,2379,2247
4744003943644800,2306,1821,2239,2138,2380,2244
4744003943709300,2309,1822,2238,2139,2377,2244
4744003943770600,2306,1926,2238,2139,2380,2308
4744003944143700,2376,1821,2237,2139,2122,2245
4744003944331000,2309,1820,2237,2139,2380,2243
4744003944430000,2308,1820,2282,2111,2379,2244
4744003944760500,2307,1821,2237,2139,2378,2245
4744003944964100,2307,1819,2238,2136,2380,2241
4744003945038900,2309,1819,2239,2139,2382,2245
4744003945250000,2307,1821,2244,2138,2381,2244
4744003945320200,2428,1821,2238,2139,2378,2245
4744003945383800,2307,1821,2238,2137,2378,2244
4744003945455600,2306,1821,2237,2139,2377,2242
4744003945731200,2308,1822,2238,2138,2379,2244
4744003945825000,2308,1821,2237,2138,2378,2244
4744003946086200,2307,1821,2237,2138,2378,2248
4744003946388800,2306,1820,2239,2138,2381,2244
4744003946662400,2307,1821,2237,2137,2378,2337
4744003947022100,2309,1821,2235,2137,2533,2244
4744003947144200,2309,1821,2237,2139,2380,2245
4744003947480600,2309,1820,2238,2140,2378,2245
4744003947556100,2309,1821,2239,2139,2380,2245
4744003947637700,2308,1821,2238,2140,2381,2243
4744003947794000,2309,1820,2238,2138,2378,2245
4744003947950500,2309,1820,2237,2138,2357,2244
4744003948094100,2310,1838,2238,2139,2381,2243
4744003948205100,2308,1825,2236,2139,2378,2244
4744003948295500,2307,1822,2237,2138,2379,2245
4744003948580300,2306,1820,2238,2138,2378,2244
4744003948673200,2307,1822,2237,2137,2417,2244
4744003948795600,2306,1821,2256,2139,2378,2244
4744003948895900,2308,1821,2239,2138,2379,2244
4744003948966000,2306,1822,2236,2138,2710,2245
4744003949033700,2307,1823,2238,2139,2378,2245
4744003949315500,2306,1822,2237,2137,2446,2244
4744003949572600,2306,1822,2238,2139,2378,2244
4744003949840400,2306,1821,2238,2138,2379,2244
4744003949936100,2306,1821,2236,2138,2378,2244
4744003950043500,2307,1822,2250,2139,2378,2244
4744003950127900,2307,1821,2238,2139,2378,2245
4744003950218300,2307,1821,2237,2138,2376,2243
4744003950325100,2306,1871,2239,2139,2378,2246
4744003950396500,2306,1672,2237,2138,2432,2244
4744003950635500,2307,1821,2238,2138,2380,2245
4744003950711500,2308,1821,2238,2138,2379,2244
4744003950829700,2309,1820,2238,2137,2462,2244
4744003950910000,2306,1821,2238,2138,2377,2348
4744003950977600,2308,1821,2268,2139,2379,2242
4744003951050100,2306,1821,2240,2138,2378,2244
4744003951119700,2307,1822,2237,2138,2380,2245
4744003951189800,2323,1821,2237,2138,2378,2245
4744003951240800,2308,1821,2238,2137,2379,2109
4744003951289300,2307,1821,2238,2139,2378,2240
4744003951342200,2308,1821,2238,2139,2399,2244
4744003951438700,2308,1821,2238,2138,2380,2245
4744003951537200,2309,1821,2242,2138,2376,2260
4744003951759100,2309,1822,2238,2138,2379,2245
4744003951856800,2306,1820,2238,2140,2457,2246
4744003951954100,2307,1821,2236,2148,2380,2245
4744003952033800,2309,1850,2238,2138,2379,2244
4744003952106300,2306,1820,2237,2138,2378,2214
4744003952171900,2310,1820,2235,2139,2378,2244
4744003952295500,2306,1822,2237,2138,2379,2244
4744003952379800,2306,1821,2238,2138,2378,2244
4744003952562100,2309,1820,2238,2139,2377,2244
4744003952643100,2308,1926,2238,2140,2379,2212
4744003952746700,2371,1820,2237,2138,2122,2245
4744003952866600,2309,1820,2236,2139,2380,2244
4744003953006600,2307,1820,2282,2111,2379,2245
4744003953131800,2310,1820,2237,2140,2378,2246
4744003953285500,2306,1822,2236,2137,2381,2241
4744003953386200,2308,1820,2238,2138,2380,2244
4744003953482800,2309,1820,2245,2139,2379,2245
4744003953553600,2429,1822,2238,2139,2377,2244
4744003953675800,2306,1822,2236,2139,2377,2244
4744003953829600,2308,1821,2239,2139,2378,2244
4744003953935100,2307,1821,2237,2138,2375,2245
4744003954103600,2307,1822,2238,2137,2378,2245
4744003954221100,2308,1822,2237,2138,2379,2246
4744003954338200,2309,1820,2237,2138,2380,2244
4744003954514200,2306,1821,2238,2137,2378,2336
4744003954654700,2308,1821,2235,2138,2533,2245
4744003954831400,2308,1820,2239,2141,2379,2244
4744003954951100,2310,1821,2236,2142,2379,2243
4744003955073800,2307,1821,2239,2137,2380,2245
4744003955176100,2306,1821,2238,2138,2380,2245
4744003955271900,2306,1822,2240,2138,2379,2244
4744003955374200,2309,1820,2238,2137,2379,2244
4744003955450400,2306,1838,2238,2138,2380,2245
4744003955581400,2309,1820,2236,2140,2379,2244
4744003955671700,2307,1821,2238,2138,2379,2244
4744003955752000,2308,1821,2238,2138,2379,2244
4744003955865100,2308,1820,2237,2136,2418,2245
4744003955944800,2307,1821,2256,2139,2378,2245
4744003956021800,2306,1821,2240,2140,2379,2244
4744003956088000,2308,1823,2236,2137,2674,2243
4744003956153800,2309,1821,2237,2137,2380,2246
4744003956213500,2308,1822,2237,2138,2451,2244
4744003956282200,2306,1819,2237,2138,2379,2244
4744003956345900,2308,1821,2238,2138,2378,2242
4744003956453700,2308,1820,2236,2137,2379,2244
4744003956532900,2307,1821,2256,2140,2378,2245
4744003956629900,2307,1821,2238,2138,2377,2247
4744003956705300,2308,1821,2237,2138,2377,2245
4744003956786500,2308,1868,2239,2137,2379,2620
4744003956853100,2307,1672,2237,2138,2432,2244
4744003956958300,2306,1820,2238,2138,2379,2244
4744003957032600,2308,1821,2238,2138,2377,2244
4744003957095600,2308,1824,2238,2138,2461,2243
4744003957257200,2308,1821,2238,2137,2377,2356
4744003957334300,2309,1823,2268,2138,2380,2242
4744003957412600,2306,1822,2236,2138,2376,2245
4744003957510800,2307,1823,2238,2138,2377,2246
4744003957590100,2320,1821,2236,2138,2379,2245
4744003957901500,2307,1821,2237,2138,2374,2108
4744003958025600,2310,1819,2238,2139,2379,2244
4744003958150200,2307,1820,2237,2140,2381,2245
4744003958236600,2307,1822,2238,2138,2380,2245
4744003958352200,2307,1822,2243,2138,2377,2259
4744003958432700,2306,1820,2240,2138,2378,2245
4744003958494600,2308,1820,2238,2138,2461,2245
4744003958563000,2305,1821,2236,2145,2379,2245
4744003958669400,2305,1845,2239,2138,2380,2244
4744003958782700,2305,1821,2237,2138,2379,2213
4744003958869200,2308,1821,2236,2139,2379,2244
4744003958967600,2310,1819,2236,2138,2380,2245
4744003959050800,2307,1822,2239,2137,2378,2244
4744003959193100,2306,1820,2238,2139,2378,2244
4744003959538800,2308,1923,2239,2139,2378,2211
4744003959929500,2372,1820,2237,2140,2122,2245
4744003960094400,2308,1821,2236,2140,2381,2244
4744003960254700,2307,1820,2284,2111,2380,2245
4744003960365700,2307,1821,2237,2140,2378,2244
4744003960456600,2307,1822,2237,2138,2380,2244
4744003960575000,2307,1820,2238,2138,2378,2244
4744003960647900,2308,1820,2246,2138,2378,2244
4744003960756600,2427,1820,2238,2138,2380,2244
4744003960864600,2307,1821,2238,2138,2378,2244
4744003960936600,2308,1822,2237,2140,2378,2243
4744003961033200,2305,1821,2237,2138,2378,2246
4744003961109000,2308,1820,2237,2138,2377,2244
4744003961171600,2309,1820,2238,2138,2377,2246
4744003961287400,2309,1820,2238,2136,2380,2244
4744003961402100,2307,1822,2237,2137,2377,2336
4744003961478500,2309,1820,2235,2138,2534,2245
4744003961550400,2308,1820,2238,2138,2379,2245
4744003961624800,2308,1822,2236,2139,2379,2243
4744003961726200,2306,1821,2239,2137,2379,2244
4744003961812300,2309,1820,2239,2138,2378,2245
4744003961921600,2306,1821,2237,2138,2378,2245
4744003961994100,2309,1822,2237,2138,2357,2244
4744003962050500,2308,1841,2237,2138,2381,2244
4744003962145000,2308,1821,2236,2140,2379,2245
4744003962230400,2308,1819,2237,2137,2379,2243
4744003962327900,2308,1822,2240,2138,2376,2244
4744003962412300,2306,1821,2237,2137,2417,2245
4744003962522700,2306,1822,2251,2143,2378,2244
4744003962596100,2308,1823,2238,2139,2377,2244
4744003962653200,2307,1822,2237,2138,2732,2244
4744003962704000,2308,1822,2237,2138,2379,2245
4744003962754600,2306,1821,2237,2138,2450,2243
4744003962845000,2306,1821,2238,2139,2379,2243
4744003962944400,2306,1821,2239,2138,2378,2243
4744003963022300,2307,1822,2238,2138,2451,2244
4744003963113700,2309,1821,2254,2139,2379,2246
4744003963186900,2307,1820,2237,2137,2378,2245
4744003963276500,2305,1821,2237,2138,2379,2243
4744003963350100,2306,1866,2239,2138,2378,2243
4744003963406000,2308,1672,2237,2138,2434,2245
4744003963497900,2308,1820,2239,2138,2378,2245
4744003963571100,2308,1821,2238,2137,2378,2244
4744003963672500,2307,1821,2237,2137,2379,2244
4744003963737200,2308,1821,2237,2137,2377,2361
4744003963833000,2307,1820,2268,2139,2378,2242
4744003963976700,2308,1821,2237,2140,2376,2244
4744003964124100,2307,1822,2237,2138,2380,2244
4744003964480600,2321,1821,2238,2138,2377,2241
4744003964662200,2309,1822,2237,2137,2379,2111
4744003964857000,2307,1821,2238,2137,2379,2244
4744003964974300,2308,1821,2238,2137,2400,2245
4744003965087200,2307,1821,2238,2140,2380,2245
4744003965220800,2308,1821,2244,2138,2378,2260
4744003965328200,2309,1821,2237,2137,2379,2243
4744003965586700,2307,1822,2238,2138,2458,2246
4744003965741200,2306,1820,2238,2149,2378,2244
4744003966216800,2306,1821,2239,2137,2382,2245
4744003966443700,2308,1820,2237,2137,2379,2215
4744003966533100,2308,1822,2235,2139,2377,2244
4744003966628200,2307,1822,2238,2137,2379,2243
4744003967030600,2308,1822,2237,2138,2378,2247
4744003967145300,2307,1822,2236,2138,2378,2245
4744003967201200,2308,1922,2237,2138,2381,2323
4744003967296200,2369,1821,2236,2140,2122,2245
4744003967362500,2309,1820,2238,2139,2380,2246
4744003967418300,2306,1820,2291,2111,2380,2244
4744003967483000,2308,1822,2238,2139,2376,2245
4744003967551600,2307,1822,2237,2137,2380,2245
4744003967619300,2307,1821,2237,2138,2381,2245
4744003967816200,2309,1821,2244,2139,2379,2243
4744003967875400,2427,1822,2237,2139,2379,2243
4744003967939500,2305,1821,2238,2139,2377,2244
4744003967995100,2309,1821,2238,2140,2380,2244
4744003968216500,2307,1822,2238,2138,2380,2246
4744003968321500,2307,1823,2237,2137,2377,2244
4744003968376800,2305,1821,2237,2137,2378,2248
4744003968435000,2307,1820,2238,2138,2380,2244
4744003968489100,2308,1820,2237,2137,2377,2340
4744003968541100,2306,1821,2237,2138,2534,2245
4744003968608300,2307,1820,2237,2139,2380,2245
4744003968680700,2308,1821,2238,2141,2378,2245
4744003968732400,2309,1821,2239,2137,2377,2244
4744003968781500,2305,1822,2237,2139,2378,2243
4744003968829200,2310,1817,2238,2137,2379,2244
4744003968877400,2308,1821,2237,2138,2358,2243
4744003968929500,2308,1840,2238,2138,2380,2245
4744003968993800,2308,1822,2236,2140,2380,2245
4744003969047700,2308,1820,2238,2138,2381,2244
4744003969099400,2309,1821,2237,2138,2378,2243
4744003969429600,2307,1822,2237,2136,2417,2245
4744003969525200,2308,1822,2251,2138,2379,2244
4744003969621700,2307,1822,2240,2140,2380,2244
4744003969700600,2308,1820,2236,2137,2677,2243
4744003969891100,2308,1823,2237,2136,2379,2246
4744003970004100,2307,1820,2238,2138,2455,2243
4744003970106800,2306,1822,2237,2139,2379,2244
4744003970188200,2308,1821,2238,2138,2378,2242
4744003970261000,2307,1822,2238,2137,2454,2245
4744004501877600,2306,1820,2252,2139,2377,2244
4744004502436800,2308,1821,2237,2139,2378,2246
4744004502576100,2308,1820,2237,2137,2378,2243
4744004502685600,2306,1868,2238,2138,2379,2619
4744004502986300,2308,1670,2238,2138,2434,2243
4744004503233100,2306,1821,2239,2140,2379,2243
4744004503367800,2308,1820,2238,2138,2380,2245
4744004503622700,2309,1822,2237,2137,2377,2244
4744004503836100,2308,1821,2238,2138,2377,2354
4744004504183300,2309,1821,2270,2139,2377,2243
4744004504572600,2308,1819,2237,2139,2378,2243
4744004504761100,2308,1820,2237,2138,2379,2246
4744004504889900,2320,1822,2237,2139,2379,2243
4744004505143200,2306,1822,2236,2137,2377,2111
4744004505369500,2307,1821,2237,2137,2380,2243
4744004505677200,2307,1822,2238,2138,2399,2245
4744004505958300,2305,1823,2237,2138,2380,2244
4744004506087500,2308,1821,2240,2138,2377,2258
4744004506183100,2306,1821,2238,2137,2379,2245
4744004506451600,2306,1821,2236,2138,2457,2244
4744004506722800,2308,1820,2237,2146,2378,2245
4744004506785100,2308,1822,2238,2136,2380,2244
4744004506870900,2306,1820,2237,2138,2376,2213
4744004506957400,2309,1823,2238,2139,2377,2244
4744004507017600,2309,1821,2237,2142,2380,2245
4744004507068800,2308,1821,2238,2138,2378,2244
4744004507338000,2308,1820,2240,2139,2380,2243
4744004507449800,2308,1920,2239,2139,2380,2308
4744004507689400,2371,1821,2237,2139,2122,2244
4744004507789800,2309,1820,2237,2139,2381,2243
4744004507895200,2309,1820,2287,2111,2378,2242
4744004507984300,2307,1821,2238,2138,2379,2245
4744004508044400,2306,1820,2237,2138,2380,2244
4744004508137100,2309,1821,2238,2137,2381,2244
4744004508229400,2308,1821,2245,2139,2379,2244
4744004508332200,2426,1820,2236,2139,2378,2243
4744004508424000,2306,1820,2237,2138,2378,2243
4744004508597900,2307,1821,2237,2138,2378,2243
4744004508838400,2309,1821,2236,2138,2377,2245
4744004508958600,2307,1822,2238,2138,2376,2244
4744004509208600,2309,1822,2237,2138,2377,2247
4744004509464200,2308,1820,2238,2139,2377,2244
4744004509581900,2309,1821,2238,2137,2377,2338
4744004509680400,2309,1820,2235,2137,2534,2246
4744004509784100,2305,1820,2237,2136,2377,2243
4744004509966100,2308,1821,2238,2142,2378,2244
4744004510266600,2305,1822,2238,2139,2378,2242
4744004510411400,2306,1820,2238,2139,2380,2244
4744004510523900,2309,1822,2239,2138,2376,2243
4744004510607900,2307,1821,2236,2137,2378,2244
4744004510936400,2306,1842,2238,2139,2380,2245
4744004511322100,2308,1822,2236,2140,2378,2244
4744004511437800,2305,1821,2237,2139,2379,2244
4744004511550600,2305,1820,2237,2139,2377,2244
4744004511655500,2310,1822,2237,2137,2420,2245
4744004511748500,2308,1823,2252,2139,2378,2245
4744004511866600,2307,1822,2240,2139,2379,2244
4744004511948200,2306,1821,2237,2138,2710,2244
4744004512037800,2309,1823,2237,2136,2381,2247
4744004512114500,2306,1821,2237,2138,2460,2244
4744004512220900,2307,1822,2237,2139,2378,2244
4744004512382100,2305,1822,2237,2135,2378,2243
4744004512547400,2309,1820,2238,2137,2454,2245
4744004512680500,2307,1822,2252,2140,2378,2244
4744004512987900,2306,1822,2239,2138,2380,2246
4744004513234000,2307,1821,2237,2138,2379,2245
4744004513335300,2306,1869,2239,2138,2380,2244
4744004513443300,2305,1672,2236,2137,2432,2244
4744004513562800,2309,1821,2237,2138,2378,2245
4744004513659800,2305,1821,2236,2137,2378,2244
4744004513741100,2309,1821,2238,2137,2469,2242
4744004513827100,2307,1822,2238,2137,2379,2355
4744004513921000,2306,1821,2269,2139,2378,2242
4744004514005000,2308,1821,2237,2139,2377,2244
4744004514108400,2307,1821,2237,2138,2379,2245
4744004514209700,2321,1821,2237,2138,2379,2245
4744004514312900,2309,1821,2239,2137,2378,2101
4744004514406500,2308,1821,2238,2138,2379,2244
4744004514505500,2307,1820,2238,2138,2401,2244
4744004514596500,2309,1821,2238,2140,2377,2245
4744004514685800,2306,1823,2243,2138,2377,2260
4744004514773100,2309,1820,2238,2137,2378,2244
4744004514869600,2307,1822,2237,2139,2471,2245
4744004514976600,2302,1819,2240,2140,2379,2245
4744004515286100,2308,1821,2238,2138,2380,2244
4744004515420100,2308,1820,2237,2137,2378,2214
4744004515537400,2308,1823,2237,2139,2379,2243
4744004515645200,2308,1821,2237,2136,2378,2246
4744004515741900,2307,1822,2237,2138,2380,2243
4744004515855000,2307,1820,2237,2139,2377,2244
4744004515965800,2306,1938,2239,2139,2379,2212
4744004516077200,2373,1821,2236,2140,2121,2243
4744004516213400,2309,1819,2237,2141,2382,2243
4744004516380600,2309,1820,2285,2111,2379,2243
4744004516512000,2308,1822,2237,2139,2378,2244
4744004516597100,2305,1821,2237,2138,2378,2241
4744004516734200,2308,1820,2238,2138,2380,2243
4744004516881000,2306,1820,2245,2138,2379,2245
4744004517000500,2427,1820,2237,2140,2378,2243
4744004517090400,2306,1821,2237,2137,2378,2244
4744004517191500,2308,1821,2236,2139,2384,2243
4744004517356700,2308,1822,2237,2138,2380,2245
4744004517487100,2309,1822,2237,2137,2377,2245
4744004517796100,2307,1820,2237,2138,2378,2248
4744004517935300,2306,1821,2237,2140,2376,2244
4744004518042100,2309,1820,2238,2138,2377,2337
4744004518124300,2309,1821,2235,2137,2534,2244
4744004518230100,2306,1822,2239,2137,2377,2244
4744004518347200,2308,1822,2238,2138,2379,2244
4744004518446100,2305,1823,2239,2137,2379,2244
4744004518544900,2308,1822,2238,2139,2381,2244
4744004518699400,2307,1822,2238,2139,2378,2243
4744004518802500,2306,1821,2237,2140,2464,2243
4744004518902400,2308,1840,2236,2139,2380,2243
4744004519016400,2307,1821,2235,2140,2379,2246
4744004519099700,2306,1821,2238,2139,2379,2244
4744004519204400,2308,1820,2240,2138,2379,2245
4744004519309900,2307,1822,2237,2137,2419,2245
4744004519396100,2307,1820,2253,2138,2378,2245
4744004519491900,2308,1825,2240,2139,2379,2244
4744004519577200,2308,1821,2237,2137,2691,2243
4744004519654200,2306,1820,2238,2138,2378,2245
4744004519837000,2308,1819,2237,2138,2450,2243
4744004519921100,2307,1821,2238,2138,2379,2244
4744004520005000,2307,1822,2239,2138,2378,2243
4744004520105200,2307,1822,2238,2138,2456,2244
4744004520206000,2309,1818,2259,2137,2378,2244
4744004520278500,2306,1821,2238,2137,2379,2246
4744004520344400,2309,1821,2237,2138,2379,2242
4744004520408200,2305,1869,2238,2137,2380,2246
4744004520465000,2308,1672,2238,2137,2434,2244
4744004520529700,2307,1820,2238,2138,2378,2244
4744004520590900,2308,1821,2238,2137,2379,2244
4744004520668800,2305,1821,2231,2138,2379,2244
4744004520757700,2308,1821,2238,2138,2377,2352
4744004520846100,2308,1819,2269,2138,2379,2242
4744004520920700,2306,1820,2236,2138,2376,2244
4744004520996700,2306,1821,2237,2139,2377,2248
4744004521121800,2322,1821,2237,2139,2378,2244
4744004521198400,2309,1821,2238,2137,2378,2112
4744004521280600,2308,1820,2236,2140,2379,2244
4744004521370900,2308,1821,2238,2138,2399,2244
4744004521458800,2308,1821,2237,2139,2379,2244
4744004521529900,2306,1823,2242,2139,2376,2258
4744004521595200,2307,1821,2236,2137,2379,2244
4744004521653200,2306,1822,2238,2137,2457,2244
4744004521713300,2306,1821,2236,2148,2379,2243
4744004521788500,2309,1844,2237,2138,2382,2243
4744004521894300,2306,1820,2237,2138,2378,2215
4744004521986000,2309,1821,2237,2139,2379,2244
4744004522100700,2308,1822,2237,2138,2378,2245
4744004522233300,2310,1820,2238,2139,2378,2244
4744004522485400,2308,1820,2238,2137,2377,2243
4744004522621200,2306,1924,2238,2139,2379,2214
4744004522731700,2369,1822,2236,2138,2121,2244
4744004522846700,2305,1822,2237,2138,2380,2245
4744004523006900,2307,1820,2288,2111,2378,2244
4744004523150400,2308,1822,2238,2138,2377,2243
4744004523244900,2309,1820,2237,2138,2380,2241
4744004523353100,2308,1820,2239,2139,2380,2242
4744004523440400,2308,1820,2245,2137,2379,2245
4744004523539000,2428,1820,2238,2138,2378,2243
4744004523635600,2306,1822,2237,2139,2377,2244
4744004523715400,2310,1819,2237,2139,2379,2243
4744004523782600,2307,1822,2238,2138,2379,2245
4744004523843600,2308,1822,2237,2138,2378,2244
4744004523946200,2307,1822,2236,2137,2377,2247
4744004524023800,2309,1820,2238,2137,2379,2243
4744004524087300,2307,1821,2237,2136,2377,2336
4744004524182200,2308,1820,2235,2138,2533,2245
4744004524261400,2306,1822,2235,2137,2377,2245
4744004524330300,2306,1822,2236,2138,2380,2243
4744004524389300,2308,1822,2239,2137,2378,2244
4744004524453400,2309,1821,2239,2138,2380,2243
4744004524537800,2306,1821,2238,2138,2379,2245
4744004524608500,2306,1824,2237,2138,2356,2243
4744004524756300,2309,1840,2236,2138,2381,2245
4744004524861000,2306,1821,2236,2140,2380,2244
4744004524955700,2309,1820,2238,2139,2379,2244
4744004525036800,2308,1820,2240,2140,2376,2243
4744004525114400,2307,1822,2238,2137,2379,2244
4744004525173700,2306,1822,2250,2139,2378,2244
4744004525228200,2309,1821,2240,2138,2378,2244
4744004525282700,2305,1823,2237,2138,2720,2243
4744004525353400,2307,1823,2237,2140,2380,2246
4744004525420200,2305,1821,2238,2138,2454,2244
4744004525511400,2308,1821,2238,2139,2379,2243
4744004525664000,2305,1821,2238,2138,2377,2244
4744004525754200,2307,1822,2237,2136,2365,2244
4744004525833200,2307,1822,2252,2138,2378,2245
4744004525895500,2306,1821,2237,2137,2378,2246
4744004525979400,2308,1822,2237,2138,2379,2243
4744004526070200,2308,1869,2239,2138,2378,2245
4744004526160300,2308,1672,2238,2137,2434,2244
4744004526239500,2306,1821,2236,2138,2378,2245
4744004526307800,2308,1821,2237,2138,2379,2244
4744004526376000,2306,1822,2237,2138,2379,2244
4744004526440400,2307,1822,2237,2135,2379,2357
4744004526515300,2309,1821,2266,2139,2378,2242
4744004526597200,2307,1820,2238,2139,2379,2244
4744004526670200,2307,1821,2238,2138,2378,2245
4744004526765000,2323,1822,2238,2138,2379,2245
4744004526841500,2309,1820,2238,2137,2378,2098
4744004526933800,2309,1821,2238,2139,2378,2244
4744004527027700,2309,1821,2239,2139,2379,2244
4744004527132500,2307,1822,2237,2140,2378,2245
4744004527236000,2308,1822,2245,2138,2378,2258
4744004527320400,2307,1821,2238,2140,2378,2244
4744004527409400,2308,1819,2238,2138,2462,2245
4744004527508800,2306,1819,2237,2146,2381,2245
4744004527600000,2310,1821,2239,2138,2380,2245
4744004527687400,2306,1820,2238,2137,2378,2214
4744004527748500,2307,1821,2235,2139,2380,2244
4744004527847100,2307,1821,2238,2139,2379,2245
4744004527942900,2306,1821,2238,2139,2380,2245
4744004528018700,2307,1821,2237,2139,2377,2244
4744004528109000,2306,1939,2237,2140,2380,2312
4744004528187200,2362,1821,2237,2138,2123,2243
4744004528273800,2308,1821,2237,2142,2378,2243
4744004528382600,2307,1821,2287,2111,2379,2244
4744004528467300,2308,1821,2238,2139,2380,2244
4744004528613800,2305,1821,2237,2137,2381,2241
4744004528695800,2308,1819,2239,2137,2382,2244
4744004528855600,2307,1821,2245,2138,2378,2243
4744004528973500,2426,1821,2237,2139,2378,2245
4744004529075400,2307,1821,2238,2139,2377,2243
4744004529183800,2309,1822,2237,2138,2380,2242
4744004529301900,2308,1821,2237,2138,2378,2244
4744004529386000,2307,1821,2237,2138,2376,2245
4744004529455900,2305,1822,2238,2138,2376,2248
4744004529522800,2309,1820,2237,2138,2384,2244
4744004529601200,2309,1820,2237,2137,2377,2339
4744004529675200,2307,1821,2235,2137,2533,2245
4744004529741300,2308,1820,2238,2139,2378,2245
4744004529799300,2307,1820,2238,2142,2379,2243
4744004529856700,2306,1821,2239,2137,2378,2245
4744004529912700,2308,1820,2238,2138,2380,2244
4744004529990300,2307,1822,2238,2139,2379,2242
4744004530056700,2307,1820,2237,2139,2358,2244
4744004530120800,2308,1838,2237,2138,2380,2244
4744004530186300,2309,1821,2237,2140,2378,2244
4744004530243200,2308,1820,2238,2138,2379,2244
4744004530300200,2307,1821,2238,2138,2377,2243
4744004530388500,2308,1819,2236,2137,2379,2246
4744004530468300,2308,1821,2256,2140,2379,2244
4744004530526400,2306,1821,2237,2138,2379,2244
4744004530589400,2308,1823,2237,2137,2690,2244
4744004530653300,2308,1824,2239,2135,2381,2247
4744004530713700,2306,1821,2238,2138,2452,2244
4744004530772900,2305,1822,2238,2137,2380,2244
4744004530829000,2307,1821,2239,2139,2379,2243
4744004530887900,2306,1822,2234,2138,2454,2244
4744004530951400,2309,1821,2256,2140,2378,2243
4744004531010400,2307,1821,2238,2138,2378,2244
4744004531070200,2305,1821,2236,2140,2378,2243
4744004531132000,2308,1869,2238,2137,2380,2246
4744004531201600,2306,1672,2238,2136,2432,2243
4744004531266600,2307,1821,2238,2141,2379,2244
4744004531331400,2305,1821,2238,2138,2377,2245
4744004531391200,2309,1821,2238,2138,2479,2243
4744004531453200,2308,1822,2238,2138,2376,2349
4744004531509900,2309,1821,2268,2139,2378,2242
4744004531655700,2306,1820,2237,2141,2377,2244
4744004531726900,2306,1821,2237,2138,2380,2245
4744004531809400,2321,1820,2237,2137,2379,2244
4744004531880100,2308,1821,2238,2137,2378,2115
4744004531952500,2307,1820,2237,2138,2378,2245
4744004532052700,2305,1822,2237,2139,2381,2244
4744004532118100,2309,1821,2237,2139,2379,2245
4744004532178300,2308,1821,2241,2137,2378,2258
4744004532243200,2308,1821,2238,2137,2377,2244
4744004532308400,2307,1821,2238,2139,2455,2245
4744004532372600,2304,1821,2236,2146,2379,2244
4744004532443900,2308,1822,2239,2137,2380,2244
4744004532532400,2309,1820,2237,2138,2379,2212
4744004532606300,2308,1821,2236,2140,2377,2243
4744004532738400,2308,1820,2237,2137,2377,2246
4744004532832500,2306,1821,2238,2140,2378,2244
4744004532912100,2309,1820,2238,2139,2378,2244
4744004532986900,2308,1915,2238,2138,2380,2305
4744004533074400,2365,1821,2237,2138,2122,2245
4744004533133900,2306,1820,2236,2140,2380,2244
4744004533213800,2306,1820,2281,2111,2379,2244
4744004533310200,2305,1823,2237,2139,2378,2246
4744005071339800,2308,1821,2237,2136,2381,2244
4744005071705700,2309,1820,2238,2138,2380,2244
4744005072098300,2309,1822,2244,2138,2378,2243
4744005072405800,2426,1821,2238,2139,2377,2243
4744005072809400,2304,1822,2237,2138,2378,2246
4744005073186000,2309,1821,2238,2139,2378,2245
4744005073888700,2307,1821,2238,2138,2378,2245
4744005074494500,2309,1821,2238,2137,2379,2244
4744005074982800,2309,1822,2238,2138,2377,2246
4744005075528500,2309,1820,2238,2136,2378,2244
4744005075997500,2306,1820,2237,2138,2376,2332
4744005076305200,2308,1821,2235,2138,2534,2245
4744005076414900,2308,1821,2238,2137,2379,2244
4744005076841500,2306,1822,2236,2138,2380,2243
4744005077363000,2306,1820,2239,2139,2380,2244
4744005077818900,2306,1821,2238,2139,2381,2244
4744005078052100,2308,1822,2238,2138,2379,2244
4744005078337000,2309,1821,2237,2138,2358,2244
4744005078654400,2306,1840,2237,2138,2380,2245
4744005078768500,2307,1820,2236,2138,2379,2243
4744005079191800,2308,1820,2238,2139,2378,2245
4744005079402700,2308,1819,2240,2237,2375,2244
4744005079596100,2308,1821,2237,2136,2414,2245
4744005079693100,2308,1822,2248,2140,2377,2245
4744005079755000,2306,1821,2237,2138,2380,2244
4744005079929700,2306,1822,2236,2137,2664,2245
4744005080026700,2307,1822,2239,2139,2380,2246
4744005080138600,2306,1822,2237,2138,2445,2243
4744005080364900,2308,1822,2236,2138,2378,2244
4744005080520700,2305,1821,2239,2138,2379,2244
4744005080645200,2309,1820,2237,2138,2363,2244
4744005080757500,2308,1821,2254,2139,2378,2244
4744005080860900,2307,1821,2238,2137,2379,2246
4744005080951000,2310,1820,2237,2138,2378,2243
4744005081039900,2308,1864,2238,2137,2378,2245
4744005081130900,2308,1670,2237,2138,2428,2244
4744005081256200,2307,1820,2239,2140,2378,2244
4744005081338600,2308,1819,2238,2137,2380,2243
4744005081441800,2307,1820,2237,2138,2381,2244
4744005081515200,2308,1822,2238,2138,2376,2344
4744005081592800,2306,1822,2265,2138,2379,2242
4744005081762500,2306,1821,2238,2138,2378,2243
4744005081911600,2309,1821,2237,2137,2378,2246
4744005082039000,2318,1821,2237,2138,2378,2244
4744005082198500,2309,1821,2237,2137,2378,2096
4744005082312900,2308,1821,2236,2138,2380,2243
4744005082652900,2309,1822,2236,2140,2377,2244
4744005082811000,2309,1822,2236,2139,2380,2246
4744005082947500,2309,1820,2248,2138,2377,2258
4744005083046600,2307,1821,2240,2138,2379,2244
4744005083111900,2306,1821,2238,2138,2454,2244
4744005083288500,2306,1821,2236,2146,2380,2243
4744005083414200,2309,1843,2238,2139,2380,2245
4744005083481200,2309,1818,2237,2138,2378,2214
4744005083539600,2309,1821,2235,2138,2379,2244
4744005083600000,2308,1821,2238,2138,2379,2244
4744005083658400,2308,1821,2237,2139,2379,2245
4744005083711700,2307,1821,2239,2139,2379,2245
4744005083992600,2306,1915,2238,2139,2378,2214
4744005084206100,2365,1817,2236,2138,2122,2243
4744005084291400,2306,1822,2236,2140,2381,2243
4744005084347800,2308,1818,2282,2111,2379,2243
4744005084398700,2307,1822,2238,2139,2379,2245
4744005084519900,2306,1822,2237,2138,2380,2241
4744005084636700,2308,1821,2238,2138,2378,2244
4744005084940300,2307,1821,2244,2139,2379,2244
4744005085278100,2427,1820,2238,2139,2379,2243
4744005085443000,2306,1821,2237,2138,2377,2243
4744005085572400,2308,1821,2237,2138,2378,2243
4744005085705100,2307,1821,2237,2138,2379,2244
4744005085827500,2308,1822,2236,2138,2378,2244
4744005085933800,2308,1822,2238,2138,2379,2248
4744005086016800,2308,1820,2237,2138,2380,2245
4744005086327500,2308,1820,2238,2139,2378,2330
4744005086618700,2309,1821,2235,2140,2532,2244
4744005086705300,2306,1820,2238,2139,2379,2242
4744005086778200,2308,1821,2236,2142,2378,2243
4744005086840600,2308,1822,2238,2139,2378,2244
4744005086943600,2307,1822,2237,2139,2382,2243
4744005087036200,2310,1821,2237,2138,2381,2243
4744005087105600,2308,1821,2236,2139,2360,2244
4744005087160300,2306,1840,2237,2138,2381,2244
4744005087476500,2308,1820,2237,2140,2378,2245
4744005087545800,2308,1821,2237,2139,2378,2244
4744005087607300,2306,1821,2236,2138,2377,2242
4744005087687300,2306,1821,2236,2137,2379,2244
4744005087749900,2308,1823,2250,2139,2377,2246
4744005087858900,2306,1823,2239,2138,2378,2244
4744005087971500,2307,1821,2237,2138,2700,2245
4744005088077400,2307,1823,2238,2138,2380,2245
4744005088168300,2308,1821,2237,2138,2442,2244
4744005088245800,2306,1822,2239,2138,2378,2244
4744005088314000,2308,1821,2238,2138,2378,2244
4744005088388600,2309,1821,2237,2140,2363,2244
4744005088488300,2307,1821,2251,2139,2378,2244
4744005088645600,2309,1823,2238,2140,2378,2245
4744005088730600,2308,1821,2237,2138,2380,2243
4744005088817500,2307,1864,2238,2140,2379,2606
4744005089027300,2306,1672,2237,2137,2426,2244
4744005089111600,2306,1820,2239,2139,2379,2242
4744005089214600,2307,1821,2237,2138,2380,2245
4744005089328800,2309,1821,2238,2138,2439,2244
4744005089441400,2307,1821,2237,2138,2377,2357
4744005089608600,2307,1823,2265,2140,2377,2240
4744005089710400,2307,1821,2237,2138,2379,2244
4744005089788300,2306,1821,2237,2138,2378,2245
4744005089859300,2321,1821,2237,2137,2378,2244
4744005089972200,2309,1820,2238,2137,2378,2116
4744005090090400,2309,1821,2238,2138,2376,2245
4744005090192700,2307,1821,2239,2138,2378,2244
4744005090322500,2308,1821,2238,2139,2379,2248
4744005090404800,2309,1820,2242,2136,2377,2258
4744005090511500,2309,1820,2240,2137,2377,2245
4744005090654900,2309,1822,2237,2139,2451,2245
4744005090756800,2306,1821,2238,2147,2378,2244
4744005090871400,2307,1846,2238,2138,2382,2244
4744005091012000,2306,1821,2238,2138,2378,2213
4744005091282200,2309,1820,2235,2139,2379,2244
4744005091436900,2308,1822,2237,2138,2378,2243
4744005091557000,2309,1821,2238,2139,2377,2243
4744005091844700,2307,1821,2237,2139,2379,2245
4744005091968300,2306,1911,2238,2138,2380,2306
4744005092123000,2366,1821,2236,2138,2124,2243
4744005092447300,2308,1820,2236,2139,2380,2244
4744005092716000,2310,1819,2282,2111,2377,2244
4744005092812200,2307,1822,2238,2139,2376,2245
4744005092943600,2309,1821,2237,2138,2378,2241
4744005093039000,2306,1821,2238,2138,2379,2244
4744005093093200,2308,1820,2245,2137,2379,2244
4744005093142300,2426,1822,2238,2139,2378,2245
4744005093190500,2304,1822,2238,2139,2377,2244
4744005093239200,2307,1821,2237,2138,2379,2243
4744005093295200,2307,1822,2238,2138,2379,2245
4744005093397400,2306,1822,2237,2138,2378,2244
4744005093467700,2307,1821,2234,2138,2378,2247
4744005093525200,2307,1821,2237,2138,2382,2244
4744005093600600,2309,1821,2237,2137,2378,2333
4744005093655400,2306,1820,2235,2138,2532,2243
4744005093713100,2307,1822,2237,2139,2380,2242
4744005093761800,2306,1821,2236,2142,2378,2243
4744005093858400,2307,1820,2239,2137,2379,2243
4744005093914600,2308,1821,2237,2138,2381,2245
4744005094094700,2307,1822,2238,2138,2379,2244
4744005094331100,2306,1822,2237,2138,2358,2244
4744005094468700,2309,1840,2237,2138,2382,2243
4744005094536400,2309,1820,2234,2140,2378,2245
4744005094617200,2306,1820,2238,2138,2380,2245
4744005094689600,2306,1822,2238,2138,2378,2244
4744005094772500,2307,1821,2237,2138,2415,2245
4744005094847900,2308,1822,2252,2140,2377,2245
4744005094909300,2307,1822,2238,2137,2379,2244
4744005094973000,2308,1822,2236,2137,2672,2244
4744005095038600,2310,1822,2237,2138,2379,2245
4744005095111200,2308,1820,2237,2138,2440,2244
4744005095187700,2306,1822,2238,2138,2378,2244
4744005095261000,2306,1822,2238,2138,2378,2244
4744005095328300,2309,1821,2238,2138,2449,2244
4744005095383900,2308,1821,2252,2139,2379,2244
4744005095439700,2308,1821,2237,2138,2381,2246
4744005095568800,2306,1820,2237,2138,2379,2243
4744005095655300,2307,1862,2238,2138,2380,2245
4744005095785200,2306,1672,2238,2139,2428,2242
4744005095877000,2308,1820,2238,2138,2380,2244
4744005095938700,2309,1822,2237,2138,2378,2244
4744005096013700,2308,1821,2238,2138,2459,2243
4744005096089000,2308,1821,2238,2138,2378,2341
4744005096161000,2307,1822,2264,2139,2378,2240
4744005096256900,2308,1821,2236,2138,2377,2244
4744005096347300,2307,1820,2238,2138,2377,2246
4744005096423300,2321,1821,2236,2138,2377,2244
4744005096578400,2309,1821,2238,2137,2378,2096
4744005096701900,2310,1821,2238,2139,2379,2244
4744005096799500,2306,1821,2239,2138,2379,2244
4744005096928500,2308,1820,2237,2137,2379,2244
4744005097015200,2306,1821,2245,2138,2378,2257
4744005097190200,2306,1821,2238,2139,2377,2244
4744005097284700,2308,1825,2239,2139,2453,2246
4744005097441700,2307,1819,2236,2146,2379,2244
4744005097597500,2306,1821,2239,2138,2381,2244
4744005097854700,2307,1820,2237,2137,2378,2214
4744005098095500,2308,1821,2237,2139,2380,2244
4744005098321500,2308,1821,2239,2139,2378,2245
4744005098446900,2308,1821,2237,2139,2380,2243
4744005098747900,2306,1822,2237,2138,2377,2245
4744005098865900,2308,1916,2239,2138,2378,2213
4744005098951100,2366,1821,2237,2138,2122,2245
4744005099057600,2308,1822,2236,2139,2380,2244
4744005099188800,2309,1820,2279,2111,2381,2244
4744005099304600,2309,1822,2237,2138,2379,2244
4744005099412400,2307,1820,2237,2137,2379,2244
4744005099523100,2308,1820,2238,2138,2380,2242
4744005099628600,2308,1821,2245,2138,2379,2244
4744005099733900,2427,1821,2238,2139,2379,2244
4744005099838300,2308,1822,2238,2138,2379,2244
4744005099928200,2309,1823,2238,2138,2379,2244
4744005100002800,2308,1820,2237,2137,2379,2245
4744005100074900,2306,1821,2237,2138,2378,2245
4744005100138800,2306,1821,2238,2138,2377,2248
4744005100241000,2308,1820,2239,2139,2377,2244
4744005100353000,2308,1821,2237,2140,2378,2332
4744005100466700,2305,1821,2237,2137,2532,2243
4744005100574500,2306,1822,2236,2138,2380,2244
4744005100668400,2309,1821,2236,2142,2379,2243
4744005100769400,2309,1820,2239,2139,2378,2244
4744005100876600,2308,1823,2237,2140,2381,2245
4744005100975500,2308,1821,2238,2137,2379,2243
4744005101067300,2307,1821,2237,2137,2380,2243
4744005101167200,2307,1838,2237,2139,2380,2245
4744005101306100,2306,1821,2236,2140,2379,2245
4744005101388100,2305,1821,2238,2138,2378,2243
4744005101524500,2307,1821,2238,2138,2377,2244
4744005101635300,2309,1820,2237,2137,2416,2245
4744005101761000,2309,1823,2248,2138,2378,2245
4744005101880200,2306,1821,2240,2139,2378,2244
4744005101999000,2308,1821,2237,2138,2692,2245
4744005102093400,2308,1823,2238,2137,2378,2243
4744005102153300,2306,1822,2238,2138,2444,2243
4744005102323500,2308,1820,2237,2138,2377,2244
4744005102438900,2308,1821,2238,2138,2378,2245
4744005102539100,2308,1822,2237,2137,2363,2244
4744005102653900,2309,1817,2256,2138,2378,2244
4744005102751900,2310,1821,2238,2139,2377,2247
4744005102852800,2307,1822,2237,2138,2378,2245
4744005102936500,2306,1865,2239,2139,2380,2244
4744005103026300,2308,1673,2237,2138,2432,2244
4744005103101400,2308,1820,2238,2139,2380,2245
4744005103356500,2306,1821,2238,2138,2379,2244
4744005103499300,2306,1821,2237,2138,2379,2244
4744005103645500,2306,1821,2238,2137,2378,2341
4744005103890100,2308,1822,2265,2139,2378,2242
4744005104021600,2309,1820,2237,2140,2378,2244
4744005104103500,2308,1820,2238,2138,2380,2245
4744005104188000,2317,1821,2237,2138,2378,2245
4744005104272400,2308,1822,2238,2137,2377,2092
4744005104418500,2307,1819,2238,2138,2378,2243
4744005104508100,2307,1822,2237,2138,2382,2244
4744005104573200,2307,1822,2239,2140,2380,2243
4744005104708600,2306,1823,2243,2137,2376,2258
4744005105067400,2306,1822,2237,2138,2379,2244
4744005105146700,2310,1821,2237,2140,2441,2245
4744005105204300,2305,1821,2236,2148,2378,2244
4744005105528100,2309,1842,2238,2138,2381,2244
4744005105673700,2307,1820,2238,2138,2378,2213
4744005105835300,2306,1822,2235,2139,2379,2244
4744005105947700,2309,1820,2237,2138,2379,2245
4744005106058200,2307,1822,2237,2139,2380,2244
4744005106232400,2309,1820,2237,2140,2377,2245
4744005106327700,2308,1912,2239,2138,2379,2214
4744005106467600,2365,1820,2237,2140,2121,2243
4744005106769500,2306,1822,2237,2140,2381,2244
4744005106885800,2052,1820,2276,2111,2378,2244
4744005107003000,2309,1820,2236,2139,2379,2243
4744005107441900,2307,1821,2237,2137,2379,2244
4744005107551800,2307,1820,2239,2139,2380,2244
4744005107675600,2307,1821,2244,2139,2378,2243
4744005107793900,2427,1821,2238,2140,2378,2243
4744005107869800,2307,1822,2237,2139,2380,2243
4744005107947600,2308,1821,2239,2139,2378,2243
4744005108035500,2307,1823,2238,2138,2378,2242
4744005108283100,2307,1821,2237,2139,2378,2243
4744005108448700,2309,1822,2238,2138,2378,2248
4744005108779500,2307,1820,2237,2139,2380,2245
4744005108907100,2307,1821,2237,2137,2378,2329
4744005109149000,2307,1821,2235,2138,2532,2245
4744005109278500,2305,1819,2238,2138,2378,2244
4744005109424700,2307,1821,2238,2141,2379,2244
4744005109621000,2307,1820,2239,2137,2379,2244
4744005109782500,2307,1820,2237,2139,2380,2243
4744005109922600,2309,1821,2240,2140,2379,2243
4744005110013400,2306,1821,2237,2138,2359,2245
4744005110160600,2309,1838,2237,2139,2380,2244
4744005110261800,2309,1821,2237,2140,2379,2244
4744005110402900,2308,1821,2238,2137,2378,2245
4744005110533200,2307,1821,2237,2139,2378,2242
4744005110623900,2307,1821,2236,2137,2381,2244
4744005110755500,2308,1821,2253,2138,2378,2244
4744005110897200,2306,1821,2238,2138,2379,2244
4744005111148700,2309,1822,2236,2138,2686,2244
4744005111247500,2308,1821,2240,2138,2379,2247
4744005111332900,2305,1822,2238,2137,2446,2244
4744005111403800,2308,1822,2237,2137,2379,2245
4744005111474000,2306,1822,2238,2138,2378,2243
4744005111776100,2309,1820,2237,2138,2362,2244
4744005638581600,2308,1819,2253,2140,2380,2243
4744005639265000,2308,1822,2238,2139,2378,2244
4744005639727600,2306,1821,2237,2137,2380,2243
4744005640330800,2307,1862,2238,2140,2379,2595
4744005640943300,2304,1672,2237,2138,2428,2244
4744005641359000,2308,1821,2238,2139,2378,2244
4744005641977500,2308,1822,2238,2139,2378,2245
4744005642362400,2308,1820,2236,2138,2380,2243
4744005642725300,2306,1822,2237,2137,2379,2356
4744005643123900,2308,1820,2265,2139,2378,2242
4744005643405000,2306,1820,2238,2140,2377,2243
4744005643742500,2306,1822,2237,2138,2378,2245
4744005644143700,2320,1822,2236,2138,2378,2244
4744005644755000,2306,1822,2238,2137,2378,2091
4744005645133800,2309,1820,2237,2138,2377,2242
4744005645335800,2306,1822,2237,2139,2380,2244
4744005645593200,2307,1822,2237,2137,2380,2244
4744005645799100,2306,1820,2244,2138,2377,2259
4744005645947700,2308,1820,2237,2138,2376,2244
4744005646054200,2306,1820,2236,2139,2451,2242
4744005646309700,2306,1820,2238,2146,2378,2242
4744005646874400,2306,1820,2237,2138,2380,2244
4744005647203700,2306,1820,2238,2138,2376,2214
4744005647331200,2306,1822,2236,2139,2378,2244
4744005647416400,2308,1821,2238,2138,2380,2244
4744005647540900,2306,1822,2237,2138,2378,2244
4744005648007300,2309,1821,2238,2139,2379,2244
4744005648189200,2308,1913,2239,2140,2376,2244
4744005648316300,2369,1821,2236,2140,2122,2243
4744005648408000,2307,1820,2236,2140,2380,2242
4744005648515200,2306,1820,2281,2111,2380,2244
4744005648712900,2306,1822,2238,2139,2378,2244
4744005648783700,2308,1820,2240,2139,2379,2241
4744005648873700,2306,1820,2238,2138,2379,2244
4744005649014400,2307,1821,2244,2139,2377,2243
4744005649221300,2426,1822,2237,2139,2379,2243
4744005649340700,2305,1822,2237,2139,2378,2244
4744005649467600,2308,1821,2237,2141,2378,2242
4744005649618500,2308,1821,2238,2138,2378,2244
4744005649843900,2307,1820,2237,2138,2373,2245
4744005649985100,2307,1821,2238,2137,2377,2246
4744005650214800,2306,1822,2237,2138,2380,2244
4744005650342000,2308,1821,2238,2138,2377,2330
4744005650683400,2309,1821,2235,2138,2534,2245
4744005651331000,2307,1821,2238,2139,2378,2244
4744005651644500,2307,1821,2236,2142,2378,2243
4744005651858500,2309,1821,2239,2137,2378,2244
4744005652320400,2309,1821,2238,2139,2380,2241
4744005652438300,2307,1822,2238,2140,2379,2244
4744005652556500,2309,1821,2237,2137,2377,2244
4744005652687500,2308,1842,2237,2138,2380,2244
4744005652785100,2308,1822,2237,2139,2378,2245
4744005653085500,2308,1820,2238,2138,2379,2245
4744005653295400,2305,1821,2237,2139,2378,2242
4744005653383500,2307,1823,2236,2138,2381,2242
4744005653458800,2308,1821,2254,2139,2377,2245
4744005653704600,2307,1822,2240,2140,2378,2244
4744005653812200,2307,1821,2238,2137,2678,2244
4744005653939100,2306,1820,2237,2140,2380,2245
4744005654044500,2305,1820,2237,2137,2446,2244
4744005654141700,2306,1822,2238,2140,2379,2244
4744005654254200,2307,1822,2240,2139,2378,2244
4744005654657900,2307,1822,2237,2139,2362,2244
4744005655045200,2306,1822,2250,2139,2378,2245
4744005655161400,2309,1821,2238,2138,2378,2245
4744005655649400,2308,1821,2237,2140,2377,2245
4744005655762900,2306,1871,2238,2139,2380,2244
4744005655861300,2308,1671,2237,2138,2430,2243
4744005656313200,2309,1820,2238,2139,2379,2243
4744005656422000,2308,1821,2238,2138,2377,2245
4744005656487000,2307,1821,2237,2139,2379,2244
4744005656806300,2306,1823,2238,2137,2379,2346
4744005657021900,2307,1822,2264,2139,2378,2242
4744005657465300,2308,1821,2237,2139,2378,2243
4744005657689100,2306,1820,2237,2137,2379,2245
4744005658108400,2320,1820,2237,2138,2378,2244
4744005658310700,2307,1822,2238,2137,2376,2097
4744005658707600,2307,1818,2237,2137,2379,2244
4744005658990100,2307,1822,2238,2140,2399,2244
4744005659192900,2308,1820,2237,2138,2378,2245
4744005659322400,2307,1821,2244,2138,2379,2259
4744005659424600,2309,1820,2237,2138,2379,2243
4744005659516000,2309,1821,2236,2140,2459,2244
4744005659682400,2306,1821,2237,2148,2380,2245
4744005659814800,2308,1821,2239,2138,2380,2244
4744005659901500,2307,1820,2237,2138,2378,2215
4744005660012500,2309,1821,2236,2140,2384,2244
4744005660345400,2306,1821,2237,2138,2377,2245
4744005660593400,2309,1822,2238,2137,2378,2244
4744005660925300,2307,1821,2238,2139,2377,2245
4744005661235700,2307,1919,2239,2140,2378,2214
4744005661510700,2369,1820,2236,2138,2121,2244
4744005661855600,2306,1823,2235,2141,2381,2243
4744005662025700,2309,1821,2290,2111,2379,2244
4744005662174800,2308,1822,2237,2139,2377,2246
4744005662321700,2308,1821,2236,2138,2379,2241
4744005662626100,2307,1820,2238,2138,2379,2244
4744005662942400,2309,1821,2245,2139,2379,2245
4744005663105900,2428,1821,2237,2140,2379,2243
4744005663335300,2307,1822,2238,2138,2378,2244
4744005663450300,2310,1821,2237,2140,2378,2241
4744005663635700,2307,1821,2238,2139,2380,2244
4744005663813500,2307,1822,2237,2137,2378,2245
4744005663943200,2306,1820,2236,2140,2376,2245
4744005664186500,2307,1818,2237,2138,2381,2244
4744005664538900,2309,1821,2236,2137,2376,2334
4744005664679600,2306,1821,2235,2138,2532,2245
4744005665005300,2306,1820,2238,2139,2380,2244
4744005665343200,2306,1822,2236,2138,2377,2243
4744005665637000,2307,1821,2239,2137,2379,2244
4744005665846000,2309,1821,2238,2139,2380,2244
4744005665969900,2308,1819,2238,2138,2379,2243
4744005666112300,2308,1822,2237,2137,2378,2242
4744005666267800,2309,1839,2238,2138,2380,2245
4744005666386100,2308,1821,2236,2140,2379,2244
4744005666492200,2309,1822,2237,2137,2378,2246
4744005666918100,2306,1822,2240,2138,2377,2245
4744005667037200,2308,1820,2237,2137,2417,2244
4744005667192400,2308,1822,2249,2140,2378,2244
4744005667309600,2307,1821,2238,2138,2379,2244
4744005667441600,2307,1825,2238,2137,2648,2245
4744005667555900,2309,1822,2237,2138,2379,2247
4744005667648000,2305,1822,2237,2138,2448,2244
4744005667819100,2306,1822,2238,2138,2378,2244
4744005667969500,2307,1821,2239,2138,2378,2243
4744005668137300,2308,1821,2238,2139,2451,2245
4744005668293100,2308,1820,2252,2139,2378,2244
4744005668440500,2307,1822,2237,2137,2378,2245
4744005668552100,2308,1820,2237,2138,2378,2244
4744005668641800,2308,1867,2238,2138,2378,2246
4744005668808400,2306,1672,2237,2138,2430,2244
4744005668957200,2307,1821,2238,2139,2378,2244
4744005669105000,2307,1821,2236,2138,2380,2245
4744005669453300,2307,1823,2237,2139,2380,2244
4744005669594100,2308,1822,2238,2139,2380,2344
4744005669822500,2309,1821,2268,2139,2379,2244
4744005670238000,2308,1822,2236,2138,2377,2245
4744005670587900,2307,1819,2237,2139,2379,2244
4744005670898400,2321,1821,2236,2139,2377,2245
4744005671087900,2309,1821,2238,2137,2379,2106
4744005671251200,2306,1821,2240,2138,2377,2243
4744005671365200,2306,1821,2238,2138,2398,2245
4744005671451100,2309,1821,2237,2138,2378,2245
4744005671611500,2307,1821,2243,2138,2376,2260
4744005671800100,2307,1820,2237,2138,2379,2245
4744005671925400,2306,1821,2236,2138,2455,2246
4744005672209300,2305,1822,2236,2144,2379,2244
4744005672515500,2307,1844,2239,2136,2380,2244
4744005672844100,2307,1820,2238,2137,2377,2214
4744005673033900,2308,1822,2237,2137,2381,2244
4744005673173300,2306,1821,2237,2138,2378,2245
4744005673363200,2307,1821,2236,2138,2378,2244
4744005673606300,2306,1820,2238,2138,2377,2245
4744005674014100,2305,1919,2239,2138,2376,2244
4744005674254700,2378,1821,2237,2138,2122,2245
4744005674614700,2308,1821,2236,2140,2379,2244
4744005674976400,2309,1820,2285,2111,2379,2243
4744005675066800,2308,1822,2238,2139,2377,2245
4744005675477500,2308,1821,2237,2136,2380,2245
4744005675803600,2306,1821,2239,2138,2378,2244
4744005675991900,2307,1820,2245,2137,2377,2244
4744005676147100,2428,1819,2238,2138,2378,2245
4744005676245300,2306,1821,2238,2138,2379,2243
4744005676431200,2307,1819,2237,2139,2380,2243
4744005676677400,2308,1822,2238,2136,2379,2245
4744005676847800,2306,1822,2238,2135,2378,2245
4744005677218300,2306,1821,2235,2137,2378,2248
4744005677461700,2308,1820,2238,2137,2380,2244
4744005677718200,2308,1820,2237,2137,2378,2338
4744005677911300,2309,1821,2237,2136,2534,2244
4744005678043500,2308,1820,2237,2138,2380,2244
4744005678341000,2307,1821,2236,2140,2378,2243
4744005678467500,2308,1821,2239,2137,2377,2244
4744005679123000,2309,1821,2238,2137,2379,2245
4744005679459500,2307,1821,2238,2135,2379,2244
4744005679834200,2306,1823,2237,2136,2376,2244
4744005680567000,2308,1840,2238,2138,2380,2245
4744005680726000,2308,1821,2236,2138,2379,2244
4744005680930200,2305,1822,2237,2138,2379,2245
4744005681142100,2310,1821,2238,2136,2378,2244
4744005681301800,2309,1822,2237,2136,2418,2245
4744005681448700,2309,1821,2256,2138,2378,2245
4744005681600000,2309,1821,2240,2136,2379,2244
4744005681735600,2310,1822,2236,2136,2622,2244
4744005681875000,2309,1824,2237,2136,2379,2246
4744005682022800,2308,1821,2237,2136,2450,2244
4744005682188100,2306,1822,2237,2136,2379,2244
4744005682327400,2306,1822,2238,2136,2378,2246
4744005682442900,2309,1821,2237,2136,2365,2243
4744005682569700,2307,1821,2256,2137,2378,2244
4744005682691600,2307,1822,2239,2136,2377,2246
4744005682805100,2309,1820,2237,2136,2380,2243
4744005682918600,2306,1864,2239,2137,2378,2246
4744005683036100,2308,1672,2237,2136,2434,2243
4744005683175400,2308,1820,2239,2136,2379,2244
4744005683303600,2307,1821,2237,2135,2378,2244
4744005683425800,2308,1822,2237,2134,2376,2244
4744005683562500,2307,1822,2238,2140,2378,2357
4744005683771000,2307,1822,2269,2135,2378,2243
4744005683914700,2306,1817,2238,2136,2378,2245
4744005684035500,2307,1819,2237,2136,2378,2245
4744005684147900,2322,1821,2236,2136,2380,2245
4744005684245900,2307,1821,2238,2135,2379,2112
4744005684459400,2309,1822,2237,2135,2378,2244
4744005684659300,2308,1821,2237,2137,2381,2244
4744005684799600,2309,1822,2237,2135,2379,2244
4744005684919300,2309,1821,2246,2135,2378,2258
4744005685045600,2307,1820,2238,2134,2379,2245
4744005685133400,2307,1819,2238,2134,2453,2245
4744005685415600,2306,1821,2238,2144,2380,2246
4744005685562700,2307,1848,2239,2134,2380,2245
4744005685649800,2306,1820,2238,2133,2378,2214
4744005685846600,2308,1821,2236,2136,2380,2244
4744005685972300,2309,1819,2237,2136,2378,2244
4744005686121900,2308,1820,2237,2134,2380,2244
4744005686503600,2309,1821,2238,2136,2379,2243
4744005686638600,2308,1926,2239,2136,2379,2213
4744005687151000,2369,1821,2236,2136,2122,2244
4744005687303800,2308,1821,2236,2138,2380,2244
4744005687404700,2307,1820,2284,2111,2379,2244
4744005687481300,2306,1821,2237,2134,2378,2245
4744005687598300,2307,1822,2238,2134,2381,2244
4744005687735500,2308,1820,2239,2134,2378,2244
4744005687826200,2309,1822,2244,2134,2379,2245
4744005687974500,2426,1821,2238,2134,2378,2245
4744005688068400,2306,1822,2238,2134,2378,2245
4744005688150200,2306,1822,2236,2134,2380,2243
4744005688220900,2309,1823,2238,2133,2378,2246
4744005688294100,2309,1821,2237,2133,2377,2245
4744005688412900,2306,1822,2236,2132,2378,2244
4744005688520900,2309,1820,2237,2133,2380,2244
4744005688817900,2308,1821,2237,2132,2378,2332
4744005689095300,2308,1820,2235,2133,2534,2244
4744005689361000,2305,1820,2237,2134,2379,2244
4744005689626000,2307,1821,2236,2136,2375,2243
4744005689933300,2308,1821,2239,2133,2378,2244
4744005690205800,2307,1822,2239,2132,2380,2244
4744005690370100,2306,1822,2238,2133,2379,2244
4744005690545300,2308,1820,2238,2132,2452,2244
4744005690794400,2308,1838,2237,2133,2381,2244
4744005690893800,2308,1821,2237,2133,2380,2245
4744005690986700,2308,1820,2235,2133,2379,2244
4744005691100800,2306,1821,2238,2133,2378,2244
4744005691216100,2307,1821,2237,2130,2412,2244
4744005691295500,2307,1822,2246,2133,2378,2243
4744005691371000,2307,1822,2236,2132,2380,2243
4744005691485200,2309,1823,2235,2131,2379,2244
4744005691601000,2309,1821,2237,2131,2380,2246
4744005691688400,2308,1821,2237,2131,2446,2243
4744005691793300,2307,1821,2237,2132,2377,2244
4744005691935300,2306,1820,2238,2131,2377,2243
4744005692024300,2308,1821,2236,2131,2379,2245
4744005692090200,2306,1821,2251,2132,2379,2244
4744005692373100,2308,1821,2238,2130,2379,2246
4744005692680200,2309,1821,2237,2131,2378,2243
4744005692855600,2306,1864,2238,2131,2378,2245
4744005692977400,2308,1672,2237,2129,2428,2243
4744005693125600,2308,1821,2237,2131,2379,2244
4744005693235000,2309,1821,2236,2128,2379,2244
4744005693368700,2308,1820,2236,2128,2379,2243
4744005693742700,2307,1822,2237,2125,2378,2354
4744005693931100,2308,1822,2266,2130,2379,2241
4744005694040900,2305,1820,2237,2127,2376,2244
4744005694155700,2309,1820,2237,2125,2379,2245
4744005694296900,2320,1822,2236,2125,2379,2243
4744005694429700,2308,1822,2236,2122,2378,2099
4744005694560000,2309,1822,2235,2122,2379,2245
4744005694676800,2306,1821,2235,2122,2379,2244
4744005694798200,2305,1821,2235,2122,2378,2244
4744005694915200,2307,1822,2240,2122,2379,2258
4744005695023300,2305,1820,2236,2121,2379,2244
4744005695136200,2306,1822,2236,2122,2456,2244
4744005695505800,2304,1821,2236,2128,2378,2245
4744005695665000,2306,1820,2236,2120,2380,2243
4744005695794400,2304,1821,2234,2120,2378,2211
4744005695929000,2306,1821,2235,2120,2379,2244
4744005696057600,2305,1822,2236,2120,2378,2243
4744005696211300,2306,1820,2236,2118,2378,2244
4744005696352600,2306,1821,2235,2119,2377,2243
4744005696493000,2305,1916,2235,2120,2378,2212
4744005696630100,2364,1822,2232,2120,2122,2245
4744005696782800,2304,1822,2232,2119,2380,2244
4744005696892600,2305,1820,2274,2111,2378,2244
4744006207427800,2305,1821,2234,2118,2378,2242
4744006207776200,2305,1823,2233,2122,2376,2241
4744006207926300,2304,1821,2234,2116,2378,2244
4744006208019300,2304,1822,2240,2115,2375,2243
4744006208263700,2424,1821,2234,2116,2376,2244
4744006208378300,2304,1821,2233,2114,2373,2243
4744006208518200,2302,1821,2232,2114,2375,2243
4744006208591300,2305,1821,2233,2111,2373,2244
4744006209205600,2305,1821,2232,2112,2373,2244
4744006209438700,2303,1819,2230,2110,2373,2244
4744006209610100,2302,1820,2231,2109,2374,2244
4744006209891000,2301,1820,2231,2108,2371,2314
4744006210136400,2300,1820,2229,2108,2520,2246
4744006210315200,2298,1821,2231,2107,2367,2244
4744006210530500,2299,1791,2232,2107,2368,2244
4744006210876700,2298,1822,2231,2105,2368,2244
4744006211185900,2298,1821,2230,2106,2370,2242
4744006211292900,2297,1822,2232,2104,2366,2243
4744006211502700,2297,1822,2229,2104,2364,2243
4744006211591200,2297,1840,2228,2104,2364,2243
4744006211686400,2297,1820,2228,2105,2365,2243
4744006211792700,2294,1821,2229,2103,2363,2244
4744006211894800,2297,1821,2228,2104,2361,2242
4744006212079400,2297,1822,2227,2102,2396,2244
4744006212178300,2296,1821,2240,2104,2360,2244
4744006212458600,2294,1821,2226,2102,2361,2243
4744006212559300,2294,1823,2224,2101,2343,2244
4744006212827800,2295,1824,2224,2102,2357,2246
4744006213102100,2294,1822,2221,2103,2408,2242
4744006213186000,2292,1822,2221,2102,2358,2243
4744006213557200,2292,1821,2220,2101,2355,2243
4744006213781200,2292,1823,2218,2100,2425,2243
4744006213948200,2292,1821,2232,2102,2356,2244
4744006214191300,2291,1821,2210,2100,2356,2240
4744006214369300,2289,1821,2208,2100,2356,2242
4744006214495800,2286,1865,2207,2098,2354,2242
4744006214569100,2290,1674,2203,2098,2393,2243
4744006214654400,2287,1821,2202,2098,2354,2241
4744006214755800,2289,1822,2200,2096,2353,2243
4744006214826400,2288,1822,2196,2098,2353,2241
4744006215019400,2288,1821,2196,2097,2350,2340
4744006215139600,2287,1821,2220,2097,2351,2242
4744006215231600,2286,1822,2189,2097,2351,2241
4744006215329400,2286,1822,2188,2096,2352,2241
4744006215446200,2296,1820,2186,2097,2349,2240
4744006215526900,2282,1822,2184,2095,2349,2096
4744006215617200,2283,1822,2182,2094,2348,2239
4744006215868300,2280,1824,2179,2096,2349,2238
4744006215918100,2281,1823,2176,2093,2348,2238
4744006216002300,2280,1822,2173,2093,2346,2248
4744006216047300,2276,1821,2169,2092,2344,2237
4744006216103300,2275,1822,2167,2091,2359,2238
4744006216350500,2275,1821,2162,2090,2346,2235
4744006216472900,2274,1822,2160,2088,2350,2236
4744006216559300,2272,1821,2157,2087,2345,2235
4744006216711500,2271,1823,2156,2088,2346,2236
4744006216787400,2268,1823,2152,2086,2344,2236
4744006216842800,2269,1821,2150,2085,2346,2234
4744006217033400,2267,1821,2144,2083,2342,2235
4744006217169900,2267,1917,2141,2080,2342,2234
4744006217498400,2325,1822,2136,2080,2086,2235
4744006217607400,2266,1823,2131,2080,2341,2233
4744006217714100,2261,1822,2160,2076,2340,2230
4744006217827800,2262,1822,2124,2075,2339,2235
4744006217892500,2261,1822,2122,2080,2339,2233
4744006217991100,2259,1822,2118,2070,2338,2233
4744006218308200,2259,1822,2121,2069,2335,2232
4744006218548700,2373,1822,2112,2067,2335,2233
4744006218889200,2252,1824,2106,2067,2334,2232
4744006219013800,2252,1823,2103,2065,2332,2230
4744006219124100,2252,1822,2099,2062,2330,2232
4744006219223400,2249,1823,2096,2062,2376,2231
4744006219426400,2249,1820,2088,2057,2329,2234
4744006219573600,2248,1822,2086,2057,2332,2232
4744006219686000,2249,1824,2081,2054,2330,2302
4744006219770300,2247,1821,2075,2053,2477,2231
4744006219937200,2243,1822,2073,2051,2325,2230
4744006220081000,2245,1823,2068,2050,2324,2227
4744006220263800,2244,1821,2068,2049,2322,2232
4744006220377900,2243,1824,2061,2047,2319,2231
4744006220669000,2246,1821,2058,2042,2320,2230
4744006220831700,2245,1824,2051,2041,2318,2229
4744006221076700,2243,1840,2048,2038,2317,2229
4744006221245200,2243,1821,2042,2034,2316,2229
4744006221369300,2244,1821,2115,2035,2316,2229
4744006221500000,2242,1822,2033,2030,2313,2229
4744006221643600,2244,1821,2027,2028,2343,2231
4744006221849500,2243,1822,2038,2027,2313,2230
4744006221979400,2240,1822,2022,2026,2314,2229
4744006222073600,2240,1823,2016,2022,2296,2229
4744006222134500,2241,1823,2010,2020,2312,2231
4744006222443500,2238,1823,2006,2016,2364,2227
4744006222628700,2238,1822,1983,2013,2308,2229
4744006222737400,2239,1822,1997,2011,2308,2228
4744006222881300,2238,1822,1992,2008,2308,2229
4744006223177400,2236,1823,1996,2007,2308,2229
4744006223402500,2238,1823,1980,2004,2307,2231
4744006223544200,2234,1822,1977,2001,2307,2228
4744006223662600,2233,1871,1975,2000,2306,2229
4744006223793400,2234,1673,1970,1998,2350,2228
4744006224070900,2234,1821,1964,1994,2306,2229
4744006224232400,2231,1821,1960,1991,2305,2227
4744006224377600,2230,1822,1956,1991,2305,2229
4744006224496100,2230,1823,1956,1987,2304,2308
4744006224646000,2229,1822,1980,1985,2303,2229
4744006224960600,2226,1822,1950,1982,2302,2229
4744006225073800,2226,1823,1946,1978,2556,2230
4744006225149700,2236,1823,1945,1977,2300,2228
4744006225221900,2226,1823,1942,1976,2297,2298
4744006225440200,2227,1821,1937,1976,2299,2228
4744006225652200,2222,1822,1938,1975,2319,2229
4744006225798300,2221,1821,1936,1973,2298,2228
4744006225908600,2223,1822,1935,1971,2298,2229
4744006226003600,2220,1822,1933,1969,2297,2228
4744006226110200,2223,1822,1932,1969,2089,2229
4744006226206800,2220,1821,1931,1968,2553,2228
4744006226296600,2220,1823,1931,1966,2297,2229
4744006227400100,2219,1822,1929,1965,2296,2227
4744006227588300,2222,1822,1928,1965,2296,2227
4744006227775200,2222,1828,1928,1966,2298,2229
4744006227885800,2220,1821,1927,1965,2298,2227
4744006228090800,2219,1822,1928,1963,2296,2228
4744006228214600,2220,1915,1928,1962,2296,2228
4744006228344000,2278,1823,1926,1962,2294,2228
4744006228486700,2221,1821,1928,1964,2297,2229
4744006228618400,2218,1822,1968,1963,2294,2240
4744006228721500,2219,1823,1928,1962,2295,2229
4744006228896900,2217,1822,1927,1961,2294,2225
4744006230246500,2218,1822,1927,1961,2298,2228
4744006230419100,2217,1822,1934,1961,2293,2229
4744006230578900,2335,1822,1928,1962,2294,2228
4744006230710300,2215,1821,1929,1961,2293,2228
4744006230844900,2216,1823,1928,1961,2295,2228
4744006230964500,2216,1821,1927,1961,2293,2230
4744006231069200,2214,1822,1927,1960,2293,2229
4744006231162500,2217,1823,1926,1961,2293,2232
4744006231291000,2216,1822,1927,1961,2294,2229
4744006231534600,2216,1821,1927,1960,2293,2302
4744006231627500,2214,1822,1926,1961,2188,2228
4744006231745700,2214,1823,1933,1960,2294,2228
4744006231836200,2214,1822,1926,1961,2293,2226
4744006231949600,2214,1823,1927,1961,2292,2229
4744006232101500,2213,1824,1927,1960,2294,2228
4744006232223100,2214,1821,1928,1960,2294,2228
4744006232393000,2214,1822,1926,1960,2293,2227
4744006232516600,2212,1840,1926,1960,2294,2229
4744006232645000,2212,1822,1925,1961,2294,2227
4744006232760000,2210,1822,1907,1960,2292,2228
4744006232853600,2209,1822,1927,1960,2292,2228
4744006233000400,2210,1821,1925,1958,2329,2230
4744006233303100,2208,1822,1937,1960,2291,2228
4744006233549900,2210,1822,1927,1958,2291,2229
4744006233776100,2209,1823,1926,1957,2276,2226
4744006234070200,2209,1822,1926,1957,2292,2230
4744006234194200,2204,1824,1927,1957,2088,2229
4744006234285700,2206,1822,1927,1957,2290,2228
4744006234387500,2205,1824,1928,1957,2292,2230
4744006234475000,2204,1823,1926,1957,2356,2228
4744006234541200,2202,1823,1936,1957,2291,2230
4744006234604400,2203,1822,1927,1957,2291,2230
4744006234748400,2202,1821,1925,1957,2292,2229
4744006234870800,2201,1865,1926,1956,2292,2230
4744006235179200,2200,1672,1923,1958,2078,2228
4744006235455500,2202,1822,1926,1957,2290,2229
4744006235741000,2201,1823,1925,1956,2291,2229
4744006235851600,2200,1821,1924,1956,2291,2230
4744006235946700,2201,1823,1926,1955,2289,2289
4744006236030000,2198,1823,1946,1957,2291,2235
4744006236106200,2202,1822,1924,1957,2292,2227
4744006236171200,2201,1823,1924,1955,2290,2229
4744006236241700,2208,1821,1924,1955,2289,2228
4744006236361900,2200,1823,1926,1953,2288,2051
4744006236448200,2202,1821,1924,1955,2290,2227
4744006236555800,2201,1822,1925,1954,2293,2228
4744006236648000,2201,1821,1925,1954,2290,2229
4744006236744400,2198,1824,1924,1954,2287,2228
4744006236825300,2199,1821,1925,1953,2287,2228
4744006236929400,2201,1822,1924,1954,2050,2229
4744006237237300,2199,1822,1924,1954,2288,2229
4744006237413400,2200,1823,1925,1954,2289,2228
4744006237589500,2197,1821,1926,1953,2286,2228
4744006237708900,2201,1823,1925,1954,2287,2229
4744006237797200,2198,1824,1926,1953,2289,2230
4744006237869200,2201,1822,1926,1952,2288,2228
4744006237957200,2201,1821,1924,1954,2283,2229
4744006238029300,2200,1893,1927,1952,2286,2229
4744006238299500,2241,1823,1924,1952,2285,2227
4744006238382200,2201,1821,1925,1955,2287,2227
4744006238489200,2200,1821,1952,1953,2285,2240
4744006238609800,2198,1824,1925,1953,2284,2227
4744006238717900,2199,1822,1925,1953,2283,2227
4744006238797200,2200,1823,1925,1952,2285,2228
4744006238883600,2197,1822,1930,1951,2283,2227
4744006238964500,2318,1822,1924,1953,2283,2229
4744006239049100,2196,1824,1929,1951,2284,2227
4744006239110700,2198,1819,1925,1952,2283,2225
4744006239177200,2200,1823,1925,1951,2281,2229
4744006239235900,2198,1822,1925,1951,2283,2228
4744006239301300,2198,1822,1925,1951,2280,2228
4744006239429600,2200,1821,1925,1949,2282,2228
4744006239504400,2198,1822,1925,1952,2281,2297
4744006239643000,2200,1822,1923,1951,2172,2227
4744006239706900,2200,1821,1926,1951,2279,2227
4744006239769600,2198,1822,1924,1952,2279,2226
4744006239836600,2200,1823,1925,1951,2280,2226
4744006239900200,2200,1822,1925,1951,2282,2226
4744006239963700,2198,1822,1925,1952,2279,2226
4744006240028200,2201,1822,1924,1950,2280,2224
4744006240093200,2200,1836,1925,1950,2278,2223
4744006240167300,2200,1822,1924,1951,2278,2222
4744006240273200,2199,1822,1925,1950,2278,2220
4744006240357500,2199,1822,1926,1951,2277,2221
4744006240433200,2199,1823,1925,1949,2317,2221
4744006240508600,2196,1822,1938,1950,2277,2220
4744006240575500,2198,1822,1926,1950,2277,2219
4744006240643500,2201,1823,1924,1949,2276,2218
4744006240712100,2200,1823,1924,1950,2277,2220
4744006240817200,2200,1822,1925,1950,2082,2217
4744006240940400,2200,1822,1925,1950,2274,2218
4744006241029100,2198,1821,1926,1950,2274,2214
4744006241141600,2198,1822,1923,1950,2274,2214
4744006241225600,2198,1823,1938,1949,2273,2213
4744006241288600,2200,1821,1925,1950,2273,2212
4744006241354700,2199,1823,1925,1950,2273,2211
4744006241632000,2197,1869,1926,1949,2271,2558
4744006241774900,2199,1673,1925,1949,2060,2209
4744006241948300,2199,1821,1925,1950,2271,2208
4744006242094600,2199,1823,1926,1949,2269,2209
4744006242291000,2197,1822,1925,1950,2267,2206
4744006242561500,2199,1822,1925,1949,2268,2290
4744006242714700,2200,1822,1958,1951,2267,2206
4744006242961800,2197,1822,1925,1951,2266,2199
4744006243127500,2200,1823,1924,1952,2268,2199
4744006243276000,2213,1823,1924,1953,2266,2195
4744006243383100,2198,1823,1926,1953,2264,2058
4744006243485200,2199,1821,1925,1956,2265,2189
4744006243576900,2200,1823,1926,1954,2285,2186
4744006243723600,2199,1822,1925,1956,2262,2184
4744006243855500,2199,1821,1928,1956,2261,2181
4744006244033500,2198,1822,1926,1957,2260,2176
4744006244132700,2200,1823,1926,1957,2055,2173
4744006244219200,2196,1822,1926,1959,2261,2170
4744006244293100,2200,1823,1926,1959,2262,2169
4744006244392900,2197,1821,1925,1960,2260,2168
4744006244472800,2200,1821,1925,1961,2260,2163
4744006244562300,2200,1821,1925,1960,2268,2162
4744006244724900,2197,1822,1925,1960,2258,2159
4744006244825300,2200,1821,1926,1961,2258,2158
4744006244905100,2200,1930,1927,1961,2256,2156
4744006245011700,2256,1823,1925,1960,2256,2152
4744006245145100,2197,1822,1926,1962,2257,2150
4744006245256300,2200,1821,1963,1959,2256,2165
4744006245345800,2198,1822,1925,1962,2254,2147
4744006245554000,2200,1823,1925,1962,2254,2144
4744006245637300,2198,1823,1926,1960,2253,2145
4744006245700800,2199,1822,1932,1962,2253,2142
4744006245862600,2320,1822,1926,1961,2253,2140
4744006245933800,2196,1822,1932,1961,2253,2139
4744006246002100,2200,1822,1926,1962,2253,2135
4744006246101500,2200,1822,1926,1961,2253,2137
4744006246427600,2199,1822,1926,1960,2252,2136
4744006246631700,2200,1824,1925,1962,2251,2139
4744006246762300,2198,1821,1926,1960,2250,2135
4744006246823600,2198,1822,1925,1961,2250,2198
4744006247006700,2197,1822,1923,1960,2145,2133
4744006247541200,2199,1822,1926,1962,2251,2132
4744006247622500,2200,1822,1926,1962,2251,2132
4744006247754600,2197,1822,1925,1961,2251,2132
4744006247905300,2197,1823,1925,1963,2250,2131
4744006247997900,2198,1821,1926,1962,2252,2132
4744006248139600,2201,1823,1925,1960,2247,2131
4744006248274900,2200,1838,1926,1962,2249,2132
4744006248414100,2199,1821,1924,1962,2249,2132
4744006248534500,2196,1823,1925,1963,2247,2131
4744006248827600,2196,1822,1926,1962,2248,2129
4744006248951600,2196,1822,1925,1960,2287,2131
4744006249283600,2198,1822,1933,1961,2248,2130
4744006249603400,2195,1822,1927,1963,2247,2131
4744006249756400,2196,1823,1926,1961,2508,2130
4744006249878000,2196,1823,1925,1960,2247,2132
4744006250048200,2197,1823,1924,1960,2301,2130
4744006250143500,2195,1822,1927,1963,2247,2129
4744006250279900,2196,1822,1925,1961,2247,2129
4744006250413400,2195,1823,1925,1961,2232,2130
4744006775044500,2194,1822,1933,1962,2243,2130
4744006775341300,2195,1823,1925,1961,2245,2131
4744006775577200,2196,1821,1925,1961,2247,2129
4744006775836900,2194,1858,1926,1961,2247,2422
4744006776071600,2196,1672,1925,1961,2282,2129
4744006776147200,2194,1822,1926,1961,2245,2128
4744006776309400,2195,1821,1925,1961,2243,2129
4744006776423700,2196,1824,1925,1961,2244,2130
4744006776489700,2196,1822,1926,1961,2245,2201
4744006777004800,2198,1824,1949,1962,2246,2136
4744006777099200,2194,1821,1925,1962,2245,2128
4744006777195200,2196,1821,1925,1962,2244,2129
4744006777338800,2203,1822,1925,1962,2243,2128
4744006777475200,2196,1822,1927,1960,2244,2205
4744006777675800,2195,1821,1926,1962,2243,2129
4744006777994900,2194,1822,1925,1962,2249,2128
4744006778169600,2196,1821,1925,1961,2244,2127
4744006778305300,2195,1821,1924,1961,2242,2126
4744006778597400,2195,1824,1926,1961,2244,2128
4744006778874800,2195,1822,1926,1963,2270,2129
4744006778996000,2192,1821,1925,1962,2245,2127
4744006779266200,2196,1822,1926,1962,2246,2127
4744006779519400,2192,1821,1925,1961,2244,2126
4744006779785500,2193,1822,1925,1962,2244,2127
4744006779886700,2195,1821,1925,1960,2246,2126
4744006779985500,2193,1821,1925,1961,2244,2126
4744006780106600,2196,1821,1926,1962,2243,2126
4744006780206600,2194,1893,1925,1961,2245,2199
4744006780305300,2242,1822,1925,1960,2243,2125
4744006780505100,2194,1822,1926,1962,2243,2125
4744006780594800,2194,1822,1959,1959,2244,2140
4744006780678600,2195,1822,1926,1960,2241,2125
4744006780829300,2192,1823,1926,1960,2241,2124
4744006781089600,2193,1821,1926,1960,2243,2124
4744006781556900,2195,1821,1932,1959,2241,2123
4744006781718500,2314,1822,1925,1960,2241,2124
4744006781813900,2193,1822,1928,1960,2241,2122
4744006781957300,2195,1822,1925,1959,2241,2123
4744006782129500,2193,1821,1925,1957,2240,2125
4744006782231600,2194,1822,1922,1957,2241,2124
4744006782317600,2193,1823,1925,1956,2238,2124
4744006782439000,2194,1821,1926,1956,2240,2122
4744006782824200,2194,1821,1925,1957,2238,2186
4744006782930800,2196,1821,1923,1956,2137,2124
4744006783023300,2192,1822,1926,1955,2240,2123
4744006783093300,2196,1822,1926,1956,2237,2124
4744006783371700,2196,1822,1926,1955,2240,2124
4744006783661700,2196,1823,1927,1953,2240,2125
4744006784097500,2194,1822,1926,1955,2240,2125
4744006784651300,2193,1822,1925,1952,2238,2122
4744006784815800,2194,1838,1925,1954,2240,2123
4744006784925600,2195,1822,1925,1952,2238,2123
4744006785245400,2192,1822,1927,1952,2240,2124
4744006785549900,2193,1822,1925,1952,2238,2122
4744006785770700,2193,1823,1926,1952,2239,2124
4744006785895800,2193,1823,1932,1950,2239,2123
4744006785974100,2193,1823,1925,1950,2239,2122
4744006786219300,2193,1822,1924,1949,2238,2121
4744006786334900,2194,1819,1925,1950,2237,2123
4744006786410000,2194,1822,1925,1948,2288,2121
4744006786620800,2194,1822,1926,1948,2237,1865
4744006787098100,2194,1821,1926,1947,2236,2120
4744006787361300,2195,1821,1926,1946,2298,2121
4744006787597400,2192,1823,1934,1946,2235,2121
4744006787695900,2192,1822,1925,1945,2235,2120
4744006787839400,2194,1822,1925,1945,2234,2119
4744006788046500,2192,1861,1926,1944,2236,2121
4744006788331900,2193,1672,1926,1945,2270,2119
4744006788624800,2191,1820,1926,1944,2234,2118
4744006788991600,2189,1821,1925,1942,2235,2118
4744006789245100,2190,1823,1925,1942,2231,2118
4744006789544600,2189,1823,1927,1942,2232,2178
4744006789972400,2189,1822,1945,1943,2232,2123
4744006790190600,2186,1821,1925,1942,2230,2117
4744006790536300,2187,1822,1925,1940,2228,2117
4744006790807900,2193,1823,1924,1940,2229,2117
4744006791034700,2187,1824,1926,1937,2226,2162
4744006791373700,2187,1821,1925,1940,2228,2117
4744006791738500,2185,1822,1924,1938,2226,2116
4744006791871800,2186,1823,1925,1938,2227,2115
4744006792021300,2183,1822,1922,1938,2224,2114
4744006792109900,2184,1823,1926,1937,2223,2113
4744006792184800,2184,1821,1926,1936,2236,2112
4744006792250900,2182,1822,1926,1937,2223,2111
4744006792345000,2185,1832,1927,1936,2224,2111
4744006792434100,2182,1822,1925,1936,2222,2110
4744006792745700,2183,1823,1925,1936,2223,2109
4744006793048100,2185,1823,1926,1936,2221,2108
4744006793176900,2183,1822,1926,1934,2219,2108
4744006793369100,2183,1821,1926,1934,2217,2108
4744006793464600,2184,1854,1926,1932,2218,2074
4744006793572400,2210,1821,1925,1932,2216,2106
4744006793709100,2181,1822,1925,1934,2218,2106
4744006793893000,2181,1821,1946,1931,2217,2113
4744006794242700,2180,1823,1926,1933,2212,2104
4744006794464600,2180,1823,1925,1932,2213,2103
4744006794616200,2181,1822,1928,1929,2213,2103
4744006794980400,2181,1822,1928,1930,2210,2102
4744006795111200,2301,1821,1926,1931,2209,2100
4744006795291300,2179,1823,1926,1930,2207,2100
4744006795421200,2179,1821,1926,1929,2206,2099
4744006795597700,2177,1823,1926,1930,2205,2099
4744006795715600,2177,1822,1925,1930,2205,2097
4744006795895100,2177,1823,1924,1929,2204,2101
4744006796025000,2173,1822,1926,1929,2204,2097
4744006796179100,2176,1824,1925,1928,2203,2171
4744006796320200,2176,1823,1923,1928,2094,2096
4744006796462500,2173,1822,1925,1926,2201,2097
4744006796606800,2174,1821,1924,1930,2199,2096
4744006796694600,2172,1824,1927,1925,2197,2096
4744006796771400,2173,1821,1926,1924,2200,2097
4744006796828300,2170,1823,1928,1924,2196,2096
4744006796880900,2173,1822,1925,1924,2252,2094
4744006796933800,2173,1837,1925,1923,2194,2094
4744006796983700,2174,1822,1926,1924,2192,2094
4744006797052300,2172,1821,1924,1924,2193,2093
4744006797278200,2172,1822,1926,1924,2191,2092
4744006797439200,2172,1822,1926,1922,2190,2095
4744006797527200,2174,1822,1934,1923,2190,2094
4744006797610300,2172,1823,1926,1922,2188,2092
4744006797677700,2173,1823,1924,1922,2187,2092
4744006797820800,2174,1822,1926,1921,2187,2094
4744006797899900,2172,1822,1926,1923,2234,2091
4744006797989700,2172,1822,1926,1922,2186,1836
4744006798061900,2172,1822,1926,1922,2184,2089
4744006798191200,2176,1822,1926,1923,2244,2092
4744006798303100,2174,1823,1936,1923,2182,2092
4744006798383500,2173,1822,1925,1923,2184,2092
4744006798455300,2173,1822,1925,1922,2183,2090
4744006798526100,2172,1865,1926,1923,2183,2414
4744006798595100,2170,1673,1927,1923,2222,2091
4744006798712500,2173,1822,1926,1924,2181,2091
4744006798801800,2175,1821,1925,1922,2182,2091
4744006798869100,2173,1823,1924,1922,2181,2091
4744006798966500,2173,1821,1927,1922,2180,2168
4744006799353500,2175,1820,1953,1923,2180,2094
4744006799476400,2174,1823,1924,1924,2183,2091
4744006799566900,2174,1821,1926,1924,2181,2093
4744006799767300,2184,1822,1925,1922,2174,2092
4744006799947500,2176,1822,1926,1923,2176,2185
4744006800097100,2172,1822,1925,1923,2175,2091
4744006800237400,2175,1821,1925,1922,2176,2091
4744006800562100,2174,1821,1925,1922,2173,2092
4744006800698400,2173,1821,1925,1922,2169,2091
4744006800874500,2176,1821,1926,1922,2169,2090
4744006801013100,2174,1822,1926,1923,2213,2091
4744006801112200,2172,1822,1926,1924,2165,2092
4744006801191800,2172,1823,1925,1922,2168,2091
4744006801267000,2171,1821,1926,1923,2162,2091
4744006801380400,2175,1822,1925,1923,2163,2092
4744006801707000,2172,1824,1925,1921,2165,2093
4744006801867600,2174,1822,1925,1922,2158,2092
4744006801968900,2172,1822,1925,1922,2155,2090
4744006802045700,2174,1923,1926,1924,2153,2092
4744006802189800,2238,1821,1928,1923,1895,2089
4744006802475900,2175,1821,1925,1924,2151,2091
4744006802579600,2173,1821,1963,1923,2145,2106
4744006802649900,2172,1823,1926,1923,2142,2090
4744006802776900,2173,1821,1925,1921,2141,2090
4744006802870100,2176,1820,1927,1922,2140,2090
4744006802942300,2174,1822,1933,1921,2137,2090
4744006803024100,2291,1822,1925,1923,2134,2091
4744006803203700,2172,1822,1926,1922,2132,2091
4744006803374400,2176,1823,1926,1922,2133,2087
4744006803498500,2174,1823,1925,1922,2131,2092
4744006803593500,2176,1822,1925,1922,2130,2091
4744006803666000,2176,1821,1924,1921,2126,2091
4744006803740000,2177,1820,1926,1920,2125,2091
4744006803804100,2176,1823,1925,1921,2124,2138
4744006803949000,2177,1823,1925,1920,2270,2093
4744006804117200,2179,1823,1925,1921,2121,2091
4744006804282000,2177,1822,1926,1921,2122,2090
4744006804440000,2177,1821,1927,1921,2121,2092
4744006804659400,2179,1823,1926,1920,2121,2091
4744006804879900,2180,1823,1926,1920,2120,2091
4744006805062400,2177,1822,1925,1920,2120,2090
4744006805228300,2180,1829,1924,1921,2120,2091
4744006805335400,2180,1822,1924,1921,2116,2092
4744006805510600,2180,1822,1925,1919,2118,2091
4744006805645200,2180,1822,1926,1921,2116,2091
4744006805820400,2182,1821,1925,1920,2133,2092
4744006806213800,2181,1823,1928,1920,2116,2092
4744006806534700,2179,1822,1926,1921,2117,2091
4744006806671900,2181,1823,1926,1920,2118,2091
4744006806873100,2178,1822,1926,1921,2117,2091
4744006807323500,2180,1821,1926,1920,2134,2092
4744006807472400,2182,1822,1927,1920,2114,1835
4744006807581900,2179,1823,1926,1919,2114,2091
4744006807889000,2182,1822,1925,1920,2100,2092
4744006808118600,2180,1822,1928,1921,2115,2091
4744006808494800,2180,1822,1926,1920,2112,2092
4744006808971100,2180,1822,1925,1920,2113,2091
4744006809178500,2179,1846,1926,1921,2116,2094
4744006809273800,2180,1674,1927,1921,2130,2091
4744006809404000,2180,1824,1926,1920,2113,2092
4744006809491300,2182,1823,1925,1919,2115,2092
4744006809813900,2179,1821,1925,1920,2114,2091
4744006810052700,2182,1822,1926,1920,2113,2131
4744006810442100,2179,1823,1934,1923,2113,2094
4744006810566100,2182,1822,1924,1922,2114,2092
4744006810682700,2182,1823,1926,1920,2113,2092
4744006810795900,2181,1822,1925,1921,2113,2092
4744006810924000,2180,1823,1926,1918,2112,2122
4744006811030600,2182,1821,1925,1921,2113,2091
4744006811179400,2180,1823,1925,1921,2116,2092
4744006811320800,2180,1822,1925,1920,2112,2091
4744006811495600,2181,1822,1922,1919,2113,2096
4744006811700500,2181,1820,1926,1919,2112,2090
4744006811857800,2181,1821,1926,1921,2115,2092
4744006812166700,2179,1825,1925,1921,2113,2093
4744006812543700,2179,1827,1925,1920,2114,2092
4744006812692900,2179,1822,1925,1920,2113,2091
4744006812803600,2179,1822,1923,1921,2113,2091
4744006812995300,2182,1823,1926,1921,2112,2093
4744006813221200,2178,1824,1925,1921,2113,2091
4744006813392000,2181,1822,1925,1921,2113,2091
4744006813581600,2181,1858,1926,1921,2113,2092
4744006813735600,2208,1822,1924,1922,1856,2090
4744006813855300,2182,1822,1925,1920,2113,2091
4744006813999400,2180,1822,1940,1921,2113,2101
4744006814123800,2179,1822,1925,1921,2112,2092
4744006814234600,2179,1823,1925,1921,2112,2092
4744006814356400,2180,1821,1926,1920,2114,2093
4744006814480000,2180,1824,1930,1920,2113,2091
4744006814613800,2300,1821,1925,1922,2112,2092
4744006814720400,2178,1822,1925,1920,2110,2093
4744006814835900,2182,1822,1925,1922,2113,2091
4744006814989000,2180,1821,1926,1921,2112,2095
4744006815114000,2180,1822,1926,1920,2112,2092
4744006815226000,2180,1822,1924,1920,2112,2093
4744006815669300,2180,1820,1926,1920,2114,2093
4744006815804300,2179,1822,1925,1920,2109,2140
4744006815920700,2180,1821,1923,1920,2259,2094
4744006816014800,2180,1822,1925,1920,2112,2094
4744006816110200,2181,1822,1926,1920,2111,2092
4744006816233900,2180,1822,1926,1921,2110,2094
4744006816330000,2180,1823,1925,1922,2113,2095
4744006816516200,2179,1822,1928,1920,2112,2094
4744006816640200,2180,1823,1926,1920,2112,2093
4744006816744300,2182,1834,1926,1920,2113,2095
4744006816894200,2181,1823,1924,1920,2112,2095
4744006817052800,2184,1820,1925,1923,2113,2094
4744006817204300,2181,1821,1925,1920,2112,2093
4744006817345600,2180,1822,1925,1920,2137,2096
4744006817574500,2179,1822,1930,1922,2112,2094
4744006817761600,2180,1823,1925,1920,2111,2094
4744006817895300,2180,1822,1925,1920,2113,2096
4744006818111800,2181,1824,1927,1920,2112,2094
4744006818271900,2179,1822,1925,1921,2143,2095
4744006818475300,2182,1822,1926,1920,2110,1839
4744006818746000,2180,1822,1927,1921,2112,2093
4744006818883700,2180,1822,1926,1920,2158,2095
4744006819107400,2179,1823,1930,1920,2112,2094
4744006819193500,2182,1823,1925,1920,2111,2095
4744006819272700,2181,1822,1924,1921,2112,2094
4744006819593600,2180,1854,1927,1918,2110,2096
4744006819697300,2181,1673,1926,1921,2130,2095
4744006820014200,2180,1822,1926,1922,2112,2094
4744006820091800,2182,1823,1926,1921,2112,2095
4744006820310500,2181,1824,1926,1921,2124,2095
4744006820384600,2182,1822,1925,1920,2112,2147
4744006820464800,2182,1822,1949,1921,2112,2097
4744006820528000,2181,1821,1925,1922,2112,2095
4744006820647800,2182,1821,1926,1921,2112,2097
4744006820796400,2192,1823,1925,1920,2112,2095
4744006820950100,2181,1823,1926,1919,2112,2177
4744006821052700,2183,1821,1925,1920,2112,2096
4744006821324000,2179,1823,1926,1921,2125,2095
4744006821423900,2181,1823,1924,1920,2113,2096
4744006821489200,2180,1822,1925,1921,2110,2094
4744006821547900,2183,1822,1925,1920,2112,2095
4744006821757400,2184,1823,1925,1920,2137,2094
4744006821889000,2179,1822,1924,1921,2113,2095
4744006821973500,2183,1834,1926,1921,2110,2095
4744006822038600,2182,1822,1925,1920,2112,2096
4744006822109100,2182,1823,1925,1921,2112,2095
4744006822179600,2183,1823,1925,1920,2113,2096
4744006822312800,2182,1823,1925,1919,2114,2095
4744006822568700,2185,1821,1924,1921,2112,2095
4744006822758300,2182,1884,1927,1923,2113,2097
4744006822889100,2226,1823,1924,1921,1855,2094
4744006823038100,2185,1821,1925,1923,2113,2094
4744006823206500,2184,1821,1948,1921,2113,2102
4744007344159600,2186,1822,1925,1920,2112,2095
4744007344873900,2184,1821,1926,1920,2112,2095
4744007345225900,2182,1823,1925,1921,2114,2097
4744007345472800,2184,1823,1930,1923,2112,2095
4744007345868000,2303,1820,1925,1922,2112,2095
4744007346112300,2184,1824,1925,1919,2113,2094
4744007346218200,2185,1822,1926,1921,2110,2087
4744007346439700,2186,1821,1926,1919,2112,2095
4744007346656400,2184,1822,1924,1920,2112,2094
4744007347087200,2186,1822,1925,1919,2110,2096
4744007347248200,2185,1820,1926,1920,2112,2095
4744007347478400,2184,1822,1926,1920,2109,2146
4744007347617200,2184,1822,1923,1920,2260,2095
4744007347726400,2185,1821,1926,1920,2112,2093
4744007348194500,2186,1791,1926,1921,2112,2093
4744007348601700,2185,1821,1927,1921,2112,2096
4744007348734000,2185,1822,1926,1921,2112,2095
4744007349001500,2185,1822,1926,1921,2111,2095
4744007349093400,2186,1822,1926,1920,2112,2094
4744007349163800,2187,1830,1925,1920,2112,2094
4744007349241100,2188,1823,1923,1921,2112,2096
4744007349314500,2187,1820,1926,1921,2113,2094
4744007349624800,2187,1823,1925,1919,2112,2094
4744007349739500,2188,1822,1925,1920,2135,2096
4744007349807700,2189,1822,1929,1922,2112,2095
4744007350119600,2187,1823,1925,1920,2112,2095
4744007350210800,2188,1823,1926,1920,2118,2094
4744007350325200,2188,1824,1925,1920,2113,2097
4744007350558200,2186,1822,1925,1921,2157,2095
4744007350778700,2185,1822,1925,1920,2111,1838
4744007350861800,2188,1823,1926,1919,2112,2093
4744007350981300,2188,1822,1925,1920,2095,2097
4744007351216500,2189,1822,1930,1922,2111,2095
4744007351596700,2189,1822,1926,1920,2112,2094
4744007351851600,2188,1822,1925,1921,2112,2094
4744007352051700,2189,1855,1926,1920,2114,2095
4744007352279400,2184,1675,1926,1920,2139,2094
4744007352495500,2188,1823,1926,1919,2112,2095
4744007352760600,2189,1822,1924,1920,2112,2096
4744007352836800,2188,1822,1925,1920,2115,2095
4744007352905800,2187,1821,1925,1920,2112,2148
4744007352980100,2188,1822,1945,1921,2112,2097
4744007353042700,2188,1823,1924,1921,2112,2095
4744007353101700,2188,1821,1926,1921,2112,2095
4744007353208600,2192,1821,1924,1920,2113,2093
4744007353305000,2187,1822,1926,1920,2112,2180
4744007353391700,2189,1821,1925,1920,2111,2094
4744007353467000,2187,1821,1926,1921,2123,2095
4744007353602600,2186,1822,1925,1920,2112,2095
4744007353709800,2185,1822,1922,1919,2109,2100
4744007353981000,2188,1822,1925,1920,2112,2094
4744007354156200,2186,1823,1926,1920,2143,2095
4744007354299500,2188,1820,1925,1922,2111,2095
4744007354387200,2187,1834,1926,1921,2113,2095
4744007354496200,2187,1821,1926,1920,2111,2096
4744007354583800,2187,1823,1925,1921,2113,2095
4744007354886100,2187,1823,1926,1920,2114,2095
4744007354967500,2189,1821,1925,1921,2110,2096
4744007355243500,2187,1822,1926,1921,2112,2095
4744007355562500,2188,1904,1925,1921,2113,2095
4744007355752800,2240,1822,1925,1920,1856,2093
4744007355846200,2188,1821,1925,1923,2113,2094
4744007356209100,2190,1822,1950,1921,2113,2102
4744007356517500,2187,1822,1925,1922,2110,2096
4744007356650200,2189,1822,1924,1921,2112,2095
4744007356745600,2188,1822,1925,1921,2114,2096
4744007356822300,2189,1823,1930,1919,2112,2095
4744007357095300,2308,1821,1925,1921,2112,2095
4744007357172100,2189,1822,1925,1921,2111,2094
4744007357234500,2190,1821,1925,1920,2114,2094
4744007357307900,2188,1823,1925,1920,2112,2096
4744007357382500,2189,1822,1925,1920,2113,2095
4744007357454400,2187,1822,1925,1921,2112,2096
4744007357586800,2189,1821,1925,1921,2112,2095
4744007357841000,2188,1822,1925,1920,2112,2152
4744007357939000,2189,1822,1923,1920,2262,2096
4744007358064200,2189,1822,1927,1920,2111,2096
4744007358157700,2189,1823,1924,1921,2112,2091
4744007358227300,2190,1822,1927,1921,2112,2096
4744007358322300,2188,1823,1926,1920,2112,2096
4744007358413700,2189,1822,1926,1921,2112,2095
4744007358475000,2187,1822,1924,1920,2112,2094
4744007358893200,2189,1834,1924,1921,2112,2095
4744007359247800,2188,1823,1925,1919,2111,2095
4744007359617100,2187,1822,1925,1920,2111,2095
4744007359732200,2189,1823,1924,1920,2110,2094
4744007359833000,2187,1823,1925,1920,2137,2096
4744007360073300,2189,1822,1930,1921,2112,2096
4744007360421100,2188,1822,1926,1920,2111,2096
4744007360834100,2186,1823,1925,1918,2111,2095
4744007360945600,2188,1825,1925,1920,2113,2095
4744007361180200,2186,1823,1925,1920,2148,2096
4744007361268700,2186,1823,1925,1920,2112,1837
4744007361333900,2187,1823,1926,1920,2112,2095
4744007361400800,2189,1822,1925,1920,2094,2095
4744007361540300,2189,1823,1929,1921,2112,2095
4744007361883100,2190,1823,1926,1921,2112,2095
4744007361980500,2188,1821,1924,1918,2112,2096
4744007362071700,2186,1855,1925,1920,2113,2338
4744007362186500,2190,1674,1926,1920,2136,2096
4744007362256200,2188,1822,1925,1921,2112,2094
4744007362495700,2191,1822,1925,1920,2112,2096
4744007362609500,2190,1822,1924,1920,2112,2095
4744007362786600,2188,1822,1927,1920,2112,2144
4744007363037600,2189,1823,1941,1921,2111,2098
4744007363127600,2190,1823,1926,1921,2111,2096
4744007363222700,2189,1821,1924,1920,2113,2096
4744007363439600,2196,1822,1925,1921,2110,2095
4744007363818900,2189,1824,1924,1919,2112,2158
4744007363982900,2189,1821,1925,1921,2111,2095
4744007364099900,2188,1821,1925,1920,2113,2096
4744007364212600,2190,1823,1924,1920,2112,2095
4744007364352600,2189,1822,1925,1920,2110,2096
4744007364474400,2189,1822,1924,1920,2113,2095
4744007364622200,2190,1822,1924,1920,2115,2095
4744007364983100,2187,1821,1924,1921,2113,2095
4744007365128200,2189,1839,1925,1920,2112,2095
4744007365244400,2186,1824,1925,1920,2112,2095
4744007365348400,2191,1822,1924,1922,2111,2095
4744007365462300,2187,1823,1925,1920,2113,2095
4744007365551700,2190,1822,1925,1920,2112,2095
4744007365644500,2190,1822,1926,1921,2113,2094
4744007365731100,2189,1883,1925,1921,2113,2096
4744007365800100,2226,1822,1925,1920,1857,2094
4744007365871400,2186,1823,1925,1921,2113,2095
4744007365934000,2188,1819,1939,1921,2111,2106
4744007366045900,2188,1823,1925,1922,2111,2096
4744007366119800,2189,1822,1925,1921,2110,2095
4744007366193700,2190,1822,1927,1921,2112,2095
4744007366264300,2190,1822,1930,1921,2112,2095
4744007366590700,2307,1822,1924,1920,2112,2095
4744007366942300,2187,1822,1927,1920,2112,2095
4744007367073900,2190,1822,1925,1921,2111,2094
4744007367182600,2189,1824,1925,1921,2112,2096
4744007367326600,2188,1822,1924,1921,2112,2097
4744007367404500,2190,1822,1924,1920,2113,2094
4744007367461700,2189,1822,1926,1921,2110,2096
4744007367536100,2190,1822,1925,1921,2112,2154
4744007367609400,2189,1822,1923,1920,2258,2095
4744007367682200,2187,1822,1926,1919,2111,2095
4744007367753600,2188,1823,1924,1922,2111,2091
4744007368043100,2190,1822,1926,1921,2112,2096
4744007368140100,2190,1822,1925,1920,2114,2095
4744007368238300,2190,1821,1926,1920,2114,2096
4744007368322800,2190,1821,1924,1922,2093,2094
4744007368391100,2190,1837,1925,1921,2111,2095
4744007368751900,2189,1822,1924,1920,2112,2096
4744007368868800,2188,1822,1925,1921,2113,2095
4744007369034400,2188,1822,1926,1920,2112,2094
4744007369156200,2190,1821,1924,1920,2114,2095
4744007369467100,2187,1822,1933,1921,2110,2096
4744007369583600,2187,1823,1926,1921,2114,2094
4744007369793700,2190,1823,1926,1920,2113,2095
4744007369914700,2187,1824,1925,1921,2112,2097
4744007370173300,2188,1822,1924,1921,2158,2095
4744007370266900,2188,1822,1927,1920,2109,1839
4744007370400600,2190,1823,1925,1920,2110,2094
4744007370552300,2187,1822,1927,1920,2111,2095
4744007370710000,2191,1821,1930,1919,2112,2096
4744007370828100,2187,1822,1924,1921,2112,2096
4744007370904300,2190,1822,1925,1920,2111,2094
4744007370976100,2189,1852,1926,1920,2112,2098
4744007371041800,2190,1674,1925,1920,2132,2095
4744007371112800,2189,1821,1924,1919,2111,2096
4744007371177800,2189,1821,1925,1920,2112,2095
4744007371279700,2188,1823,1925,1920,2116,2095
4744007371358100,2190,1821,1925,1920,2112,2153
4744007371423200,2190,1822,1944,1921,2111,2098
4744007371543600,2187,1823,1924,1920,2110,2096
4744007371619200,2190,1823,1925,1920,2112,2096
4744007371699800,2198,1823,1925,1920,2112,2095
4744007371771800,2190,1824,1926,1920,2112,2162
4744007371874100,2191,1821,1925,1920,2112,2095
4744007371976200,2189,1823,1925,1921,2114,2095
4744007372074700,2190,1822,1923,1920,2112,2095
4744007372190200,2190,1823,1926,1921,2112,2096
4744007372265500,2188,1821,1926,1920,2112,2094
4744007372335700,2190,1821,1925,1921,2135,2099
4744007372400900,2185,1822,1924,1923,2111,2095
4744007372471400,2186,1823,1927,1921,2113,2096
4744007372539000,2186,1822,1923,1920,2112,2096
4744007372607700,2186,1822,1924,1922,2113,2094
4744007372733600,2187,1821,1925,1918,2114,2095
4744007372811700,2187,1821,1925,1920,2113,2095
4744007372892300,2188,1822,1924,1922,2107,2095
4744007372957300,2184,1875,1926,1921,2113,2095
4744007373056100,2230,1821,1924,1921,1855,2094
4744007373141900,2185,1822,1925,1921,2113,2096
4744007373258300,2184,1826,1945,1921,2112,2104
4744007373335600,2185,1821,1925,1921,2112,2095
4744007373405600,2185,1823,1924,1922,2112,2095
4744007373473600,2184,1823,1926,1920,2112,2096
4744007373534200,2185,1820,1928,1919,2112,2096
4744007373598000,2305,1821,1925,1921,2111,2096
4744007373714500,2184,1824,1925,1920,2113,2094
4744007373788600,2184,1823,1926,1920,2110,2096
4744007373890600,2184,1821,1925,1922,2112,2096
4744007373967400,2186,1821,1924,1920,2112,2095
4744007374723100,2184,1823,1924,1919,2112,2096
4744007374807400,2185,1822,1925,1920,2112,2097
4744007375075000,2183,1824,1925,1920,2110,2146
4744007375272100,2184,1822,1923,1920,2260,2097
4744007375395100,2185,1821,1925,1921,2112,2096
4744007375516600,2186,1791,1924,1921,2111,2096
4744007375730800,2186,1822,1927,1919,2112,2097
4744007375848000,2182,1822,1926,1922,2112,2096
4744007375917200,2186,1822,1926,1922,2113,2096
4744007375980400,2186,1823,1922,1920,2112,2095
4744007376373200,2185,1836,1925,1920,2112,2096
4744007376710500,2184,1822,1925,1921,2112,2096
4744007377032000,2183,1822,1926,1921,2112,2096
4744007377343000,2183,1821,1925,1922,2111,2093
4744007377704700,2186,1823,1926,1920,2113,2097
4744007378000300,2183,1823,1932,1919,2112,2097
4744007378269000,2187,1822,1925,1919,2112,2096
4744007378569500,2184,1822,1925,1920,2112,2096
4744007378893900,2185,1823,1925,1921,2112,2098
4744007379033600,2184,1823,1925,1920,2152,2097
4744007379149200,2186,1822,1927,1920,2112,1839
4744007379349100,2185,1823,1925,1920,2112,2096
4744007379464500,2186,1821,1925,1920,2095,2097
4744007379717500,2186,1822,1926,1922,2112,2096
4744007379829700,2185,1823,1926,1919,2111,2095
4744007379911300,2185,1821,1925,1920,2111,2096
4744007380159300,2185,1850,1926,1920,2111,2314
4744007380508500,2185,1674,1925,1920,2144,2097
4744007380633900,2185,1822,1925,1921,2110,2096
4744007381116100,2184,1823,1926,1919,2109,2098
4744007381271900,2184,1822,1923,1920,2113,2097
4744007381446200,2186,1823,1925,1920,2112,2138
4744007381624000,2183,1823,1933,1919,2112,2095
4744007381834300,2186,1821,1925,1922,2112,2098
4744007382162700,2186,1821,1925,1920,2112,2097
4744007382347900,2187,1820,1925,1920,2111,2096
4744007382471900,2186,1821,1925,1919,2112,2150
4744007382611200,2184,1821,1925,1920,2111,2097
4744007382743500,2186,1823,1924,1920,2111,2096
4744007382847600,2186,1822,1925,1920,2114,2099
4744007382980300,2184,1822,1926,1921,2110,2096
4744007383074400,2186,1820,1924,1919,2109,2097
4744007383144400,2186,1822,1926,1920,2145,2098
4744007383209000,2181,1821,1926,1921,2111,2095
4744007383312600,2185,1837,1926,1921,2113,2097
4744007383389000,2184,1822,1924,1920,2109,2097
4744007383531000,2186,1823,1924,1922,2111,2097
4744007383638000,2185,1822,1925,1920,2115,2097
4744007383714400,2184,1824,1925,1920,2112,2097
4744007383778300,2185,1820,1928,1922,2107,2097
4744007383847900,2182,1897,1927,1921,2112,2097
4744007383968500,2236,1822,1924,1921,1857,2094
4744007384080500,2186,1821,1925,1919,2114,2096
4744007384161200,2183,1821,1953,1921,2113,2108
4744007384249200,2186,1822,1924,1920,2112,2098
4744007384357400,2184,1823,1926,1920,2112,2096
4744007384484500,2185,1822,1927,1920,2114,2096
4744007384582800,2184,1822,1931,1919,2113,2098
4744007384655300,2306,1822,1924,1920,2110,2097
4744007384724400,2184,1823,1924,1921,2111,2097
4744007384860700,2186,1822,1925,1922,2111,2095
4744007384959400,2184,1822,1924,1922,2112,2097
4744007385059900,2187,1820,1924,1920,2112,2097
4744007385227300,2184,1821,1925,1919,2112,2096
4744007385326600,2186,1822,1925,1920,2116,2096
4744007385434900,2184,1822,1925,1920,2114,2158
4744007385549800,2184,1823,1923,1921,2261,2099
4744007385672200,2185,1822,1925,1921,2111,2096
4744007385772400,2183,1823,1924,1917,2111,2096
4744007385865000,2186,1823,1927,1921,2108,2097
4744007385966000,2187,1822,1925,1921,2115,2098
4744007386047500,2185,1822,1926,1921,2112,2097
4744007386159400,2186,1822,1925,1920,2112,2096
4744007386240800,2186,1836,1925,1922,2112,2098
4744007386349400,2183,1822,1925,1919,2111,2098
4744007386449600,2182,1821,1926,1921,2112,2098
4744007386539800,2183,1823,1926,1919,2110,2097
4744007386617900,2185,1823,1925,1920,2142,2098
4744007386737000,2186,1823,1930,1922,2110,2098
4744007387131900,2186,1823,1925,1920,2110,2096
4744007387425100,2185,1822,1925,1920,2113,2097
4744007387572100,2187,1823,1926,1920,2112,2099
4744007387726000,2186,1822,1925,1921,2162,2097
4744007387879200,2183,1821,1926,1921,2109,1841
4744007387974700,2185,1823,1926,1920,2110,2097
4744007388059600,2183,1823,1925,1920,2095,2097
4744007911678600,2185,1822,1933,1921,2112,2098
4744007911951600,2185,1821,1924,1920,2114,2099
4744007912214600,2186,1821,1925,1918,2112,2096
4744007912443000,2185,1861,1926,1922,2113,2390
4744007912634000,2184,1672,1924,1920,2147,2097
4744007912846500,2187,1822,1925,1920,2112,2098
4744007913039600,2184,1821,1926,1920,2112,2097
4744007913187100,2184,1822,1926,1920,2166,2097
4744007913352000,2184,1822,1927,1918,2110,2160
4744007913538600,2183,1821,1948,1922,2113,2101
4744007913829400,2184,1821,1925,1921,2112,2098
4744007914184300,2184,1821,1925,1921,2110,2098
4744007914256000,2193,1823,1925,1920,2111,2099
4744007914395700,2187,1822,1925,1921,2110,2174
4744007914469600,2186,1821,1924,1920,2112,2099
4744007914523400,2185,1822,1926,1920,2128,2100
4744007914572400,2184,1822,1925,1923,2112,2100
4744007914621600,2185,1823,1927,1922,2112,2100
4744007914670600,2185,1822,1926,1923,2112,2101
4744007914719300,2186,1825,1925,1921,2143,2101
4744007914768100,2181,1821,1924,1924,2111,2101
4744007915001800,2184,1823,1926,1925,2113,2101
4744007915065900,2185,1821,1925,1924,2112,2102
4744007915126000,2186,1822,1924,1927,2113,2102
4744007915175900,2183,1823,1925,1926,2115,2102
4744007915234600,2187,1822,1925,1927,2112,2102
4744007915285400,2185,1821,1926,1927,2112,2103
4744007915351600,2182,1908,1927,1928,2112,2104
4744007915592400,2238,1822,1925,1928,1856,2103
4744007915654800,2183,1823,1925,1931,2112,2105
4744007915745100,2182,1821,1959,1930,2111,2117
4744007915812100,2183,1820,1924,1930,2110,2103
4744007915879500,2181,1821,1925,1930,2111,2105
4744007915987600,2179,1823,1926,1931,2114,2106
4744007916051900,2182,1822,1933,1929,2110,2105
4744007916118400,2298,1821,1925,1932,2112,2106
4744007916180800,2178,1824,1925,1933,2111,2106
4744007916243000,2181,1822,1926,1936,2111,2103
4744007916654900,2180,1823,1923,1938,2111,2109
4744007916765900,2182,1824,1925,1938,2110,2107
4744007916833600,2180,1822,1924,1940,2110,2108
4744007916898800,2182,1819,1925,1940,2110,2110
4744007917076000,2182,1824,1925,1941,2113,2180
4744007917169200,2181,1821,1925,1943,2261,2113
4744007917282900,2181,1820,1925,1946,2112,2111
4744007917368200,2182,1821,1924,1952,2111,2115
4744007917457100,2181,1821,1926,1949,2112,2115
4744007917524800,2184,1821,1925,1951,2116,2117
4744007917611200,2184,1823,1926,1954,2112,2118
4744007917682300,2185,1823,1924,1955,2090,2118
4744007917802000,2185,1842,1925,1958,2110,2118
4744007917869300,2188,1822,1925,1960,2113,2121
4744007917987600,2190,1821,1926,1961,2111,2121
4744007918153300,2190,1822,1926,1964,2112,2121
4744007918227100,2192,1822,1925,1966,2147,2123
4744007918291100,2198,1823,1933,1970,2110,2124
4744007918369700,2201,1821,1928,1972,2111,2124
4744007918433400,2205,1822,1926,1974,2095,2123
4744007918501400,2209,1823,1926,1978,2112,2127
4744007918569400,2208,1822,1925,1980,2168,2126
4744007918623300,2216,1822,1927,1982,2111,2128
4744007918697300,2219,1822,1926,1989,2111,2128
4744007918752800,2225,1822,1929,1990,2092,2131
4744007919189100,2231,1822,1942,1995,2110,2131
4744007919338800,2234,1821,1933,1999,2111,2134
4744007919451200,2239,1822,1936,2002,2113,2133
4744007919676500,2243,1863,1939,2006,2110,2137
4744007919804600,2249,1674,1935,2008,2155,2137
4744007920045800,2256,1822,1939,2014,2112,2138
4744007920208800,2263,1821,1940,2017,2112,2146
4744007920327400,2265,1822,1943,2020,2111,2142
4744007920530500,2270,1822,1946,2026,2110,2222
4744007920638600,2276,1822,1971,2028,2112,2146
4744007920691400,2282,1822,1950,2030,2112,2146
4744007920800800,2289,1822,1951,2034,2112,2148
4744007921287700,2305,1822,1955,2040,2112,2148
4744007921410900,2297,1822,1959,2044,2112,2248
4744007921746000,2299,1822,1960,2046,2112,2153
4744007922066400,2301,1822,1963,2052,2114,2156
4744007922126800,2304,1822,1966,2055,2114,2159
4744007922398400,2306,1824,1976,2058,2119,2170
4744007922552700,2310,1820,1976,2062,2125,2160
4744007922637600,2312,1822,1978,2065,2195,2164
4744007922693100,2308,1823,1984,2076,2135,2170
4744007923090000,2314,1823,1983,2075,2141,2167
4744007923480700,2314,1821,1984,2077,2141,2213
4744007923670100,2312,1822,1985,2083,2145,2173
4744007923861300,2314,1822,1986,2086,2156,2173
4744007924004100,2315,1822,1985,2091,2155,2174
4744007924219600,2315,1822,1986,2097,2159,2178
4744007924527800,2316,1902,1992,2097,2164,2240
4744007924650400,2354,1822,1996,2104,1910,2183
4744007924764500,2318,1823,2002,2108,2172,2188
4744007925022000,2318,1821,2038,2111,2178,2192
4744007925091700,2318,1822,2010,2116,2182,2193
4744007925290000,2315,1823,2017,2120,2183,2197
4744007925364800,2315,1822,2023,2121,2189,2204
4744007925589700,2315,1822,2031,2125,2191,2207
4744007925662500,2438,1822,2030,2129,2195,2209
4744007926248400,2315,1822,2035,2132,2197,2210
4744007926387400,2317,1822,2040,2136,2200,2212
4744007926614900,2316,1822,2046,2138,2203,2213
4744007926757800,2316,1822,2048,2141,2206,2215
4744007926874200,2317,1822,2051,2145,2206,2217
4744007926967000,2318,1821,2060,2148,2209,2216
4744007927051100,2317,1821,2065,2149,2213,2295
4744007927358600,2316,1820,2067,2152,2112,2220
4744007927581200,2317,1821,2075,2155,2220,2218
4744007927971700,2317,1821,2080,2162,2221,2220
4744007928091200,2319,1820,2087,2161,2224,2222
4744007928274800,2317,1821,2093,2164,2227,2224
4744007928380300,2319,1816,2098,2167,2230,2226
4744007928457700,2320,1819,2100,2168,2235,2226
4744007928512000,2319,1834,2105,2170,2238,2228
4744007928578700,2319,1817,2108,2172,2238,2231
4744007928648000,2322,1817,2115,2173,2241,2232
4744007928706200,2323,1816,2120,2194,2242,2234
4744007928762600,2323,1815,2122,2178,2247,2236
4744007928817500,2326,1818,2141,2182,2246,2238
4744007928877200,2326,1818,2130,2184,2249,2241
4744007928930900,2328,1818,2134,2184,2432,2243
4744007928977900,2327,1816,2140,2185,2256,2245
4744007929199600,2326,1816,2143,2187,2061,2244
4744007929315300,2328,1817,2149,2192,2255,2246
4744007929651400,2327,1816,2154,2195,2257,2252
4744007929750100,2332,1817,2156,2197,2261,2253
4744007930025700,2331,1818,2174,2201,2263,2255
4744007930319100,2332,1817,2161,2203,2266,2258
4744007930406200,2334,1815,2165,2205,2270,2261
4744007930469000,2334,1856,2167,2206,2274,2267
4744007930558100,2338,1667,2170,2208,2063,2267
4744007930772300,2338,1816,2175,2210,2279,2270
4744007930870900,2337,1815,2178,2211,2282,2273
4744007930931100,2339,1816,2182,2218,2341,2279
4744007930987100,2342,1817,2186,2219,2286,2368
4744007931058000,2342,1816,2209,2221,2293,2290
4744007931128800,2343,1816,2189,2224,2293,2291
4744007931195100,2345,1817,2191,2226,2298,2295
4744007931263200,2354,1817,2194,2230,2298,2296
4744007931427100,2350,1817,2199,2232,2300,2122
4744007931503500,2350,1816,2201,2235,2303,2303
4744007931563300,2348,1816,2203,2238,2304,2304
4744007931615800,2351,1816,2205,2240,2306,2306
4744007931678700,2348,1818,2211,2242,2306,2306
4744007931728700,2350,1816,2208,2243,2306,2308
4744007931778900,2349,1816,2214,2245,2377,2308
4744007931831100,2348,1816,2214,2257,2308,2311
4744007931897600,2351,1832,2220,2249,2310,2312
4744007932026900,2347,1816,2219,2251,2309,2283
4744007932137200,2348,1817,2221,2253,2310,2312
4744007932212000,2347,1817,2221,2254,2312,2311
4744007932290600,2348,1820,2225,2255,2312,2312
4744007932524700,2347,1816,2227,2261,2313,2313
4744007932582300,2347,1891,2231,2260,2313,2314
4744007932633200,2394,1816,2232,2262,2058,2314
4744007932735300,2350,1815,2232,2268,2317,2312
4744007932862900,2349,1815,2271,2239,2317,2314
4744007932962700,2347,1817,2240,2272,2317,2314
4744007933236300,2349,1816,2242,2274,2320,2314
4744007933428700,2348,1816,2244,2275,2323,2314
4744007933701000,2349,1816,2253,2279,2321,2315
4744007933823100,2470,1817,2249,2287,2323,2315
4744007933976300,2346,1818,2251,2285,2325,2314
4744007934054000,2345,1817,2254,2287,2326,2311
4744007934165200,2346,1816,2256,2287,2329,2318
4744007934634000,2344,1816,2257,2288,2393,2321
4744007934924700,2344,1816,2260,2292,2328,2321
4744007935199400,2341,1817,2262,2290,2332,2324
4744007935421300,2342,1817,2265,2293,2330,2398
4744007935808300,2342,1816,2267,2297,2483,2325
4744007935908000,2343,1816,2275,2301,2330,2327
4744007936081300,2342,1816,2272,2302,2332,2326
4744007936254100,2339,1818,2275,2305,2332,2327
4744007936347400,2341,1817,2276,2307,2332,2326
4744007936425300,2341,1816,2278,2459,2332,2327
4744007936482800,2339,1817,2277,2309,2420,2329
4744007936553700,2338,1832,2280,2313,2333,2331
4744007936635500,2339,1817,2283,2316,2333,2331
4744007936709800,2336,1815,2279,2318,2334,2331
4744007936925800,2334,1815,2293,2348,2334,2332
4744007936996300,2334,1816,2294,2322,2333,2333
4744007937083100,2335,1815,2312,2328,2335,2334
4744007937155900,2333,1817,2298,2329,2335,2333
4744007937237800,2332,1818,2300,2330,2574,2319
4744007937515800,2331,1816,2303,2334,2339,2335
4744007937594500,2328,1817,2306,2337,2388,2337
4744007937662900,2325,1818,2309,2338,2339,2082
4744007937725200,2324,1816,2312,2342,2339,2342
4744007937793800,2327,1816,2311,2344,2341,2342
4744007937952600,2327,1816,2322,2347,2343,2342
4744007938252100,2323,1817,2317,2346,2345,2346
4744007938356600,2321,1816,2317,2348,2345,2345
4744007938521600,2315,1854,2320,2350,2347,2657
4744007938648200,2316,1668,2319,2349,2386,2349
4744007938789000,2316,1816,2321,2352,2352,2353
4744007938893200,2313,1816,2322,2350,2354,2358
4744007939001400,2310,1817,2321,2352,2359,2356
4744007939088900,2308,1817,2324,2353,2358,2459
4744007939176700,2308,1817,2346,2356,2361,2362
4744007939332700,2303,1816,2325,2356,2361,2364
4744007939447200,2299,1817,2325,2358,2364,2367
4744007939557600,2308,1818,2327,2360,2370,2369
4744007939654200,2296,1817,2329,2360,2373,2433
4744007939919600,2295,1817,2329,2363,2375,2374
4744007939985300,2292,1816,2330,2366,2393,2377
4744007940073300,2293,1818,2332,2366,2381,2379
4744007940145300,2291,1817,2337,2367,2382,2388
4744007940233700,2289,1816,2336,2368,2384,2386
4744007940337000,2287,1815,2336,2370,2412,2390
4744007940422500,2284,1815,2340,2372,2393,2393
4744007940526400,2286,1816,2341,2373,2396,2395
4744007940608700,2281,1816,2341,2375,2398,2370
4744007940673100,2277,1818,2341,2378,2399,2401
4744007940747300,2276,1817,2343,2378,2406,2403
4744007940812400,2276,1816,2345,2379,2406,2407
4744007940871000,2274,1815,2346,2381,2406,2411
4744007940940500,2274,1911,2347,2380,2409,2414
4744007941004400,2326,1815,2344,2382,2156,2415
4744007941092600,2270,1816,2346,2382,2417,2416
4744007941191800,2266,1816,2380,2367,2418,2412
4744007941260700,2266,1817,2346,2382,2420,2418
4744007941339800,2264,1816,2347,2386,2423,2419
4744007941429900,2264,1816,2347,2382,2424,2424
4744007941512200,2263,1816,2353,2382,2427,2426
4744007941578000,2382,1815,2349,2383,2429,2431
4744007941652200,2256,1818,2350,2385,2430,2431
4744007941720900,2256,1817,2349,2385,2436,2432
4744007941811800,2255,1816,2349,2384,2439,2439
4744007941881800,2257,1817,2350,2386,2422,2439
4744007941982200,2255,1816,2350,2387,2438,2442
4744007942068300,2254,1816,2353,2387,2441,2443
4744007942149400,2251,1816,2350,2388,2441,2538
4744007942249000,2252,1817,2352,2390,2342,2447
4744007942400100,2252,1818,2353,2394,2447,2448
4744007942509000,2251,1791,2352,2392,2450,2450
4744007942870600,2250,1816,2356,2393,2450,2452
4744007942967000,2248,1816,2356,2393,2453,2456
4744007943058000,2248,1817,2357,2395,2455,2456
4744007943149000,2250,1816,2356,2393,2458,2456
4744007943246800,2248,1835,2357,2394,2457,2460
4744007943357500,2246,1817,2357,2395,2460,2459
4744007943442300,2247,1815,2419,2394,2461,2460
4744007943546000,2246,1816,2360,2446,2462,2462
4744007943621400,2244,1817,2359,2395,2498,2463
4744007943690100,2246,1817,2377,2399,2465,2464
4744007943762600,2242,1819,2364,2399,2465,2463
4744007943828700,2243,1818,2363,2400,2466,2466
4744007943909400,2245,1816,2363,2401,2468,2466
4744007944075600,2241,1817,2363,2402,2527,2467
4744007944210000,2244,1816,2366,2403,2470,2467
4744007944337900,2243,1817,2366,2403,2470,2469
4744007944609700,2244,1815,2367,2402,2472,2469
4744007944700600,2241,1817,2384,2405,2470,2469
4744007944815700,2244,1817,2369,2404,2474,2470
4744007944919200,2243,1815,2369,2406,2471,2467
4744007945020700,2241,1861,2370,2405,2472,2470
4744007945092900,2243,1668,2370,2405,2510,2470
4744007945181600,2241,1817,2371,2406,2473,2469
4744007945265400,2243,1817,2370,2406,2471,2470
4744007945378700,2243,1816,2370,2406,2550,2471
4744007945457400,2242,1817,2372,2407,2472,2588
4744007945527300,2242,1818,2400,2411,2472,2469
4744007945621500,2240,1815,2372,2409,2475,2470
4744007945729200,2242,1816,2373,2410,2473,2473
4744007945799900,2253,1817,2372,2411,2474,2471
4744007945866000,2240,1818,2374,2411,2473,2322
4744007945931100,2240,1815,2376,2412,2473,2470
4744007946006700,2239,1816,2374,2414,2493,2473
4744007946078600,2240,1816,2374,2414,2476,2473
4744007946140900,2240,1817,2379,2413,2473,2486
4744007946206700,2238,1816,2376,2414,2473,2472
4744007946280600,2241,1816,2376,2416,2506,2475
4744007946344800,2234,1817,2376,2416,2477,2473
4744007946539600,2240,1817,2376,2416,2476,2474
4744007946622200,2237,1816,2377,2417,2475,2544
4744007946749600,2235,1816,2376,2416,2476,2473
4744007946811500,2239,1815,2377,2416,2484,2475
4744007946894400,2239,1815,2378,2417,2479,2474
4744007946967000,2239,1816,2379,2417,2477,2474
4744007947027600,2237,1918,2378,2418,2478,2474
4744007947090900,2296,1814,2380,2418,2478,2475
4744007947177900,2239,1815,2379,2421,2482,2475
4744007947275700,2236,1815,2417,2367,2480,2472
4744008479271800,2238,1816,2381,2421,2478,2475
4744008479546400,2237,1815,2380,2419,2481,2475
4744008479724100,2238,1816,2383,2420,2480,2477
4744008479864600,2239,1815,2387,2422,2480,2476
4744008479961100,2357,1815,2382,2422,2737,2476
4744008480196300,2234,1816,2384,2422,2481,2476
4744008480570400,2236,1818,2383,2422,2480,2475
4744008480668900,2238,1816,2382,2422,2481,2477
4744008480957600,2238,1817,2383,2420,2464,2477
4744008481241600,2236,1816,2384,2424,2476,2478
4744008481485500,2238,1816,2385,2422,2484,2479
4744008481577500,2237,1818,2385,2423,2480,2570
4744008481922700,2236,1816,2384,2424,2378,2479
4744008482243400,2237,1818,2385,2425,2483,2478
4744008482319600,2234,1791,2384,2429,2480,2478
4744008482378400,2234,1815,2388,2427,2483,2478
4744008482692900,2234,1817,2388,2429,2480,2477
4744008482757500,2234,1816,2388,2275,2483,2479
4744008482803000,2234,1818,2387,2426,2465,2477
4744008482985300,2235,1837,2386,2429,2485,2478
4744008483063100,2237,1815,2386,2428,2486,2477
4744008483126100,2236,1815,2376,2429,2485,2477
4744008483678800,2237,1815,2387,2454,2483,2480
4744008483773000,2236,1817,2388,2429,2485,2479
4744008483816900,2235,1816,2402,2429,2485,2480
4744008483912900,2234,1816,2390,2431,2485,2480
4744008483981800,2236,1817,2389,2427,2778,2479
4744008484247600,2235,1817,2389,2430,2487,2482
4744008484358800,2235,1817,2389,2430,2546,2480
4744008484506500,2234,1816,2367,2428,2487,2479
4744008484638700,2235,1815,2389,2430,2488,2478
4744008484902400,2232,1817,2389,2432,2470,2479
4744008485481300,2236,1815,2408,2430,2488,2480
4744008485865800,2235,1816,2391,2429,2488,2480
4744008486053100,2236,1815,2389,2432,2489,2480
4744008486160000,2233,1861,2391,2432,2488,2482
4744008486241800,2233,1666,2390,2432,2531,2481
4744008486355400,2235,1814,2391,2432,2488,2480
4744008486434100,2233,1816,2390,2430,2488,2484
4744008486486800,2235,1815,2389,2432,2487,2480
4744008486608300,2233,1816,2392,2430,2486,2597
4744008486736400,2233,1817,2421,2431,2488,2480
4744008486954400,2235,1816,2390,2431,2488,2480
4744008487279200,2234,1816,2391,2432,2488,2482
4744008487501300,2246,1817,2390,2432,2487,2481
4744008487609400,2232,1818,2391,2431,2487,2333
4744008487708600,2234,1816,2392,2432,2487,2480
4744008487786200,2234,1816,2391,2433,2488,2481
4744008487888100,2234,1816,2389,2432,2488,2481
4744008488129400,2234,1817,2397,2433,2488,2480
4744008488205000,2233,1815,2390,2433,2489,2480
4744008488291600,2233,1815,2391,2433,2535,2481
4744008488363500,2229,1818,2392,2433,2487,2481
4744008488421600,2233,1842,2392,2432,2490,2481
4744008488501500,2231,1814,2391,2433,2488,2556
4744008488585500,2233,1817,2389,2435,2490,2481
4744008488690900,2231,1816,2391,2436,2493,2481
4744008488804300,2232,1816,2391,2434,2488,2480
4744008488901200,2232,1816,2391,2435,2490,2482
4744008489044100,2230,1911,2393,2436,2488,2481
4744008489130500,2286,1816,2389,2436,2488,2482
4744008489238200,2233,1815,2391,2438,2490,2480
4744008489916600,2230,1815,2431,2437,2487,2478
4744008490081900,2234,1817,2391,2438,2489,2482
4744008490191100,2231,1817,2390,2437,2489,2480
4744008490266900,2233,1816,2392,2438,2488,2482
4744008490556800,2230,1815,2398,2440,2487,2480
4744008490922400,2352,1816,2391,2440,2745,2479
4744008491090300,2230,1815,2397,2440,2489,2481
4744008491256700,2232,1816,2393,2441,2489,2480
4744008491381300,2233,1817,2392,2440,2490,2482
4744008491557900,2232,1817,2392,2441,2489,2479
4744008491653500,2230,1816,2394,2441,2487,2483
4744008491742200,2231,1816,2394,2442,2491,2483
4744008491808400,2232,1816,2393,2444,2488,2570
4744008492011000,2231,1816,2393,2444,2388,2481
4744008492168500,2231,1816,2396,2445,2489,2482
4744008492280600,2230,1817,2396,2448,2489,2481
4744008492385000,2232,1816,2397,2449,2490,2482
4744008492479900,2229,1817,2396,2449,2490,2481
4744008492967200,2232,1816,2398,2296,2491,2482
4744008493036800,2231,1816,2397,2450,2469,2481
4744008493091100,2233,1834,2395,2453,2490,2482
4744008493156300,2229,1815,2396,2454,2490,2482
4744008493213400,2231,1816,2383,2455,2492,2482
4744008493286100,2231,1816,2398,2519,2490,2482
4744008493452100,2230,1816,2397,2457,2526,2484
4744008493505500,2230,1817,2414,2462,2490,2482
4744008493594300,2231,1815,2398,2460,2491,2481
4744008493739600,2228,1816,2398,2461,2492,2479
4744008493896400,2227,1817,2399,2462,2492,2483
4744008493972200,2228,1818,2398,2462,2551,2481
4744008494054700,2229,1816,2367,2462,2494,2484
4744008494128200,2226,1816,2400,2465,2492,2482
4744008494188500,2228,1817,2399,2464,2494,2483
4744008494251400,2228,1817,2418,2467,2493,2482
4744008494324600,2225,1817,2399,2466,2494,2483
4744008494381100,2224,1817,2400,2468,2494,2481
4744008494453900,2224,1863,2401,2468,2494,2484
4744008494519200,2226,1668,2401,2468,2537,2481
4744008494575300,2224,1816,2401,2468,2494,2481
4744008494655800,2223,1817,2401,2468,2496,2480
4744008494846700,2225,1817,2400,2468,2493,2481
4744008494916900,2224,1817,2401,2469,2494,2600
4744008495096000,2226,1818,2429,2471,2494,2486
4744008495243400,2226,1814,2400,2471,2494,2481
4744008495434300,2225,1815,2401,2469,2494,2482
4744008495547600,2238,1818,2400,2470,2494,2482
4744008495691200,2225,1816,2401,2471,2491,2340
4744008495753500,2226,1815,2401,2470,2496,2481
4744008495826100,2223,1817,2402,2472,2516,2482
4744008495901000,2223,1817,2401,2471,2496,2481
4744008495967200,2223,1817,2407,2470,2493,2482
4744008496261400,2224,1816,2402,2469,2492,2481
4744008496382900,2222,1817,2402,2472,2546,2483
4744008496523700,2221,1816,2401,2471,2750,2481
4744008496886500,2223,1840,2403,2470,2496,2482
4744008497029800,2223,1816,2402,2470,2494,2483
4744008497113600,2224,1817,2401,2470,2495,2481
4744008497224900,2223,1817,2402,2470,2500,2483
4744008497309400,2222,1816,2401,2471,2496,2482
4744008497574300,2223,1816,2402,2471,2491,2482
4744008497783000,2221,1917,2403,2470,2497,2481
4744008497861100,2288,1816,2401,2470,2497,2483
4744008497940200,2221,1815,2402,2473,2498,2482
4744008498014100,2222,1817,2442,2471,2497,2493
4744008498081300,2224,1816,2402,2472,2495,2482
4744008498147700,2223,1816,2402,2470,2497,2481
4744008498214700,2221,1817,2403,2470,2496,2483
4744008498287600,2221,1817,2408,2471,2495,2482
4744008498344100,2344,1816,2403,2474,2753,2482
4744008498408300,2220,1816,2402,2472,2495,2480
4744008498477300,2221,1817,2403,2471,2495,2481
4744008498605100,2222,1817,2403,2470,2496,2482
4744008498697100,2221,1815,2402,2470,2493,2483
4744008498761300,2224,1817,2402,2470,2494,2481
4744008498820800,2224,1816,2403,2470,2498,2483
4744008498887700,2222,1817,2402,2469,2496,2569
4744008498945400,2224,1818,2401,2470,2394,2483
4744008498998400,2223,1816,2408,2471,2495,2482
4744008499064600,2223,1816,2402,2472,2495,2481
4744008499142700,2224,1816,2403,2469,2496,2481
4744008499205600,2221,1815,2404,2471,2496,2482
4744008499262700,2223,1816,2404,2626,2495,2481
4744008499317300,2223,1817,2402,2470,2495,2481
4744008499378200,2222,1836,2402,2470,2495,2482
4744008499431700,2221,1816,2400,2472,2497,2481
4744008499497000,2224,1814,2387,2472,2496,2482
4744008500019100,2223,1816,2403,2520,2495,2482
4744008500086000,2221,1816,2402,2470,2495,2483
4744008500155800,2222,1816,2417,2471,2494,2481
4744008500216700,2222,1817,2404,2472,2496,2481
4744008500497800,2221,1819,2402,2470,2488,2479
4744008500590100,2224,1818,2402,2471,2495,2485
4744008500762500,2220,1818,2402,2472,2553,2482
4744008500870700,2221,1816,2367,2470,2494,2482
4744008501251500,2220,1816,2403,2471,2496,2481
4744008501406000,2224,1818,2403,2470,2495,2482
4744008501532100,2221,1815,2422,2471,2496,2481
4744008501837100,2222,1816,2403,2470,2495,2483
4744008502177600,2220,1815,2401,2472,2496,2481
4744008502404600,2223,1863,2403,2472,2495,2839
4744008502626200,2222,1670,2403,2471,2540,2482
4744008503235800,2222,1815,2403,2471,2496,2482
4744008503575300,2222,1815,2403,2471,2495,2482
4744008503865900,2221,1816,2402,2472,2580,2482
4744008504244600,2223,1817,2404,2471,2496,2621
4744008504572100,2223,1816,2434,2471,2495,2488
4744008504658000,2221,1817,2402,2472,2495,2481
4744008504989600,2222,1816,2401,2472,2494,2482
4744008505138200,2239,1816,2402,2472,2495,2483
4744008505350100,2222,1816,2401,2472,2496,2336
4744008505702100,2222,1816,2402,2471,2495,2482
4744008505936800,2221,1817,2402,2472,2517,2482
4744008506285400,2222,1817,2401,2471,2496,2483
4744008506425600,2220,1817,2406,2471,2494,2482
4744008506557900,2221,1816,2402,2470,2494,2482
4744008506648800,2222,1815,2401,2473,2553,2483
4744008506742600,2220,1815,2403,2472,2753,2481
4744008506825600,2222,1817,2403,2472,2496,2482
4744008507376400,2220,1816,2402,2471,2495,2482
4744008507532900,2221,1818,2401,2471,2495,2482
4744008507669100,2221,1816,2403,2470,2500,2481
4744008508005500,2224,1815,2404,2471,2497,2481
4744008508163400,2223,1817,2403,2472,2496,2482
4744008508276000,2222,1925,2404,2472,2496,2482
4744008508379400,2286,1815,2403,2470,2494,2483
4744008508531600,2222,1817,2403,2473,2497,2482
4744008508674600,2223,1816,2445,2471,2495,2493
4744008508834000,2224,1817,2402,2472,2498,2483
4744008509245700,2221,1817,2403,2472,2497,2481
4744008509610500,2222,1816,2404,2471,2498,2483
4744008509748100,2221,1816,2410,2471,2495,2482
4744008509856300,2341,1815,2403,2479,2753,2481
4744008509941100,2220,1816,2404,2472,2495,2482
4744008510015600,2222,1815,2403,2472,2498,2482
4744008510126300,2222,1815,2403,2470,2496,2483
4744008510447900,2223,1817,2403,2470,2494,2481
4744008510565900,2221,1816,2402,2471,2494,2481
4744008510646300,2221,1815,2404,2472,2498,2487
4744008510758900,2220,1818,2402,2472,2496,2580
4744008510921800,2221,1816,2401,2470,2394,2483
4744008511107500,2221,1816,2414,2472,2495,2482
4744008511251000,2223,1816,2402,2472,2496,2481
4744008511383900,2222,1817,2407,2473,2496,2482
4744008511495100,2224,1817,2403,2471,2494,2482
4744008511640000,2222,1816,2404,2624,2496,2483
4744008511787300,2222,1817,2402,2471,2496,2483
4744008511919300,2221,1837,2402,2472,2496,2483
4744008512056900,2223,1819,2402,2472,2497,2483
4744008512200200,2224,1816,2387,2472,2496,2482
4744008512300400,2222,1815,2404,2495,2496,2481
4744008512430700,2223,1816,2402,2470,2495,2483
4744008512527400,2221,1817,2420,2472,2496,2482
4744008512645500,2223,1815,2402,2471,2495,2482
4744008512733700,2221,1817,2402,2470,2490,2479
4744008512817600,2221,1816,2403,2472,2496,2485
4744008512893400,2220,1816,2403,2472,2312,2479
4744008513018300,2221,1816,2367,2469,2496,2483
4744008513106900,2221,1817,2404,2472,2496,2482
4744008513183400,2222,1817,2403,2471,2495,2484
4744008513294300,2222,1816,2419,2472,2494,2483
4744008513374900,2221,1816,2403,2472,2497,2484
4744008513445200,2220,1815,2401,2472,2495,2483
4744008513554500,2221,1862,2404,2472,2496,2483
4744008513695900,2220,1670,2403,2471,2542,2484
4744008513813300,2222,1816,2403,2472,2495,2482
4744008513900000,2223,1816,2404,2470,2497,2484
4744008513977100,2220,1818,2403,2472,2497,2484
4744008514127800,2223,1816,2404,2470,2496,2597
4744008514227500,2221,1818,2431,2473,2496,2489
4744008514308300,2221,1817,2402,2471,2497,2484
4744008514405700,2220,1816,2403,2472,2496,2484
4744008514703700,2233,1815,2403,2471,2496,2484
4744008514856200,2224,1816,2404,2471,2496,2328
4744008515032600,2221,1815,2403,2472,2497,2482
4744008515182000,2223,1816,2403,2472,2495,2484
4744008515330300,2221,1815,2404,2472,2498,2484
4744008515517800,2223,1818,2403,2471,2496,2483
4744008515692800,2220,1817,2404,2471,2497,2484
4744008515813500,2220,1816,2404,2471,2536,2484
4744008515992100,2222,1815,2402,2472,2755,2483
4744008516347600,2221,1837,2404,2472,2500,2483
4744008516700400,2222,1817,2403,2470,2498,2485
4744008516848600,2223,1816,2403,2472,2498,2483
4744008517001400,2221,1815,2404,2472,2504,2485
4744008517130400,2221,1818,2404,2471,2497,2485
4744008517218500,2221,1817,2403,2472,2497,2486
4744008517321500,2221,1910,2404,2470,2500,2542
4744008517453800,2282,1817,2402,2471,2501,2486
4744008517541300,2223,1816,2403,2471,2500,2486
4744008517620300,2222,1816,2440,2471,2501,2496
4744008517692300,2223,1816,2403,2472,2499,2485
4744008517806800,2221,1817,2403,2472,2500,2485
4744008517915500,2222,1816,2405,2470,2499,2487
4744008518000600,2221,1816,2410,2471,2499,2486
4744008518077700,2342,1815,2404,2476,2756,2485
4744008518184900,2221,1818,2404,2470,2499,2486
4744008518287400,2222,1816,2405,2471,2499,2485
4744008518394100,2221,1818,2404,2470,2499,2488
4744008518463800,2223,1817,2403,2470,2500,2486
4744008518584000,2221,1817,2403,2470,2500,2485
4744008518665700,2224,1816,2403,2470,2504,2487
4744008518782600,2224,1815,2403,2471,2499,2579
4744008518902200,2222,1816,2402,2470,2398,2487
4744008518981800,2218,1816,2414,2472,2501,2486
4744008519071100,2221,1815,2404,2471,2501,2483
4744008519196100,2220,1816,2405,2469,2502,2488
4744008519329200,2222,1816,2403,2471,2502,2485
4744008519412500,2221,1818,2403,2623,2501,2486
4744008519487800,2221,1818,2404,2470,2500,2485
4744008519551700,2223,1836,2403,2470,2502,2486
4744008519695500,2224,1816,2401,2472,2501,2486
4744008519847500,2222,1817,2387,2469,2501,2485
4744008520022700,2221,1815,2404,2490,2500,2485
4744008520358700,2220,1815,2403,2469,2540,2487
4744008520704200,2220,1817,2420,2471,2500,2486
4744008521190400,2223,1817,2404,2470,2501,2486
4744008521333600,2221,1818,2403,2469,2494,2479
4744008521469000,2222,1817,2403,2470,2502,2489
4744008521591000,2222,1816,2403,2472,2306,2485
4744008521737300,2220,1817,2367,2470,2501,2486
4744008521866600,2221,1815,2403,2471,2500,2485
4744008522078700,2221,1819,2403,2469,2502,2487
4744009048246200,2221,1817,2421,2471,2502,2487
4744009048642000,2220,1816,2404,2470,2501,2487
4744009049051600,2223,1818,2404,2470,2502,2485
4744009049477500,2221,1858,2404,2469,2503,2852
4744009049880000,2220,1667,2402,2470,2549,2485
4744009050211200,2222,1815,2403,2470,2502,2486
4744009050687600,2220,1817,2403,2470,2501,2485
4744009051122100,2223,1817,2402,2470,2585,2486
4744009051358100,2222,1817,2403,2471,2500,2610
4744009051580200,2220,1817,2432,2472,2502,2491
4744009051977900,2223,1815,2402,2470,2503,2486
4744009052638300,2224,1815,2403,2470,2502,2488
4744009053004500,2237,1818,2402,2470,2503,2485
4744009053869800,2222,1817,2404,2469,2501,2336
4744009054000200,2223,1815,2403,2471,2502,2486
4744009054082900,2222,1818,2403,2473,2502,2486
4744009054146000,2220,1815,2403,2471,2502,2487
4744009054464400,2220,1817,2408,2472,2501,2486
4744009054713000,2220,1816,2404,2470,2501,2487
4744009055081600,2220,1816,2404,2471,2547,2487
4744009055358700,2218,1815,2404,2471,2503,2486
4744009055489600,2222,1817,2404,2470,2504,2486
4744009055576700,2222,1816,2403,2471,2503,2487
4744009055647100,2220,1817,2404,2472,2502,2486
4744009055769100,2224,1816,2404,2472,2506,2486
4744009055863500,2220,1817,2404,2470,2502,2486
4744009055930300,2222,1816,2404,2471,2499,2486
4744009056067300,2223,1902,2403,2472,2504,2488
4744009056197100,2276,1816,2403,2472,2501,2486
4744009056297200,2220,1817,2403,2472,2503,2486
4744009056521000,2220,1817,2444,2471,2502,2495
4744009056749500,2223,1816,2399,2471,2503,2485
4744009056884800,2222,1817,2403,2471,2503,2487
4744009056959600,2220,1814,2405,2469,2506,2487
4744009057015300,2223,1818,2410,2471,2503,2486
4744009057105800,2343,1816,2404,2473,2760,2486
4744009057437100,2220,1816,2404,2472,2501,2486
4744009057756400,2222,1817,2403,2472,2504,2485
4744009057964400,2222,1815,2404,2470,2504,2488
4744009058126900,2221,1817,2403,2470,2504,2487
4744009058239700,2223,1816,2403,2471,2500,2486
4744009058583600,2222,1811,2403,2470,2506,2486
4744009058658600,2223,1816,2403,2469,2502,2576
4744009058744600,2221,1816,2402,2470,2401,2487
4744009058951100,2223,1816,2409,2471,2503,2485
4744009059053300,2223,1817,2404,2472,2501,2483
4744009059129800,2222,1817,2405,2469,2502,2487
4744009059220400,2222,1816,2404,2471,2503,2486
4744009059277700,2222,1817,2405,2627,2502,2487
4744009059328000,2221,1816,2403,2470,2502,2486
4744009059389900,2221,1837,2404,2472,2502,2487
4744009059754300,2224,1816,2402,2470,2503,2487
4744009059873700,2220,1816,2387,2472,2502,2486
4744009060174400,2222,1820,2405,2472,2501,2485
4744009060353600,2221,1816,2403,2469,2538,2485
4744009060543900,2223,1817,2421,2471,2502,2486
4744009060769700,2222,1818,2404,2471,2504,2485
4744009061132400,2223,1817,2402,2469,2494,2479
4744009061427400,2223,1818,2404,2470,2501,2489
4744009061536200,2222,1817,2403,2471,2306,2486
4744009061637800,2224,1817,2367,2470,2503,2486
4744009061698700,2223,1816,2404,2470,2500,2485
4744009061764600,2221,1818,2403,2470,2502,2487
4744009061817200,2221,1816,2418,2471,2502,2487
4744009062109500,2222,1817,2404,2470,2501,2487
4744009062450900,2222,1817,2404,2471,2504,2485
4744009062869300,2220,1865,2404,2470,2504,2487
4744009062970500,2224,1669,2404,2472,2546,2486
4744009063084300,2220,1816,2404,2471,2504,2486
4744009063189800,2222,1815,2404,2470,2502,2487
4744009063499800,2222,1816,2403,2472,2503,2487
4744009064119400,2221,1817,2404,2470,2502,2612
4744009064430900,2222,1816,2433,2471,2502,2491
4744009064564500,2223,1816,2403,2472,2504,2485
4744009064674100,2221,1813,2403,2471,2502,2487
4744009065015700,2236,1816,2402,2471,2503,2487
4744009065298200,2223,1817,2405,2471,2502,2337
4744009065520900,2221,1817,2403,2470,2502,2488
4744009065750000,2221,1816,2404,2471,2502,2487
4744009065879400,2220,1817,2404,2469,2504,2486
4744009065962100,2220,1816,2406,2470,2501,2485
4744009066028500,2223,1814,2404,2471,2501,2486
4744009066106300,2222,1818,2404,2471,2550,2487
4744009066222000,2218,1817,2406,2472,2759,2486
4744009066318700,2221,1843,2405,2470,2503,2487
4744009066617200,2221,1817,2403,2470,2502,2488
4744009066849100,2222,1816,2403,2472,2501,2486
4744009067176300,2220,1817,2403,2470,2508,2487
4744009067331200,2220,1817,2404,2469,2502,2487
4744009067458200,2223,1816,2405,2471,2504,2487
4744009067783100,2220,1921,2405,2470,2504,2486
4744009067907800,2286,1816,2404,2471,2502,2487
4744009068009000,2221,1815,2404,2474,2504,2486
4744009068106300,2222,1816,2446,2471,2504,2496
4744009068384700,2222,1816,2402,2471,2504,2486
4744009068520700,2221,1817,2404,2471,2503,2485
4744009068690100,2220,1816,2405,2472,2505,2486
4744009068974900,2221,1817,2411,2470,2502,2486
4744009069318400,2343,1816,2403,2473,2760,2487
4744009069446100,2220,1816,2405,2471,2503,2486
4744009069577900,2221,1818,2403,2472,2503,2485
4744009069898200,2222,1817,2404,2470,2504,2490
4744009070020300,2220,1817,2404,2471,2503,2487
4744009070123300,2221,1817,2402,2471,2500,2486
4744009070280000,2222,1816,2404,2470,2506,2486
4744009070378100,2220,1816,2404,2470,2502,2578
4744009070449200,2220,1817,2403,2470,2401,2488
4744009070586400,2221,1817,2413,2471,2501,2487
4744009070931900,2222,1817,2404,2472,2502,2483
4744009071049900,2221,1818,2405,2472,2501,2487
4744009071174200,2223,1815,2404,2471,2502,2486
4744009071285500,2222,1817,2405,2628,2503,2487
4744009071408700,2222,1818,2403,2470,2504,2485
4744009071663900,2221,1836,2403,2472,2503,2487
4744009071778900,2221,1817,2402,2471,2503,2487
4744009072131300,2221,1816,2386,2471,2502,2485
4744009072274100,2221,1816,2404,2530,2502,2484
4744009072427100,2222,1817,2403,2470,2538,2487
4744009072516700,2220,1817,2420,2471,2502,2488
4744009072832200,2220,1815,2405,2470,2505,2485
4744009073074500,2223,1817,2404,2470,2494,2479
4744009073196500,2221,1819,2403,2470,2503,2489
4744009073353600,2222,1816,2403,2470,2306,2485
4744009073523600,2221,1816,2367,2471,2502,2486
4744009073684100,2219,1818,2404,2471,2504,2484
4744009073825400,2220,1816,2404,2470,2503,2487
4744009073935000,2220,1816,2418,2472,2498,2487
4744009074181100,2222,1816,2404,2469,2502,2487
4744009074329600,2222,1817,2404,2470,2503,2485
4744009074630900,2222,1862,2405,2470,2502,2487
4744009074722800,2222,1669,2404,2470,2546,2485
4744009074953200,2223,1816,2404,2470,2503,2486
4744009075085000,2219,1816,2403,2470,2502,2485
4744009075182700,2221,1817,2404,2470,2502,2485
4744009075267600,2221,1816,2404,2469,2502,2605
4744009075333800,2220,1815,2432,2471,2503,2490
4744009075415500,2221,1817,2404,2471,2505,2486
4744009075486500,2220,1817,2404,2471,2500,2485
4744009075649900,2236,1816,2402,2472,2503,2485
4744009075755200,2222,1818,2404,2470,2502,2346
4744009075831800,2222,1816,2403,2470,2503,2486
4744009075932000,2222,1816,2403,2472,2504,2485
4744009076033600,2222,1815,2403,2471,2502,2486
4744009076121500,2221,1817,2408,2470,2501,2485
4744009076195900,2221,1816,2405,2471,2500,2485
4744009076276600,2220,1815,2403,2472,2556,2486
4744009076343800,2218,1815,2404,2470,2759,2485
4744009076470600,2222,1816,2405,2470,2504,2485
4744009076605100,2221,1817,2403,2470,2502,2487
4744009076694900,2221,1816,2404,2471,2502,2485
4744009076771200,2222,1817,2404,2470,2508,2483
4744009076924000,2221,1818,2404,2470,2502,2486
4744009077059100,2222,1816,2403,2471,2499,2486
4744009077206000,2220,1925,2405,2470,2504,2486
4744009077331800,2287,1816,2404,2470,2501,2486
4744009077614600,2221,1816,2405,2472,2507,2486
4744009077752200,2221,1816,2449,2471,2504,2498
4744009077879700,2220,1816,2402,2472,2503,2486
4744009077962800,2220,1817,2403,2472,2505,2485
4744009078102400,2220,1816,2405,2471,2506,2486
4744009078216800,2222,1816,2410,2471,2501,2485
4744009078342900,2340,1816,2404,2476,2759,2485
4744009078585900,2220,1815,2405,2471,2501,2484
4744009078731800,2219,1817,2405,2472,2502,2484
4744009078826300,2223,1816,2403,2470,2503,2486
4744009078940000,2222,1817,2404,2470,2504,2485
4744009079251500,2220,1816,2402,2470,2501,2485
4744009079381600,2221,1816,2404,2470,2506,2485
4744009079508100,2223,1817,2404,2469,2502,2583
4744009079593600,2221,1815,2402,2472,2401,2486
4744009079663800,2221,1816,2412,2471,2504,2487
4744009079730200,2222,1816,2404,2472,2501,2483
4744009079807600,2221,1817,2407,2471,2502,2484
4744009079882300,2220,1817,2405,2471,2503,2483
4744009079959200,2223,1816,2406,2625,2503,2485
4744009080025300,2221,1817,2403,2470,2502,2483
4744009080089200,2223,1837,2404,2470,2503,2484
4744009080158300,2223,1816,2403,2471,2502,2485
4744009080254600,2221,1816,2391,2470,2503,2484
4744009080330100,2222,1817,2404,2580,2503,2483
4744009080467700,2219,1817,2403,2469,2538,2485
4744009080570500,2222,1817,2421,2473,2503,2483
4744009080651800,2223,1816,2405,2471,2504,2483
4744009080730500,2221,1815,2403,2469,2495,2479
4744009080809700,2222,1818,2404,2471,2502,2486
4744009080887800,2222,1817,2405,2472,2310,2483
4744009081013800,2220,1817,2367,2470,2503,2483
4744009081132300,2220,1817,2405,2471,2502,2483
4744009081256900,2222,1816,2404,2470,2503,2485
4744009081356700,2221,1817,2423,2470,2502,2483
4744009081435500,2222,1816,2403,2470,2501,2484
4744009081575800,2219,1818,2405,2471,2503,2481
4744009081687000,2221,1866,2405,2469,2504,2485
4744009081781700,2222,1668,2404,2470,2552,2484
4744009081872300,2219,1817,2405,2471,2503,2484
4744009082002200,2222,1816,2403,2471,2503,2483
4744009082098200,2221,1817,2403,2472,2503,2485
4744009082166200,2221,1816,2404,2469,2501,2627
4744009082238200,2222,1817,2433,2473,2503,2490
4744009082307400,2222,1816,2403,2471,2503,2482
4744009082406100,2221,1816,2403,2472,2503,2485
4744009082493100,2236,1817,2402,2471,2507,2484
4744009082591100,2224,1816,2404,2471,2502,2350
4744009082724200,2223,1816,2403,2470,2503,2484
4744009082805500,2221,1817,2404,2470,2502,2484
4744009082885300,2219,1817,2403,2471,2502,2483
4744009083012700,2222,1816,2407,2471,2502,2484
4744009083106800,2219,1815,2405,2470,2501,2484
4744009083323600,2220,1816,2404,2472,2556,2485
4744009083449500,2219,1816,2404,2472,2757,2482
4744009083574400,2223,1842,2405,2470,2504,2485
4744009083723900,2220,1816,2405,2470,2503,2483
4744009083860800,2223,1816,2403,2472,2502,2483
4744009083991200,2221,1816,2404,2470,2508,2484
4744009084103600,2220,1817,2405,2470,2504,2484
4744009084425900,2223,1816,2405,2471,2499,2483
4744009084713100,2222,1928,2405,2472,2502,2484
4744009084844900,2286,1818,2402,2471,2502,2484
4744009084968900,2221,1817,2403,2474,2505,2483
4744009085063800,2223,1816,2448,2471,2504,2494
4744009085178200,2221,1816,2403,2472,2503,2483
4744009085332200,2220,1817,2403,2472,2503,2481
4744009085503400,2220,1817,2404,2470,2504,2484
4744009085621900,2222,1817,2412,2470,2501,2482
4744009085765500,2343,1816,2404,2475,2761,2483
4744009085879900,2221,1817,2405,2472,2502,2482
4744009085990200,2221,1817,2405,2471,2503,2482
4744009086067900,2221,1817,2404,2470,2504,2485
4744009086191000,2221,1816,2403,2470,2503,2483
4744009086291700,2222,1816,2402,2472,2503,2484
4744009086368300,2220,1816,2405,2471,2501,2482
4744009086451600,2222,1818,2404,2472,2501,2576
4744009086520200,2221,1816,2402,2470,2403,2484
4744009086585900,2222,1816,2412,2471,2501,2482
4744009086771300,2221,1817,2404,2473,2503,2483
4744009086848000,2220,1817,2406,2473,2503,2483
4744009086912700,2220,1816,2406,2471,2504,2482
4744009087014300,2221,1817,2405,2628,2502,2482
4744009087102400,2221,1817,2403,2470,2503,2481
4744009087224200,2220,1838,2403,2473,2504,2484
4744009087297700,2221,1817,2403,2470,2504,2482
4744009087432100,2224,1816,2390,2471,2502,2481
4744009087545100,2222,1817,2404,2580,2502,2481
4744009087632100,2221,1817,2403,2469,2540,2483
4744009087716900,2220,1818,2422,2472,2502,2483
4744009087842400,2222,1817,2405,2470,2503,2482
4744009087932400,2222,1817,2403,2472,2721,2479
4744009088004900,2220,1817,2404,2470,2501,2484
4744009088178900,2222,1816,2403,2472,2314,2479
4744009088264200,2222,1816,2367,2471,2501,2482
4744009088608100,2222,1817,2405,2470,2502,2480
4744009088723300,2222,1817,2404,2470,2504,2481
4744009088846400,2221,1816,2419,2472,2503,2482
4744009088972700,2224,1816,2405,2470,2502,2483
4744009089103000,2222,1815,2404,2472,2502,2481
4744009089250800,2221,1864,2405,2470,2503,2875
4744009089380200,2220,1667,2405,2472,2554,2481
4744009089475900,2223,1816,2406,2472,2502,2482
4744009089583700,2222,1816,2404,2471,2503,2482
4744009089693900,2221,1817,2404,2470,2503,2482
4744009089781600,2222,1817,2405,2470,2502,2609
4744009089877300,2220,1817,2433,2472,2501,2488
4744009089972900,2220,1816,2404,2472,2503,2481
4744009090055200,2222,1817,2404,2470,2502,2482
4744009090218400,2236,1816,2404,2471,2501,2482
4744009090328600,2225,1817,2404,2469,2500,2339
4744009090476100,2221,1817,2403,2472,2503,2482
4744009090607800,2223,1816,2403,2472,2503,2481
4744009090724500,2220,1817,2403,2472,2504,2482
4744009090851900,2221,1817,2404,2471,2500,2481
4744009090939400,2219,1817,2404,2471,2501,2482
4744009091037200,2221,1815,2404,2472,2556,2482
4744009091124300,2220,1817,2403,2472,2759,2481
4744009091204700,2222,1819,2404,2472,2505,2480
4744009091301300,2219,1817,2404,2472,2501,2482
4744009091384000,2221,1815,2404,2472,2504,2480
4744009091471700,2222,1817,2404,2472,2508,2482
4744009091548200,2223,1816,2405,2472,2503,2480
4744009091690900,2222,1814,2405,2471,2499,2484
4744009091789800,2222,1919,2405,2472,2504,2480
4744009091907700,2283,1817,2404,2470,2502,2478
4744009091996000,2222,1817,2404,2474,2503,2478
4744009092120200,2220,1815,2439,2471,2503,2489
4744009615826400,2221,1816,2402,2473,2502,2480
4744009616262200,2220,1818,2404,2472,2504,2480
4744009616798300,2222,1814,2405,2470,2506,2481
4744009617198100,2222,1817,2410,2470,2499,2481
4744009617680400,2343,1815,2403,2476,2760,2479
4744009618079900,2219,1817,2404,2471,2501,2479
4744009618338400,2221,1817,2404,2472,2503,2480
4744009618719300,2221,1816,2403,2470,2504,2481
4744009618975300,2220,1816,2404,2472,2504,2479
4744009619360100,2223,1816,2403,2471,2502,2480
4744009619900000,2220,1816,2400,2472,2504,2481
4744009620260200,2223,1816,2404,2469,2502,2568
4744009620762700,2222,1816,2403,2471,2402,2479
4744009621177700,2220,1816,2410,2471,2503,2480
4744009621516700,2222,1817,2404,2472,2504,2482
4744009621852600,2221,1816,2405,2473,2502,2480
4744009622234000,2221,1816,2405,2471,2504,2478
4744009622391200,2222,1816,2405,2630,2503,2479
4744009622741700,2220,1818,2401,2470,2502,2480
4744009622868400,2221,1836,2403,2472,2502,2480
4744009622968300,2223,1818,2403,2471,2502,2480
4744009623067600,2220,1817,2387,2471,2503,2480
4744009623209500,2221,1817,2404,2576,2502,2480
4744009623339000,2222,1815,2403,2470,2541,2479
4744009623438100,2222,1816,2418,2471,2503,2481
4744009623549400,2222,1816,2405,2471,2503,2478
4744009623663700,2223,1818,2404,2471,2494,2479
4744009623732800,2223,1816,2404,2472,2503,2482
4744009624026100,2220,1816,2403,2472,2310,2478
4744009624158500,2222,1816,2367,2471,2503,2479
4744009624453100,2221,1816,2406,2470,2501,2477
4744009624609400,2222,1816,2404,2471,2502,2479
4744009624713000,2223,1818,2424,2472,2502,2478
4744009624949500,2222,1818,2403,2472,2502,2479
4744009625033600,2221,1816,2404,2472,2503,2478
4744009625279900,2222,1864,2405,2472,2503,2838
4744009625359000,2222,1668,2404,2472,2548,2478
4744009625623000,2222,1818,2405,2471,2502,2478
4744009625711400,2223,1817,2405,2471,2503,2479
4744009625962400,2220,1818,2403,2470,2503,2479
4744009626050300,2222,1816,2404,2471,2500,2604
4744009626155900,2223,1815,2434,2473,2502,2484
4744009626254300,2223,1817,2404,2473,2504,2478
4744009626339700,2220,1816,2403,2471,2502,2479
4744009626455900,2237,1815,2404,2469,2503,2478
4744009626543200,2222,1816,2404,2471,2500,2340
4744009626604800,2223,1816,2405,2472,2502,2478
4744009626675300,2220,1817,2404,2471,2503,2478
4744009626762400,2219,1817,2403,2471,2500,2479
4744009626987800,2221,1817,2408,2471,2502,2477
4744009627056000,2221,1818,2404,2471,2501,2478
4744009627123300,2222,1816,2404,2472,2555,2479
4744009627180100,2219,1815,2404,2472,2758,2477
4744009627238300,2220,1817,2405,2472,2504,2478
4744009627309500,2220,1816,2404,2471,2502,2478
4744009627373300,2221,1817,2404,2472,2503,2478
4744009627712400,2221,1817,2405,2470,2506,2478
4744009627935100,2220,1818,2404,2471,2502,2477
4744009628015600,2223,1816,2404,2471,2499,2477
4744009628093900,2222,1912,2405,2472,2503,2478
4744009628348700,2283,1817,2402,2472,2501,2478
4744009628439400,2220,1816,2404,2472,2503,2478
4744009628508600,2220,1815,2446,2471,2504,2486
4744009628571400,2221,1817,2405,2473,2503,2477
4744009628632300,2222,1817,2402,2472,2504,2477
4744009628693300,2222,1815,2405,2470,2505,2478
4744009628987000,2220,1816,2410,2471,2503,2478
4744009629302500,2340,1818,2404,2474,2759,2478
4744009629411100,2221,1817,2404,2472,2503,2477
4744009629678700,2221,1815,2404,2472,2502,2478
4744009629779700,2220,1817,2404,2472,2502,2478
4744009629864200,2221,1817,2404,2471,2502,2477
4744009629945200,2220,1817,2402,2472,2501,2480
4744009630004200,2223,1817,2404,2470,2506,2477
4744009630066700,2220,1816,2404,2470,2500,2567
4744009630133600,2221,1816,2403,2472,2401,2475
4744009630341600,2222,1816,2411,2472,2501,2477
4744009630442900,2222,1816,2404,2473,2503,2475
4744009630515200,2222,1818,2407,2469,2503,2477
4744009630579700,2221,1818,2405,2472,2504,2477
4744009630655600,2222,1817,2405,2628,2502,2477
4744009630710700,2222,1818,2403,2470,2502,2477
4744009630925500,2222,1834,2404,2472,2502,2477
4744009631002500,2222,1816,2402,2472,2503,2478
4744009631063400,2221,1816,2390,2471,2505,2477
4744009631454500,2222,1816,2404,2506,2501,2476
4744009631526500,2222,1817,2403,2470,2538,2478
4744009631805300,2220,1815,2421,2473,2503,2478
4744009631903800,2221,1817,2404,2472,2503,2477
4744009632001800,2220,1817,2404,2470,2493,2478
4744009632075600,2223,1817,2404,2471,2504,2479
4744009632142100,2221,1817,2402,2472,2308,2477
4744009632409000,2220,1816,2367,2472,2504,2477
4744009632489900,2220,1817,2405,2471,2502,2476
4744009632556200,2223,1817,2404,2470,2503,2478
4744009632617200,2222,1815,2422,2473,2500,2477
4744009632678500,2219,1817,2404,2471,2503,2478
4744009632908000,2220,1817,2404,2472,2502,2476
4744009632991600,2219,1868,2405,2470,2504,2479
4744009633051400,2220,1668,2405,2472,2550,2476
4744009633147900,2222,1816,2403,2472,2504,2476
4744009633213400,2220,1816,2404,2471,2502,2476
4744009633298300,2223,1816,2403,2472,2503,2477
4744009633365400,2221,1816,2405,2471,2502,2600
4744009633603800,2221,1817,2432,2473,2504,2483
4744009633682800,2219,1817,2403,2473,2503,2476
4744009633744500,2221,1816,2403,2471,2503,2479
4744009633961200,2234,1818,2402,2470,2504,2477
4744009634034700,2224,1817,2405,2470,2503,2338
4744009634095000,2221,1817,2404,2472,2502,2476
4744009634295700,2220,1817,2403,2472,2503,2476
4744009634655100,2221,1818,2403,2473,2502,2477
4744009634970600,2221,1818,2406,2472,2502,2476
4744009635102900,2222,1817,2404,2471,2501,2476
4744009635376600,2222,1817,2404,2472,2552,2477
4744009635585500,2218,1814,2404,2473,2758,2476
4744009635740700,2222,1817,2405,2472,2504,2476
4744009635899300,2221,1816,2404,2471,2502,2477
4744009636055100,2221,1817,2405,2472,2503,2475
4744009636188400,2222,1816,2405,2470,2508,2477
4744009636303300,2221,1817,2404,2472,2503,2475
4744009636462500,2220,1816,2405,2473,2499,2477
4744009636576600,2222,1921,2406,2472,2504,2476
4744009636657600,2278,1817,2403,2471,2501,2476
4744009636715200,2220,1817,2405,2474,2505,2478
4744009636789100,2223,1817,2446,2473,2504,2485
4744009636917500,2222,1817,2404,2473,2502,2476
4744009637232500,2223,1816,2404,2473,2505,2476
4744009637339500,2223,1816,2405,2472,2504,2476
4744009637427800,2223,1817,2412,2471,2502,2476
4744009637489200,2341,1816,2405,2479,2758,2475
4744009637556200,2221,1817,2405,2472,2501,2477
4744009637613300,2221,1817,2405,2472,2502,2475
4744009637661700,2221,1817,2403,2472,2503,2477
4744009637764000,2220,1817,2403,2472,2503,2477
4744009637822400,2222,1817,2404,2472,2502,2478
4744009637989800,2222,1816,2403,2472,2503,2476
4744009638289600,2221,1816,2405,2469,2501,2570
4744009638344000,2222,1816,2403,2472,2400,2476
4744009638445800,2220,1817,2412,2472,2503,2475
4744009638600100,2222,1817,2402,2473,2502,2476
4744009638666400,2222,1817,2407,2471,2502,2477
4744009638719900,2220,1818,2404,2472,2504,2476
4744009638768400,2220,1817,2406,2626,2503,2477
4744009638855900,2221,1816,2404,2472,2501,2476
4744009638926700,2222,1837,2404,2472,2504,2476
4744009638979000,2223,1815,2402,2472,2503,2476
4744009639028100,2222,1816,2388,2471,2502,2476
4744009639114000,2220,1815,2405,2494,2502,2474
4744009639177300,2221,1816,2404,2470,2505,2476
4744009639229300,2221,1815,2424,2472,2503,2475
4744009639318300,2220,1817,2405,2471,2503,2475
4744009639526400,2222,1816,2404,2472,2728,2476
4744009639621100,2223,1818,2405,2470,2503,2477
4744009639688700,2220,1816,2403,2472,2310,2475
4744009639750900,2222,1816,2367,2472,2504,2475
4744009639803700,2221,1816,2405,2472,2502,2474
4744009639888600,2222,1818,2404,2475,2503,2475
4744009639999900,2220,1818,2422,2472,2502,2475
4744009640085300,2222,1817,2405,2472,2504,2475
4744009640145600,2222,1817,2404,2472,2503,2475
4744009640254300,2222,1868,2405,2472,2503,2840
4744009640326900,2222,1668,2405,2470,2550,2473
4744009640413000,2222,1818,2403,2473,2504,2475
4744009640480900,2222,1815,2404,2472,2502,2475
4744009640594700,2223,1815,2404,2470,2503,2471
4744009640710800,2222,1817,2407,2471,2502,2598
4744009640808500,2221,1818,2432,2473,2503,2480
4744009640963600,2228,1817,2404,2472,2504,2474
4744009641181700,2220,1817,2404,2472,2502,2475
4744009641300300,2236,1816,2404,2472,2503,2476
4744009641372100,2221,1816,2404,2471,2502,2328
4744009641446000,2220,1816,2404,2472,2503,2474
4744009641555100,2220,1818,2404,2472,2501,2474
4744009641642800,2221,1817,2405,2472,2504,2475
4744009641735000,2222,1817,2406,2471,2502,2475
4744009641809100,2220,1817,2404,2472,2500,2474
4744009641962600,2220,1816,2404,2473,2556,2475
4744009642064500,2220,1817,2404,2472,2758,2474
4744009642153800,2222,1817,2405,2472,2504,2474
4744009642239700,2218,1816,2405,2471,2502,2475
4744009642377800,2220,1816,2404,2473,2504,2474
4744009642514900,2223,1817,2405,2471,2508,2475
4744009642647500,2221,1817,2405,2472,2501,2474
4744009642740400,2221,1816,2405,2473,2499,2473
4744009642935800,2220,1928,2406,2472,2504,2475
4744009643012000,2284,1817,2404,2471,2501,2474
4744009643083700,2222,1815,2404,2474,2505,2472
4744009643146700,2222,1816,2444,2473,2503,2484
4744009643204400,2221,1818,2404,2473,2503,2471
4744009643311700,2222,1818,2405,2473,2504,2473
4744009643391300,2220,1816,2405,2472,2506,2476
4744009643454600,2221,1817,2411,2473,2501,2474
4744009643547300,2341,1818,2405,2479,2759,2474
4744009643614700,2220,1816,2405,2474,2501,2474
4744009643672600,2220,1819,2404,2472,2504,2472
4744009643722600,2221,1817,2405,2472,2503,2476
4744009643809900,2221,1817,2404,2472,2503,2474
4744009643873400,2220,1819,2403,2473,2501,2477
4744009643926700,2222,1817,2404,2472,2502,2474
4744009643976300,2223,1816,2404,2470,2502,2566
4744009644026000,2222,1817,2403,2472,2402,2474
4744009644074600,2222,1817,2412,2473,2503,2472
4744009644173400,2220,1816,2404,2470,2501,2474
4744009644241400,2220,1817,2407,2472,2504,2474
4744009644333800,2223,1816,2404,2474,2504,2474
4744009644398600,2222,1817,2406,2626,2503,2475
4744009644455600,2219,1818,2403,2472,2504,2473
4744009644511300,2220,1834,2404,2473,2502,2475
4744009644597800,2221,1816,2404,2472,2504,2474
4744009644659800,2221,1816,2388,2473,2504,2474
4744009644746700,2220,1817,2404,2584,2501,2472
4744009644808800,2222,1817,2403,2472,2539,2475
4744009644863300,2223,1817,2424,2472,2502,2474
4744009644934900,2220,1817,2408,2472,2503,2473
4744009645023400,2220,1818,2404,2472,2734,2473
4744009645085800,2222,1817,2405,2472,2504,2475
4744009645173900,2222,1817,2404,2472,2307,2473
4744009645233900,2220,1816,2367,2472,2504,2474
4744009645286400,2221,1817,2404,2473,2502,2472
4744009645337700,2223,1817,2404,2472,2503,2475
4744009645387600,2220,1818,2424,2473,2504,2474
4744009645437800,2221,1817,2405,2472,2503,2474
4744009645485000,2221,1817,2404,2474,2502,2473
4744009645532300,2220,1864,2405,2472,2504,2475
4744009645582400,2221,1667,2405,2473,2552,2473
4744009645632700,2222,1817,2406,2472,2504,2473
4744009645719600,2222,1817,2405,2471,2503,2474
4744009645788400,2222,1817,2404,2472,2501,2474
4744009645888800,2222,1817,2405,2470,2502,2598
4744009645958900,2220,1817,2432,2474,2501,2478
4744009646016800,2222,1817,2403,2474,2504,2473
4744009646070700,2221,1816,2405,2472,2504,2474
4744009646124400,2236,1816,2404,2472,2502,2473
4744009646204700,2223,1816,2405,2472,2502,2327
4744009646276000,2221,1815,2404,2473,2503,2472
4744009646359000,2220,1817,2405,2472,2507,2474
4744009646430100,2223,1816,2403,2472,2504,2473
4744009646512000,2220,1817,2407,2472,2501,2473
4744009646630200,2221,1815,2405,2472,2501,2473
4744009646759200,2220,1816,2405,2472,2553,2474
4744009646870200,2221,1815,2404,2473,2759,2473
4744009646962300,2220,1818,2406,2472,2504,2474
4744009647069400,2220,1816,2404,2472,2502,2474
4744009647183800,2220,1817,2405,2473,2501,2473
4744009647289500,2221,1816,2404,2472,2508,2473
4744009647382300,2223,1816,2405,2472,2504,2473
4744009647526900,2222,1815,2405,2474,2499,2473
4744009647633600,2220,1917,2404,2470,2504,2474
4744009647741100,2285,1819,2404,2472,2501,2472
4744009647879500,2222,1817,2405,2475,2505,2474
4744009648024800,2220,1815,2447,2472,2505,2481
4744009648156800,2220,1816,2404,2473,2503,2471
4744009648293100,2221,1817,2405,2474,2503,2469
4744009648392500,2221,1816,2404,2472,2504,2474
4744009648459300,2221,1816,2412,2473,2503,2472
4744009648564800,2343,1816,2404,2476,2759,2473
4744009648665400,2218,1817,2405,2472,2503,2472
4744009648767300,2221,1817,2405,2473,2504,2472
4744009648842600,2222,1816,2405,2473,2503,2474
4744009648911100,2221,1816,2404,2472,2502,2473
4744009649018900,2220,1817,2405,2473,2501,2477
4744009649095100,2222,1816,2406,2472,2503,2472
4744009649160900,2220,1817,2404,2472,2502,2575
4744009649257800,2221,1817,2403,2472,2401,2474
4744009649332900,2220,1815,2409,2473,2503,2471
4744009649393300,2222,1817,2404,2474,2503,2472
4744009649495200,2224,1817,2407,2473,2502,2473
4744009649565700,2220,1817,2405,2472,2504,2472
4744009649627000,2222,1816,2405,2630,2502,2473
4744009649683700,2222,1816,2403,2472,2504,2472
4744009649774800,2220,1840,2404,2473,2502,2474
4744009649840200,2221,1817,2405,2472,2502,2473
4744009649894100,2222,1820,2387,2471,2504,2473
4744009649946000,2220,1816,2406,2540,2503,2472
4744009650045000,2222,1816,2403,2472,2538,2474
4744009650114300,2221,1817,2421,2473,2502,2472
4744009650231000,2222,1817,2405,2473,2503,2472
4744009650299300,2221,1818,2404,2471,2494,2473
4744009650358100,2220,1817,2405,2472,2504,2474
4744009650417900,2221,1817,2403,2472,2310,2473
4744009650472600,2220,1816,2367,2473,2504,2473
4744009650526600,2222,1816,2404,2473,2502,2470
4744010185069000,2222,1817,2404,2472,2503,2473
4744010185698300,2221,1817,2419,2473,2502,2471
4744010186135200,2220,1818,2404,2472,2501,2474
4744010186591300,2223,1817,2404,2473,2504,2471
4744010187028000,2221,1864,2405,2472,2503,2864
4744010187372800,2221,1667,2405,2473,2558,2473
4744010187728400,2222,1817,2405,2474,2503,2472
4744010187982000,2221,1815,2404,2472,2502,2473
4744010188283100,2220,1817,2405,2473,2502,2472
4744010188584100,2223,1816,2405,2470,2502,2595
4744010188855500,2222,1815,2433,2473,2503,2477
4744010189130100,2220,1816,2404,2473,2503,2472
4744010189325800,2222,1816,2403,2473,2504,2473
4744010189446700,2236,1817,2404,2472,2502,2471
4744010189541500,2221,1818,2405,2472,2502,2344
4744010189665600,2221,1815,2405,2474,2501,2472
4744010189782500,2220,1817,2403,2472,2504,2473
4744010189867500,2220,1818,2404,2473,2504,2473
4744010189955700,2221,1819,2405,2474,2502,2472
4744010190039200,2221,1817,2404,2473,2501,2473
4744010190114600,2225,1817,2404,2473,2554,2473
4744010190233100,2220,1816,2404,2473,2758,2471
4744010190343900,2222,1818,2405,2473,2504,2472
4744010190429900,2219,1816,2405,2472,2502,2472
4744010190573400,2222,1819,2405,2474,2502,2470
4744010190664900,2222,1817,2404,2472,2508,2473
4744010190744200,2220,1816,2406,2473,2504,2472
4744010190817000,2220,1817,2405,2473,2499,2472
4744010190929200,2223,1921,2405,2472,2504,2473
4744010191037300,2286,1816,2404,2472,2502,2472
4744010191149000,2220,1817,2405,2474,2505,2472
4744010191244800,2218,1814,2448,2473,2503,2482
4744010191759200,2221,1818,2404,2473,2502,2471
4744010192090500,2222,1817,2404,2472,2503,2472
4744010192185900,2222,1816,2405,2472,2504,2472
4744010192267400,2221,1818,2412,2473,2503,2472
4744010192336900,2342,1815,2404,2477,2760,2472
4744010192413000,2222,1817,2404,2473,2502,2471
4744010192478500,2221,1818,2406,2473,2502,2471
4744010192543600,2221,1817,2404,2471,2504,2473
4744010192614700,2221,1816,2403,2473,2502,2472
4744010192673500,2221,1818,2403,2474,2502,2474
4744010192739300,2222,1816,2405,2472,2504,2470
4744010192831000,2220,1817,2404,2473,2502,2568
4744010192897600,2221,1815,2403,2472,2403,2477
4744010192952400,2222,1816,2411,2474,2503,2471
4744010193007400,2221,1818,2404,2474,2503,2467
4744010193068000,2220,1817,2406,2473,2503,2472
4744010193123500,2220,1817,2405,2473,2504,2471
4744010193178000,2222,1817,2405,2631,2504,2471
4744010193244500,2222,1817,2404,2472,2503,2471
4744010193300900,2222,1836,2404,2472,2504,2472
4744010193359500,2221,1815,2404,2473,2502,2473
4744010193429300,2220,1817,2389,2473,2503,2471
4744010193486000,2220,1816,2404,2539,2502,2470
4744010193547200,2221,1816,2405,2472,2542,2472
4744010193607000,2219,1816,2420,2474,2502,2473
4744010193666500,2220,1816,2406,2473,2503,2470
4744010193733800,2221,1817,2404,2472,2736,2472
4744010193793200,2220,1818,2405,2472,2503,2473
4744010193861800,2220,1818,2403,2472,2310,2470
4744010193915700,2220,1816,2367,2473,2502,2471
4744010193967600,2221,1818,2405,2473,2502,2470
4744010194016300,2221,1816,2404,2472,2503,2473
4744010194067900,2222,1816,2420,2473,2502,2470
4744010194119000,2222,1816,2405,2473,2504,2471
4744010194200600,2220,1815,2404,2473,2503,2471
4744010194260600,2220,1866,2405,2472,2504,2472
4744010194314900,2222,1669,2405,2472,2551,2471
4744010194369700,2223,1816,2405,2472,2503,2471
4744010194444600,2221,1817,2404,2472,2504,2472
4744010194504900,2221,1816,2404,2473,2503,2471
4744010194560800,2222,1816,2406,2472,2502,2603
4744010194616100,2222,1817,2433,2474,2502,2476
4744010194675100,2222,1816,2405,2475,2505,2470
4744010194729400,2223,1816,2405,2473,2502,2472
4744010194783800,2234,1816,2404,2473,2503,2471
4744010194836800,2221,1817,2405,2471,2504,2330
4744010194892400,2224,1817,2403,2473,2505,2471
4744010194945300,2222,1816,2404,2474,2502,2472
4744010195007800,2220,1816,2405,2473,2504,2471
4744010195070200,2220,1818,2404,2473,2500,2471
4744010195244700,2222,1816,2404,2473,2501,2470
4744010195327200,2220,1817,2404,2473,2554,2473
4744010195460700,2219,1817,2404,2474,2759,2471
4744010195523700,2222,1818,2404,2472,2506,2472
4744010195583700,2220,1816,2405,2473,2503,2471
4744010195640600,2220,1816,2404,2474,2503,2470
4744010195702600,2220,1817,2404,2474,2508,2471
4744010195777600,2220,1817,2405,2472,2504,2471
4744010195844200,2222,1817,2406,2473,2499,2472
4744010195912100,2220,1919,2405,2474,2502,2473
4744010195972700,2284,1817,2404,2472,2502,2472
4744010196046400,2222,1818,2405,2474,2505,2470
4744010196105900,2220,1816,2447,2473,2503,2480
4744010196162800,2221,1817,2404,2474,2502,2471
4744010196219600,2222,1817,2404,2473,2505,2469
4744010196455000,2220,1816,2406,2472,2504,2471
4744010196540600,2222,1817,2412,2472,2502,2471
4744010196633600,2340,1817,2404,2477,2760,2471
4744010196694300,2219,1816,2404,2474,2502,2470
4744010196752400,2223,1816,2405,2474,2504,2467
4744010196816100,2220,1817,2404,2472,2504,2472
4744010196882800,2223,1817,2404,2472,2503,2471
4744010196935300,2220,1815,2403,2473,2502,2473
4744010196990700,2221,1816,2405,2473,2502,2472
4744010197045400,2224,1815,2404,2472,2501,2559
4744010197109900,2221,1816,2403,2472,2402,2471
4744010197170100,2222,1816,2413,2471,2503,2471
4744010197223200,2224,1817,2404,2474,2502,2467
4744010197327200,2223,1816,2406,2473,2502,2470
4744010197379300,2220,1816,2405,2473,2504,2471
4744010197430800,2220,1818,2406,2628,2502,2470
4744010197485300,2222,1817,2403,2473,2504,2470
4744010197551300,2221,1834,2404,2474,2502,2472
4744010197609000,2220,1816,2403,2472,2504,2471
4744010197668100,2220,1816,2388,2473,2504,2470
4744010197726300,2220,1817,2405,2588,2503,2470
4744010197784700,2222,1817,2404,2472,2505,2471
4744010197845800,2223,1817,2422,2474,2503,2471
4744010197902200,2221,1816,2405,2473,2503,2470
4744010197955700,2222,1818,2405,2473,2794,2471
4744010198010000,2223,1818,2405,2473,2504,2472
4744010198064700,2220,1816,2405,2472,2308,2470
4744010198135900,2221,1816,2367,2473,2504,2470
4744010198191100,2222,1817,2405,2473,2502,2469
4744010198253700,2221,1816,2404,2472,2504,2471
4744010198307000,2222,1816,2418,2474,2506,2470
4744010198361300,2222,1818,2405,2474,2504,2470
4744010198411000,2222,1815,2405,2474,2504,2469
4744010198459900,2221,1864,2402,2472,2503,2810
4744010198513400,2220,1667,2405,2473,2550,2469
4744010198559500,2220,1816,2405,2474,2503,2473
4744010198607600,2221,1816,2405,2473,2502,2471
4744010198653200,2223,1816,2404,2472,2503,2471
4744010198702800,2223,1817,2404,2471,2502,2595
4744010198751400,2220,1817,2432,2475,2502,2476
4744010198799900,2223,1816,2404,2474,2503,2470
4744010198852200,2220,1816,2404,2476,2503,2472
4744010198905100,2235,1816,2404,2474,2503,2470
4744010198960700,2222,1817,2404,2471,2504,2353
4744010199014400,2222,1816,2404,2473,2502,2470
4744010199076900,2222,1817,2406,2473,2522,2471
4744010199140900,2222,1817,2404,2472,2504,2471
4744010199199200,2221,1816,2405,2474,2502,2470
4744010199251900,2223,1816,2404,2474,2502,2468
4744010199354900,2223,1815,2405,2474,2308,2471
4744010199408100,2221,1814,2404,2474,2759,2471
4744010199462900,2220,1816,2405,2474,2504,2471
4744010199514700,2222,1816,2405,2473,2504,2471
4744010199648700,2221,1817,2404,2473,2503,2471
4744010199702600,2221,1817,2405,2472,2505,2471
4744010199767200,2220,1816,2405,2473,2503,2471
4744010199853500,2222,1816,2405,2474,2499,2471
4744010200123100,2222,1924,2405,2474,2504,2471
4744010200203100,2282,1816,2404,2474,2502,2471
4744010200306300,2222,1815,2405,2476,2506,2470
4744010200402800,2222,1817,2445,2473,2504,2482
4744010200485500,2221,1817,2404,2474,2503,2471
4744010200742600,2221,1815,2404,2474,2505,2469
4744010201047600,2220,1816,2407,2473,2505,2470
4744010201296700,2221,1817,2410,2473,2502,2470
4744010201596700,2339,1816,2405,2478,2758,2470
4744010201706500,2218,1817,2406,2474,2503,2469
4744010201846100,2219,1816,2406,2474,2504,2469
4744010202159500,2222,1816,2405,2474,2503,2472
4744010202281500,2220,1818,2404,2473,2504,2471
4744010202367400,2222,1817,2405,2473,2504,2474
4744010202437300,2221,1818,2405,2473,2502,2471
4744010202592400,2222,1816,2405,2473,2501,2566
4744010202669500,2221,1817,2403,2473,2402,2472
4744010202747500,2222,1816,2410,2473,2505,2469
4744010202836600,2221,1815,2404,2474,2502,2475
4744010202921300,2222,1818,2407,2473,2503,2470
4744010203124200,2220,1818,2405,2474,2502,2470
4744010203207200,2220,1817,2405,2630,2503,2471
4744010203269300,2220,1816,2404,2473,2504,2470
4744010203349600,2223,1836,2404,2474,2504,2470
4744010203647600,2220,1818,2404,2473,2503,2470
4744010203728000,2221,1816,2390,2473,2504,2470
4744010203803000,2220,1816,2406,2528,2503,2469
4744010203984000,2223,1816,2405,2471,2546,2471
4744010204081600,2221,1817,2422,2475,2502,2471
4744010204191400,2222,1816,2405,2473,2503,2469
4744010204281900,2222,1818,2405,2473,2801,2470
4744010204358300,2220,1819,2405,2472,2503,2473
4744010204464600,2222,1816,2404,2474,2306,2469
4744010204543600,2219,1818,2367,2473,2504,2470
4744010204612000,2219,1816,2405,2473,2503,2468
4744010204703800,2220,1817,2403,2473,2502,2471
4744010204774000,2222,1817,2422,2473,2502,2471
4744010204856400,2220,1816,2405,2473,2504,2471
4744010204936000,2221,1817,2404,2473,2502,2469
4744010204995900,2221,1860,2405,2473,2504,2473
4744010205075000,2222,1668,2405,2472,2548,2469
