Time_ns,CH0-ThumbLow,CH1-ThumbUp,CH2-Pointer,CH3-Middle,CH4-Ring,CH5-Pinky
4920438882863400,2326,1826,2129,1912,4028,1779
4920438882895500,2328,1825,2131,1911,4032,1548
4920438882913400,2326,1826,2129,1913,4029,1780
4920438882930400,2327,1825,2131,1911,4034,1778
4920438882947300,2328,1826,2131,1912,4028,1779
4920438882964000,2326,1827,2137,1913,4032,1783
4920438882981400,2326,1826,2132,1911,4034,1778
4920438883060200,2326,1829,2130,1912,4076,1779
4920438883077300,2324,1826,2130,1917,4028,1778
4920438883093900,2327,1831,2132,1912,4028,1778
4920438883110300,2327,1825,2130,1912,4032,1822
4920438883127000,2327,1828,2129,1913,4027,1778
4920438883143600,2326,1827,2131,1911,4026,1779
4920438883160300,2327,1826,2130,1912,4030,1778
4920438883177100,2325,1827,2130,1913,4032,1778
4920438883194000,2328,1850,2131,1913,4029,1824
4920438883210800,2349,1826,2130,1910,4031,1779
4920438883227600,2327,1826,2130,1914,4035,1779
4920438883252900,2329,1826,2144,1911,4032,1775
4920438883270000,2326,1827,2132,1913,4028,1779
4920438883286000,2326,1827,2130,1913,4030,1777
4920438883303500,2326,1829,2132,1912,4032,1778
4920438883323500,2328,1826,2132,1912,4032,1779
4920438883339300,2450,1826,2131,1914,4027,1778
4920438883355100,2325,1828,2132,1914,4027,1779
4920438883371000,2328,1826,2130,1913,4028,1778
4920438883386800,2327,1826,2131,1911,4028,1780
4920438883404600,2325,1826,2130,1912,4074,1778
4920438883457200,2326,1826,2130,1914,4033,1781
4920438883473800,2327,1825,2131,1912,4032,1779
4920438883490500,2326,1826,2131,1912,4032,1827
4920438883507100,2328,1825,2129,1911,4095,1778
4920438883523600,2327,1825,2132,1912,4035,1778
4920438883545700,2327,1826,2130,1914,4030,1778
4920438883563400,2328,1826,2131,1913,4030,1777
4920438883581000,2328,1825,2130,1914,4032,1780
4920438883598600,2326,1826,2132,1754,4031,1776
4920438883620200,2327,1826,2130,1911,4034,1780
4920438883636500,2328,1828,2130,1913,4024,1779
4920438883652700,2330,1827,2129,1912,4029,1778
4920438883668900,2327,1825,2130,1911,4030,1778
4920438883687300,2327,1826,2130,1913,4026,1778
4920438883705000,2326,1823,2130,1912,4031,1778
4920438883722600,2327,1828,2134,1913,4028,1779
4920438883740200,2328,1827,2132,1912,4034,1779
4920438883757900,2327,1826,2131,1912,4069,1779
4920438883775500,2327,1828,2131,1910,4030,1780
4920438883793100,2324,1826,2130,1912,4064,1777
4920438883810700,2325,1826,2131,1911,4032,1779
4920438883829500,2327,1825,2132,1912,4032,1776
4920438883847200,2327,1825,2130,1910,4072,1779
4920438883866300,2326,1826,2133,1912,4026,1778
4920438883884600,2326,1827,2130,1912,4027,1780
4920438883901400,2327,1825,2129,1914,4034,1778
4920438883918000,2326,1844,2131,1912,4033,1954
4920438883938400,2326,1679,2131,1911,4062,1779
4920438883956500,2327,1826,2132,1912,4027,1778
4920438883975100,2327,1826,2130,1912,4028,1780
4920438883996300,2326,1827,2130,1912,4047,1777
4920438884014100,2328,1826,2132,1911,4036,1824
4920438884031700,2326,1826,2137,1912,4032,1776
4920438884052400,2326,1826,2130,1913,4030,1779
4920438884068500,2328,1827,2131,1911,4032,1779
4920438884084700,2326,1827,2128,1912,4031,1779
4920438884100900,2326,1825,2131,1911,4033,1546
4920438884121400,2330,1824,2130,1912,4031,1779
4920438884139100,2325,1826,2130,1913,4038,1779
4920438884156700,2326,1827,2130,1912,4028,1778
4920438884174300,2325,1826,2138,1912,4033,1782
4920438884191900,2328,1825,2130,1913,4025,1780
4920438884209500,2326,1826,2132,1913,4075,1780
4920438884229800,2324,1826,2128,1916,4030,1778
4920438884246000,2327,1830,2131,1912,4032,1779
4920438884264200,2328,1824,2131,1911,4033,1820
4920438884282200,2327,1827,2130,1913,4029,1778
4920438884300000,2328,1826,2130,1911,4032,1780
4920438884317700,2328,1826,2130,1913,4032,1778
4920438884337500,2328,1825,2132,1913,4029,1779
4920438884355300,2326,1848,2131,1912,4026,1747
4920438884373600,2348,1826,2130,1912,4029,1779
4920438884392300,2327,1826,2130,1913,4036,1779
4920438884408400,2328,1824,2144,1911,4035,1774
4920438884424800,2326,1827,2130,1912,4034,1778
4920438884441100,2328,1827,2130,1912,4031,1777
4920438884485500,2327,1826,2131,1912,4032,1779
4920438884513300,2328,1827,2132,1912,4027,1779
4920438884530700,2450,1826,2130,1913,4029,1780
4920438884549800,2326,1825,2131,1913,4031,1777
4920438884565100,2327,1826,2130,1912,4034,1780
4920438884580500,2327,1826,2131,1911,4029,1780
4920438884596300,2326,1826,2130,1911,4074,1779
4920438884613300,2328,1825,2130,1911,4031,1778
4920438884628700,2326,1826,2130,1912,4030,1778
4920438884645300,2328,1825,2132,1913,4032,1827
4920438884660600,2327,1825,2130,1912,4095,1778
4920438884680200,2325,1826,2131,1911,4033,1779
4920438884695700,2328,1826,2130,1913,4032,1778
4920438884711600,2327,1825,2133,1913,4028,1780
4920438884727100,2327,1826,2131,1912,4025,1779
4920438884742200,2329,1826,2132,1754,4027,1779
4920438884757300,2326,1827,2130,1910,4032,1777
4920438884772500,2324,1830,2131,1912,4024,1781
4920438884799500,2328,1826,2129,1912,4030,1779
4920438884814500,2326,1825,2130,1912,4033,1779
4920438884830600,2326,1826,2129,1912,4031,1778
4920438884845800,2326,1827,2130,1911,4034,1779
4920438884860900,2327,1825,2132,1912,4032,1778
4920438884876100,2329,1825,2130,1913,4027,1779
4920438884891000,2327,1829,2130,1912,4075,1778
4920438884907200,2327,1828,2131,1911,4032,1781
4920438884923200,2326,1825,2131,1911,4066,1779
4920438884938200,2326,1825,2131,1911,4030,1774
4920438884953700,2327,1825,2131,1912,4030,1777
4920438884968800,2328,1826,2131,1912,4030,1779
4920438884986200,2326,1825,2133,1915,4026,1779
4920438885002500,2328,1826,2131,1911,4032,1778
4920438885018800,2327,1825,2129,1912,4028,1777
4920438885035100,2325,1843,2132,1912,4030,1779
4920438885054400,2326,1679,2131,1912,4064,1777
4920438885069300,2328,1824,2131,1914,4030,1778
4920438885086800,2326,1826,2130,1912,4028,1780
4920438885102800,2326,1827,2130,1912,4045,1778
4920438885117900,2327,1827,2131,1911,4032,1820
4920438885133400,2326,1827,2137,1913,4032,1776
4920438885148800,2326,1826,2131,1912,4028,1778
4920438885164300,2327,1827,2130,1912,4030,1778
4920438885179600,2328,1827,2130,1912,4028,1779
4920438885194700,2326,1826,2131,1912,4032,1548
4920438885213100,2328,1824,2130,1913,4029,1779
4920438885238700,2328,1826,2130,1914,4039,1778
4920438885255100,2326,1827,2129,1911,4028,1778
4920438885272800,2327,1825,2136,1913,4025,1784
4920438885289500,2326,1825,2130,1912,4027,1777
4920438885306100,2328,1826,2130,1911,4069,1779
4920438885323300,2322,1826,2130,1916,4029,1779
4920438885342200,2327,1831,2131,1912,4028,1778
4920438885359500,2327,1825,2129,1911,4029,1825
4920438885375800,2326,1826,2131,1912,4029,1779
4920438885392000,2326,1825,2131,1912,4032,1779
4920438885408500,2328,1827,2131,1910,4028,1777
4920438885425900,2326,1826,2130,1913,4033,1778
4920438885443500,2326,1847,2131,1913,4029,1827
4920438885461200,2348,1826,2129,1912,4030,1779
4920438885479100,2327,1826,2129,1912,4031,1779
4920438885496700,2326,1825,2146,1913,4033,1774
4920438885514700,2328,1825,2129,1912,4031,1779
4920438885534300,2328,1826,2131,1912,4033,1777
4920438885555800,2328,1827,2131,1912,4036,1778
4920438885607000,2328,1826,2132,1913,4030,1779
4920438885633800,2449,1825,2131,1914,4031,1778
4920438885676400,2326,1826,2130,1912,4031,1778
4920438885698400,2328,1826,2131,1912,4032,1778
4920438885723100,2327,1826,2130,1911,4033,1781
4920438885747300,2326,1825,2131,1912,4069,1779
4920438885774800,2327,1828,2132,1913,4030,1778
4920438885800100,2327,1826,2131,1911,4032,1778
4920438885825500,2327,1825,2131,1911,4034,1826
4920438885849900,2328,1826,2129,1910,4095,1779
4920438885875200,2325,1826,2131,1912,4032,1778
4920438885896600,2327,1826,2130,1912,4032,1778
4920438885919900,2327,1827,2133,1911,4032,1778
4920438885941900,2327,1825,2131,1912,4032,1779
4920438885963700,2328,1826,2131,1754,4031,1777
4920438885985600,2327,1826,2129,1911,4030,1779
4920438886011100,2331,1829,2132,1912,4026,1779
4920438886033500,2329,1829,2129,1912,4030,1779
4920438886057800,2326,1826,2130,1912,4033,1779
4920438886077800,2327,1825,2130,1914,4030,1777
4920438886102000,2327,1827,2129,1912,4063,1780
4920438886121700,2328,1827,2132,1913,4026,1779
4920438886143700,2328,1827,2132,1914,4035,1779
4920438886166000,2326,1827,2130,1911,4024,1778
4920438886187800,2327,1829,2130,1912,4029,1781
4920438886221000,2324,1825,2131,1910,4062,1780
4920438886241400,2326,1827,2131,1911,4032,1778
4920438886261700,2327,1825,2132,1912,4030,1777
4920438886282000,2327,1827,2131,1912,4029,1778
4920438886305200,2328,1828,2134,1912,4026,1778
4920438886323500,2328,1826,2131,1911,4032,1779
4920438886341900,2327,1826,2129,1912,4032,1778
4920438886360000,2326,1844,2131,1912,4034,1779
4920438886378300,2326,1678,2131,1911,4060,1779
4920438886397500,2330,1824,2132,1909,4032,1779
4920438886415900,2327,1826,2130,1912,4032,1780
4920438886434600,2328,1825,2130,1912,4047,1779
4920438886452700,2327,1826,2132,1911,4038,1823
4920438886471900,2328,1826,2137,1913,4033,1776
4920438886487400,2328,1826,2130,1911,4031,1777
4920438886503000,2328,1825,2131,1912,4031,1780
4920438886519400,2324,1825,2129,1912,4031,1778
4920438886537300,2326,1827,2131,1910,4034,1548
4920438886555200,2328,1824,2130,1912,4032,1778
4920438886576000,2326,1827,2130,1912,4039,1779
4920438886594000,2327,1826,2130,1913,4024,1779
4920438886611800,2327,1824,2138,1911,4032,1782
4920438886629800,2327,1826,2132,1912,4028,1778
4920438886650600,2328,1826,2131,1912,4074,1780
4920438886669700,2325,1825,2130,1917,4034,1778
4920438886688600,2328,1826,2131,1912,4028,1779
4920438886707800,2325,1825,2130,1912,4026,1826
4920438886728100,2328,1826,2130,1913,4031,1778
4920438886750000,2326,1827,2131,1911,4032,1780
4920438886768400,2326,1825,2131,1912,4032,1777
4920438886788900,2327,1826,2131,1913,4026,1779
4920438886806100,2324,1848,2131,1911,4030,1780
4920438886823300,2346,1826,2129,1912,4026,1780
4920438886840400,2328,1825,2129,1913,4031,1778
4920438886860300,2328,1825,2144,1913,4028,1775
4920438886876900,2326,1826,2130,1912,4030,1778
4920438886895900,2328,1825,2130,1913,4029,1777
4920438886913700,2328,1824,2132,1912,4034,1778
4920438886931600,2325,1826,2132,1911,4034,1778
4920438886949600,2450,1826,2132,1914,4031,1779
4920438886967900,2326,1826,2132,1912,4031,1777
4920438886984200,2326,1826,2130,1912,4034,1780
4920438887000400,2327,1827,2131,1912,4029,1779
4920438887018300,2327,1826,2131,1912,4072,1778
4920438887034600,2327,1826,2131,1912,4032,1779
4920438887051000,2327,1824,2132,1912,4032,1778
4920438887068300,2328,1825,2130,1912,4026,1827
4920438887084600,2328,1826,2129,1910,4095,1778
4920438887101000,2327,1826,2130,1912,4033,1778
4920438887117800,2328,1827,2128,1914,4032,1778
4920438887134100,2327,1827,2133,1912,4027,1781
4920438887150400,2328,1825,2131,1912,4029,1777
4920438887166900,2327,1826,2131,1755,4031,1777
4920438887182900,2326,1826,2129,1912,4028,1778
4920438887199400,2328,1829,2130,1913,4020,1779
4920438887215700,2328,1825,2130,1912,4028,1778
4920438887232000,2325,1826,2130,1913,4032,1778
4920438887248300,2327,1827,2130,1913,4033,1778
4920438887265700,2327,1827,2129,1912,4053,1779
4920438887282200,2327,1827,2132,1913,4030,1779
4920438887299000,2326,1826,2130,1912,4031,1778
4920438887315700,2325,1827,2130,1912,4058,1779
4920438887332100,2327,1827,2131,1912,4027,1781
4920438887348400,2326,1826,2130,1912,4064,1778
4920438887365600,2324,1826,2130,1912,4030,1778
4920438887381900,2327,1825,2131,1912,4030,1778
4920438887398300,2328,1827,2131,1910,4029,1778
4920438887414500,2328,1827,2132,1913,4028,1778
4920438887430900,2327,1826,2131,1911,4030,1780
4920438887447200,2327,1826,2129,1912,4031,1777
4920438887463700,2327,1843,2132,1912,4033,1933
4920438887480000,2326,1678,2131,1912,4062,1779
4920438887496300,2329,1826,2131,1911,4033,1778
4920438887512600,2326,1826,2129,1913,4028,1780
4920438887529600,2328,1826,2130,1911,4047,1779
4920438887546000,2327,1827,2130,1911,4032,1822
4920438887562300,2326,1827,2138,1913,4030,1775
4920438887578700,2328,1825,2131,1912,4031,1779
4920438887595000,2328,1828,2131,1912,4033,1779
4920438887611400,2328,1825,2131,1912,4029,1779
4920438887627600,2326,1827,2132,1911,4032,1547
4920438887643900,2328,1826,2130,1913,4031,1777
4920438887663100,2326,1826,2130,1913,4038,1778
4920438887679400,2326,1827,2130,1912,4032,1778
4920438887695800,2326,1827,2136,1912,4027,1781
4920438887711900,2327,1825,2130,1913,4028,1778
4920438887728200,2327,1826,2131,1912,4075,1779
4920438887744900,2324,1825,2130,1916,4034,1779
4920438887761100,2326,1825,2132,1912,4032,1780
4920438887777300,2326,1825,2131,1911,4031,1823
4920438887793700,2328,1825,2130,1913,4031,1778
4920438887810200,2325,1827,2131,1912,4032,1779
4920438887828100,2327,1822,2131,1913,4032,1780
4920438887844400,2326,1826,2132,1913,4031,1778
4920438887860700,2328,1851,2131,1913,4032,1778
4920438887877300,2347,1826,2130,1912,4031,1778
4920438887894100,2328,1827,2130,1912,4031,1779
4920438887910500,2327,1826,2144,1911,4031,1774
4920438887926900,2327,1827,2130,1913,4033,1778
4920438887943700,2327,1826,2131,1913,4034,1777
4920438887963000,2327,1826,2130,1911,4042,1779
4920438887981000,2325,1826,2132,1911,4027,1779
4920438887997300,2449,1826,2131,1913,4028,1780
4920438888013600,2325,1828,2132,1912,4033,1777
4920438888030000,2326,1826,2131,1913,4027,1779
4920438888046400,2328,1825,2130,1912,4032,1780
4920438888062900,2328,1825,2130,1912,4072,1779
4920438888079300,2325,1827,2131,1912,4033,1779
4920438888095700,2328,1826,2131,1911,4028,1778
4920439451903400,2326,1826,2131,1912,4025,1827
4920439451978700,2326,1826,2129,1910,4095,1778
4920439451999000,2326,1825,2132,1913,4032,1779
4920439452018500,2328,1828,2130,1912,4032,1779
4920439452040200,2327,1827,2132,1912,4030,1780
4920439452058300,2327,1826,2131,1912,4025,1778
4920439452076600,2326,1826,2130,1754,4032,1779
4920439452097300,2326,1826,2131,1910,4032,1779
4920439452114100,2328,1828,2129,1912,4025,1780
4920439452130900,2328,1826,2129,1912,4032,1779
4920439452151500,2325,1826,2130,1912,4026,1778
4920439452170200,2326,1826,2131,1912,4026,1778
4920439452188200,2327,1826,2129,1911,4054,1779
4920439452209200,2326,1827,2132,1913,4026,1779
4920439452228400,2328,1826,2131,1912,4037,1780
4920439452247800,2328,1827,2130,1911,4019,1779
4920439452267600,2327,1827,2131,1912,4028,1780
4920439452286800,2325,1826,2131,1911,4064,1777
4920439452305800,2328,1826,2130,1912,4030,1778
4920439452324500,2327,1825,2130,1912,4026,1779
4920439452343400,2326,1826,2131,1912,4033,1778
4920439452362300,2327,1827,2133,1913,4029,1779
4920439452381400,2327,1826,2131,1912,4029,1778
4920439452402500,2326,1825,2129,1912,4034,1778
4920439452421400,2326,1843,2132,1910,4035,1931
4920439452440400,2324,1679,2131,1912,4064,1778
4920439452459500,2328,1825,2130,1912,4032,1778
4920439452481600,2328,1826,2131,1912,4026,1780
4920439452501900,2326,1825,2129,1912,4010,1780
4920439452523800,2328,1826,2132,1911,4037,1820
4920439452541700,2328,1826,2137,1913,4033,1776
4920439452559500,2328,1825,2130,1912,4033,1777
4920439452577100,2326,1826,2130,1912,4031,1779
4920439452594800,2328,1826,2129,1912,4032,1777
4920439452614300,2329,1826,2132,1911,4032,1548
4920439452630600,2327,1825,2130,1912,4033,1778
4920439452646200,2329,1826,2130,1911,4040,1778
4920439452661700,2325,1826,2131,1911,4032,1780
4920439452677300,2328,1826,2138,1911,4032,1783
4920439452692900,2328,1826,2130,1912,4029,1779
4920439452708500,2328,1826,2130,1912,4067,1779
4920439452724000,2325,1825,2129,1916,4034,1778
4920439452739600,2326,1826,2132,1913,4032,1779
4920439452755200,2326,1826,2131,1910,4030,1825
4920439452770900,2328,1826,2131,1913,4031,1780
4920439452786400,2326,1826,2131,1912,4032,1778
4920439452802700,2326,1827,2131,1912,4032,1778
4920439452818200,2327,1825,2131,1913,4026,1778
4920439452833800,2328,1854,2131,1912,4029,1825
4920439452849600,2352,1826,2130,1912,4027,1779
4920439452866400,2327,1826,2130,1913,4031,1777
4920439452881800,2327,1824,2144,1913,4029,1775
4920439452897300,2328,1825,2130,1913,4032,1779
4920439452914900,2325,1827,2131,1913,4031,1777
4920439452930400,2328,1825,2133,1912,4033,1779
4920439452946100,2327,1826,2132,1913,4031,1776
4920439452961500,2449,1825,2132,1911,4033,1779
4920439452977200,2326,1827,2130,1912,4033,1778
4920439452992700,2327,1826,2131,1912,4033,1777
4920439453008400,2326,1826,2132,1911,4032,1779
4920439453024100,2325,1826,2132,1910,4080,1780
4920439453039800,2327,1827,2131,1912,4033,1778
4920439453055400,2328,1826,2131,1910,4034,1779
4920439453071200,2329,1826,2131,1911,4032,1828
4920439453087500,2328,1826,2131,1912,4095,1778
4920439453103200,2328,1826,2130,1914,4026,1779
4920439453118900,2328,1827,2128,1912,4032,1779
4920439453134400,2328,1826,2132,1913,4028,1778
4920439453149900,2328,1825,2131,1912,4029,1780
4920439453165300,2327,1826,2132,1755,4026,1778
4920439453181000,2325,1826,2130,1912,4030,1777
4920439453197100,2327,1828,2131,1913,4024,1778
4920439453212800,2330,1825,2130,1912,4030,1778
4920439453228500,2325,1826,2130,1912,4033,1778
4920439453244100,2328,1825,2130,1912,4032,1777
4920439453259600,2327,1827,2130,1910,4028,1779
4920439453275100,2328,1826,2133,1912,4029,1779
4920439453291200,2326,1826,2128,1912,4029,1777
4920439453308000,2326,1828,2129,1911,4024,1777
4920439453323400,2327,1828,2131,1912,4030,1781
4920439453358200,2325,1826,2131,1910,4064,1777
4920439453373700,2327,1826,2131,1911,4032,1779
4920439453389400,2327,1825,2132,1911,4033,1776
4920439453406000,2327,1826,2131,1908,4030,1778
4920439453421500,2325,1826,2132,1912,4030,1780
4920439453437300,2327,1827,2131,1911,4032,1778
4920439453455000,2328,1828,2129,1910,4028,1779
4920439453471000,2326,1843,2132,1910,4032,1779
4920439453489600,2326,1679,2130,1912,4064,1777
4920439453507600,2329,1825,2131,1912,4032,1778
4920439453525700,2328,1827,2130,1912,4028,1779
4920439453543700,2327,1827,2130,1912,4049,1778
4920439453561700,2328,1827,2132,1911,4034,1823
4920439453579900,2328,1826,2137,1913,4031,1776
4920439453598200,2329,1825,2130,1911,4033,1779
4920439453654300,2327,1825,2131,1912,4029,1779
4920439453678800,2326,1826,2130,1913,4032,1778
4920439453697700,2326,1826,2131,1912,4032,1546
4920439453715600,2328,1826,2130,1912,4028,1779
4920439453744000,2328,1826,2130,1913,4036,1780
4920439453763900,2327,1826,2130,1912,4029,1779
4920439453786300,2328,1825,2136,1911,4032,1784
4920439453804700,2326,1825,2130,1912,4027,1778
4920439453833200,2326,1826,2130,1913,4076,1780
4920439453859300,2324,1826,2130,1916,4025,1778
4920439453879500,2328,1826,2132,1912,4032,1778
4920439453899600,2326,1826,2132,1911,4028,1826
4920439453919600,2328,1827,2130,1913,4036,1778
4920439453939500,2327,1826,2131,1912,4028,1779
4920439453959800,2327,1826,2131,1911,4028,1779
4920439453981700,2327,1826,2132,1912,4026,1779
4920439454000800,2325,1843,2132,1912,4028,1811
4920439454019600,2346,1826,2129,1912,4027,1778
4920439454038300,2327,1826,2130,1912,4034,1778
4920439454060100,2329,1824,2141,1911,4035,1774
4920439454078400,2326,1827,2130,1913,4027,1779
4920439454096100,2328,1827,2131,1911,4033,1779
4920439454114000,2328,1826,2131,1912,4032,1779
4920439454131900,2327,1827,2132,1912,4029,1779
4920439454168500,2450,1825,2131,1913,4029,1779
4920439454185900,2327,1826,2130,1912,4035,1778
4920439454202800,2326,1826,2131,1912,4030,1779
4920439454222300,2324,1826,2131,1911,4032,1780
4920439454237600,2326,1826,2132,1910,4076,1779
4920439454252600,2327,1827,2132,1913,4031,1777
4920439454267800,2327,1826,2131,1910,4036,1779
4920439454282800,2327,1826,2131,1911,4032,1827
4920439454298100,2326,1826,2130,1910,4095,1778
4920439454313200,2326,1825,2132,1908,4038,1778
4920439454328200,2326,1826,2128,1914,4028,1779
4920439454345300,2326,1826,2130,1911,4030,1778
4920439454360400,2328,1827,2131,1913,4028,1779
4920439454375400,2326,1826,2132,1755,4028,1778
4920439454390300,2327,1827,2130,1911,4034,1778
4920439454405500,2328,1828,2130,1912,4022,1778
4920439454420700,2329,1826,2129,1912,4030,1779
4920439454435600,2326,1826,2130,1912,4034,1779
4920439454451500,2327,1824,2130,1911,4034,1778
4920439454466700,2327,1826,2130,1911,4031,1779
4920439454481700,2327,1827,2133,1913,4030,1779
4920439454497600,2328,1826,2132,1913,4029,1778
4920439454512700,2326,1826,2132,1911,4020,1778
4920439454533200,2327,1829,2131,1911,4030,1779
4920439454548300,2325,1825,2131,1912,4064,1779
4920439454563500,2327,1827,2131,1912,4032,1778
4920439454578400,2327,1826,2132,1912,4028,1777
4920439454593200,2326,1826,2132,1912,4027,1781
4920439454608100,2329,1827,2132,1912,4030,1779
4920439454623000,2327,1827,2131,1910,4027,1779
4920439454638000,2326,1827,2129,1912,4030,1777
4920439454653000,2326,1843,2130,1911,4032,1779
4920439454668000,2326,1679,2131,1910,4064,1778
4920439454683000,2328,1826,2131,1913,4032,1778
4920439454698100,2326,1825,2130,1911,4033,1781
4920439454713000,2327,1826,2130,1911,4049,1777
4920439454728100,2326,1827,2131,1911,4034,1820
4920439454743900,2326,1826,2137,1913,4032,1776
4920439454758800,2328,1827,2130,1912,4025,1779
4920439454773700,2327,1826,2131,1912,4027,1780
4920439454789400,2326,1827,2130,1912,4030,1778
4920439454804400,2326,1826,2132,1911,4032,1547
4920439454819300,2328,1825,2130,1912,4027,1779
4920439454835000,2328,1826,2130,1912,4040,1780
4920439454850000,2326,1825,2130,1911,4028,1779
4920439454865000,2326,1825,2139,1910,4032,1781
4920439454880100,2328,1825,2131,1910,4027,1779
4920439454895000,2326,1826,2131,1911,4072,1778
4920439454909900,2324,1825,2130,1916,4029,1779
4920439454924700,2327,1832,2132,1912,4028,1778
4920439454939800,2326,1826,2130,1910,4031,1826
4920439454954800,2328,1825,2130,1913,4027,1779
4920439454969700,2327,1826,2131,1910,4028,1778
4920439454984600,2327,1826,2131,1910,4032,1779
4920439454999500,2326,1826,2131,1911,4033,1778
4920439455015400,2326,1845,2131,1911,4032,1779
4920439455046800,2348,1826,2129,1912,4029,1778
4920439455061800,2327,1825,2130,1911,4034,1778
4920439455076900,2327,1824,2144,1911,4033,1775
4920439455091800,2326,1828,2130,1912,4029,1779
4920439455107500,2328,1826,2131,1912,4033,1777
4920439455124000,2327,1826,2132,1912,4034,1779
4920439455138900,2328,1824,2132,1911,4033,1779
4920439455153800,2450,1825,2131,1913,4030,1779
4920439455168800,2326,1827,2130,1911,4027,1778
4920439455183700,2326,1827,2130,1912,4034,1778
4920439455198700,2327,1825,2131,1911,4032,1778
4920439455213700,2327,1826,2132,1910,4077,1779
4920439455228800,2325,1827,2132,1912,4032,1780
4920439455243700,2327,1828,2130,1911,4032,1779
4920439455258600,2327,1826,2131,1909,4029,1827
4920439455273400,2325,1826,2129,1910,4095,1778
4920439455288300,2326,1826,2130,1911,4030,1777
4920439455304200,2328,1826,2130,1912,4030,1777
4920439455319100,2328,1824,2132,1913,4029,1777
4920439455334100,2328,1826,2130,1912,4032,1777
4920439455354400,2327,1829,2130,1753,4031,1779
4920439455370100,2326,1826,2131,1911,4032,1776
4920439455385100,2328,1829,2132,1910,4026,1779
4920439455400000,2328,1827,2130,1912,4030,1778
4920439455415900,2326,1824,2131,1912,4028,1777
4920439455431300,2326,1827,2131,1911,4030,1778
4920439455446600,2328,1826,2131,1910,4054,1779
4920439455461900,2329,1825,2133,1911,4032,1779
4920439455477100,2327,1825,2131,1911,4033,1779
4920439455492600,2328,1827,2130,1910,4021,1778
4920439455516200,2327,1828,2133,1910,4032,1779
4920439455533000,2327,1826,2130,1910,4064,1778
4920439455549500,2326,1827,2131,1910,4028,1778
4920439455566100,2326,1824,2132,1911,4032,1776
4920439455582800,2326,1826,2131,1910,4031,1779
4920439455600000,2327,1826,2132,1913,4024,1776
4920439455618700,2328,1827,2131,1912,4031,1778
4920439455634200,2328,1826,2129,1912,4030,1777
4920439455649500,2327,1843,2132,1910,4032,1778
4920439455664800,2326,1680,2131,1911,4066,1779
4920439455680200,2328,1825,2133,1911,4027,1780
4920439455695500,2325,1826,2130,1910,4032,1780
4920439455710800,2326,1826,2130,1912,4044,1778
4920439455729000,2327,1827,2131,1910,4034,1821
4920439455744200,2327,1826,2136,1911,4030,1777
4920439455759700,2326,1826,2130,1912,4030,1778
4920439455775000,2327,1827,2130,1912,4032,1779
4920439455790100,2324,1826,2130,1912,4032,1780
4920439455805300,2325,1828,2130,1911,4034,1546
4920439455820600,2328,1825,2129,1910,4032,1778
4920439455835800,2327,1826,2131,1911,4031,1778
4920439455851000,2328,1825,2131,1912,4026,1779
4920439455866200,2327,1825,2136,1911,4027,1782
4920439455882600,2326,1827,2132,1911,4032,1778
4920439455899300,2327,1826,2130,1911,4074,1779
4920439455914600,2324,1825,2130,1916,4033,1778
4920439455929800,2328,1824,2132,1910,4026,1778
4920439455945200,2328,1824,2131,1909,4033,1824
4920439455960500,2327,1826,2130,1912,4027,1779
4920439455975800,2327,1826,2131,1910,4029,1779
4920439455991000,2327,1825,2131,1910,4032,1779
4920439456006300,2328,1826,2132,1913,4023,1779
4920439456021600,2326,1856,2132,1912,4026,1747
4920439456037500,2352,1826,2129,1912,4031,1779
4920439456065000,2328,1826,2130,1912,4031,1780
4920439456080200,2327,1824,2144,1912,4029,1774
4920439456095400,2327,1827,2130,1912,4031,1778
4920439456110600,2327,1826,2131,1911,4033,1777
4920439456125900,2329,1826,2132,1911,4040,1779
4920439456141200,2325,1826,2133,1911,4027,1779
4920439456156500,2449,1823,2131,1911,4032,1778
4920439456172600,2326,1826,2131,1911,4029,1778
4920439456188500,2326,1826,2130,1908,4034,1778
4920439456203800,2328,1826,2131,1910,4035,1780
4920439456218900,2327,1826,2130,1912,4069,1779
4920439456234400,2325,1827,2131,1912,4027,1779
4920439456249700,2328,1826,2130,1911,4028,1778
4920439456265000,2326,1827,2130,1910,4028,1828
4920439456280100,2328,1826,2129,1910,4095,1778
4920439456295500,2325,1826,2131,1909,4031,1777
4920439456310700,2328,1826,2130,1910,4032,1777
4920439456325900,2326,1828,2131,1912,4030,1778
4920439456341100,2324,1825,2130,1911,4032,1778
4920439456356900,2328,1826,2132,1753,4031,1778
4920439456372200,2327,1825,2131,1909,4066,1778
4920439456387500,2326,1829,2129,1912,4020,1779
4920439456402700,2329,1825,2130,1910,4033,1778
4920439456418000,2326,1826,2131,1910,4032,1778
4920439456433200,2325,1826,2130,1911,4031,1777
4920439456448400,2328,1827,2130,1909,4033,1778
4920439456464500,2327,1826,2134,1912,4024,1779
4920439456479800,2328,1825,2131,1912,4031,1777
4920439456495100,2328,1828,2130,1909,4021,1778
4920439456510200,2328,1828,2131,1911,4032,1779
4920439456525500,2326,1825,2130,1912,4066,1778
4920439456540700,2326,1826,2131,1911,4034,1777
4920439456556000,2329,1826,2132,1912,4029,1777
4920439456571300,2327,1826,2131,1909,4031,1778
4920439456586800,2325,1826,2134,1911,4026,1779
4920439456602000,2328,1825,2131,1910,4026,1778
4920439456617300,2326,1826,2129,1912,4030,1778
4920439456632600,2327,1845,2132,1910,4030,1780
4920439456648400,2326,1680,2130,1911,4060,1778
4920439456663700,2330,1824,2131,1911,4032,1780
4920439456680300,2327,1827,2130,1911,4030,1780
4920439456695600,2327,1825,2130,1910,4049,1779
4920439456710900,2328,1827,2131,1911,4032,1819
4920439456726100,2326,1827,2139,1913,4033,1776
4920439456742100,2328,1826,2130,1911,4029,1777
4920440019633800,2326,1826,2131,1910,4030,1778
4920440019686400,2328,1826,2129,1912,4033,1778
4920440019705900,2326,1826,2130,1909,4033,1547
4920440019724600,2327,1825,2129,1911,4029,1777
4920440019742900,2327,1825,2130,1912,4039,1779
4920440019764900,2327,1826,2130,1911,4025,1778
4920440019783100,2328,1826,2137,1912,4027,1782
4920440019803600,2329,1824,2131,1911,4030,1779
4920440019820400,2326,1827,2131,1911,4074,1780
4920440019837500,2322,1826,2130,1914,4025,1777
4920440019854600,2326,1826,2131,1912,4032,1777
4920440019871700,2325,1826,2130,1910,4032,1828
4920440019888600,2328,1827,2130,1911,4031,1779
4920440019905500,2328,1822,2131,1911,4032,1780
4920440019922100,2328,1826,2131,1910,4032,1777
4920440019939200,2327,1825,2132,1911,4031,1778
4920440019967400,2328,1845,2132,1911,4029,1824
4920440019985600,2348,1825,2129,1912,4029,1779
4920440020002300,2326,1825,2130,1912,4030,1778
4920440020019100,2328,1825,2145,1911,4034,1773
4920440020036100,2327,1826,2130,1912,4030,1778
4920440020052600,2327,1826,2131,1912,4031,1777
4920440020070900,2328,1825,2132,1910,4033,1778
4920440020086400,2328,1825,2132,1911,4029,1779
4920440020102100,2449,1825,2131,1911,4032,1779
4920440020117700,2325,1827,2132,1912,4028,1777
4920440020133300,2327,1826,2132,1911,4033,1777
4920440020152600,2328,1825,2130,1912,4033,1780
4920440020168400,2325,1827,2130,1909,4072,1779
4920440020183900,2327,1826,2131,1911,4031,1777
4920440020199700,2326,1824,2131,1911,4032,1778
4920440020215400,2328,1828,2131,1913,4027,1828
4920440020230900,2325,1826,2129,1910,4095,1779
4920440020246500,2325,1826,2132,1911,4031,1778
4920440020262400,2329,1826,2130,1912,4028,1777
4920440020279300,2327,1825,2132,1913,4029,1778
4920440020295000,2325,1827,2130,1910,4032,1779
4920440020310700,2327,1826,2131,1754,4032,1778
4920440020326400,2326,1826,2129,1908,4030,1780
4920440020342200,2326,1829,2131,1911,4024,1779
4920440020357800,2329,1825,2129,1912,4032,1778
4920440020373500,2325,1825,2131,1911,4030,1773
4920440020389100,2325,1826,2131,1912,4030,1777
4920440020405000,2328,1827,2130,1910,4030,1779
4920440020421200,2327,1826,2134,1912,4032,1778
4920440020437100,2327,1826,2130,1912,4029,1778
4920440020455800,2326,1827,2130,1910,4024,1781
4920440020472600,2327,1830,2130,1910,4029,1781
4920440020490200,2326,1825,2130,1911,4064,1778
4920440020514000,2326,1826,2131,1911,4028,1778
4920440020530900,2325,1825,2131,1910,4030,1779
4920440020547800,2329,1827,2131,1910,4033,1777
4920440020564900,2329,1826,2134,1911,4030,1779
4920440020582100,2327,1826,2131,1910,4027,1778
4920440020602900,2328,1825,2129,1912,4027,1778
4920440020620800,2326,1845,2131,1910,4032,1778
4920440020638600,2328,1678,2131,1910,4060,1778
4920440020656900,2328,1826,2132,1911,4032,1778
4920440020674800,2327,1826,2132,1911,4030,1781
4920440020692700,2327,1826,2131,1909,4035,1780
4920440020713300,2326,1826,2131,1910,4036,1819
4920440020729900,2326,1825,2137,1911,4026,1776
4920440020748100,2324,1825,2128,1912,4029,1778
4920440020766000,2326,1826,2130,1912,4030,1780
4920440020783700,2328,1825,2131,1910,4027,1779
4920440020801600,2328,1825,2132,1911,4032,1546
4920440020819600,2327,1825,2130,1910,4029,1778
4920440020837500,2326,1825,2130,1909,4039,1779
4920440020855500,2325,1827,2129,1912,4028,1779
4920440020873400,2325,1827,2137,1911,4025,1782
4920440020945700,2325,1825,2131,1911,4031,1779
4920440021014300,2327,1826,2131,1912,4067,1779
4920440021036600,2324,1825,2130,1916,4034,1779
4920440021058200,2326,1827,2132,1909,4032,1779
4920440021075800,2325,1824,2131,1909,4030,1822
4920440021093100,2328,1826,2130,1912,4027,1780
4920440021113000,2328,1825,2131,1912,4028,1780
4920440021134300,2328,1825,2131,1910,4029,1779
4920440021153400,2327,1825,2131,1911,4029,1779
4920440021175000,2328,1846,2133,1912,4029,1824
4920440021193000,2346,1825,2130,1909,4034,1778
4920440021210800,2328,1826,2132,1911,4030,1777
4920440021228500,2328,1826,2142,1912,4032,1774
4920440021249000,2328,1826,2130,1911,4032,1779
4920440021272700,2327,1826,2130,1911,4030,1781
4920440021290600,2327,1825,2132,1912,4026,1779
4920440021308400,2326,1825,2132,1911,4033,1778
4920440021328200,2449,1826,2131,1912,4031,1778
4920440021347500,2325,1826,2132,1912,4033,1778
4920440021366500,2327,1824,2132,1910,4032,1777
4920440021387300,2326,1825,2130,1911,4029,1779
4920440021407300,2327,1825,2130,1910,4068,1779
4920440021428800,2327,1828,2131,1911,4027,1777
4920440021445700,2326,1825,2131,1910,4032,1780
4920440021462900,2329,1826,2131,1912,4027,1826
4920440021481700,2328,1824,2129,1909,4095,1777
4920440021501000,2327,1826,2131,1910,4031,1779
4920440021519200,2328,1827,2130,1912,4030,1779
4920440021537300,2326,1826,2132,1911,4026,1778
4920440021555400,2327,1826,2131,1912,4032,1778
4920440021573600,2328,1829,2132,1753,4032,1778
4920440021591700,2327,1827,2131,1912,4034,1778
4920440021610400,2328,1826,2130,1910,4028,1778
4920440021631100,2330,1826,2130,1910,4029,1777
4920440021649100,2327,1826,2131,1912,4032,1779
4920440021667300,2327,1825,2130,1911,4032,1777
4920440021685400,2328,1827,2129,1910,4055,1779
4920440021705000,2328,1827,2132,1909,4030,1779
4920440021724200,2328,1825,2133,1911,4031,1778
4920440021742200,2328,1827,2131,1910,4019,1778
4920440021766300,2328,1828,2131,1911,4029,1779
4920440021785900,2328,1825,2131,1910,4056,1778
4920440021803900,2326,1827,2131,1910,4032,1778
4920440021822200,2327,1826,2131,1912,4032,1777
4920440021840900,2326,1827,2131,1912,4027,1779
4920440021859000,2329,1824,2129,1911,4031,1779
4920440021877300,2326,1827,2131,1910,4029,1778
4920440021895000,2326,1825,2129,1910,4027,1779
4920440021914700,2327,1841,2131,1909,4033,1935
4920440021934400,2326,1679,2131,1910,4058,1779
4920440021952400,2330,1826,2131,1911,4031,1777
4920440021970100,2327,1826,2130,1911,4026,1780
4920440021987900,2328,1827,2131,1911,4037,1778
4920440022005500,2327,1827,2129,1910,4032,1818
4920440022023400,2327,1826,2137,1911,4028,1776
4920440022041300,2327,1824,2129,1912,4027,1777
4920440022060900,2328,1826,2131,1910,4034,1780
4920440022076800,2328,1826,2130,1911,4035,1778
4920440022092700,2326,1827,2133,1911,4032,1546
4920440022108700,2328,1825,2130,1912,4031,1778
4920440022124600,2327,1826,2131,1910,4029,1779
4920440022140800,2326,1826,2131,1911,4024,1779
4920440022156600,2327,1826,2136,1910,4030,1782
4920440022174100,2328,1825,2132,1912,4029,1778
4920440022190100,2326,1827,2130,1911,4066,1779
4920440022206100,2323,1826,2130,1916,4027,1779
4920440022222200,2326,1827,2132,1910,4032,1778
4920440022238100,2326,1825,2131,1911,4027,1824
4920440022254200,2327,1826,2131,1912,4033,1778
4920440022270100,2327,1827,2130,1910,4032,1778
4920440022286000,2325,1827,2131,1911,4029,1777
4920440022302200,2326,1825,2130,1913,4029,1778
4920440022318300,2326,1840,2131,1912,4025,1779
4920440022334800,2345,1825,2128,1910,4033,1778
4920440022350900,2327,1827,2130,1912,4034,1778
4920440022367600,2326,1825,2142,1911,4031,1775
4920440022383400,2328,1825,2130,1911,4032,1778
4920440022399500,2328,1825,2131,1910,4029,1777
4920440022416000,2327,1823,2131,1910,4028,1778
4920440022431900,2328,1825,2132,1911,4029,1778
4920440022447900,2447,1826,2132,1912,4031,1779
4920440022465200,2324,1826,2130,1912,4025,1778
4920440022481800,2329,1826,2132,1911,4034,1778
4920440022499600,2326,1826,2131,1910,4032,1780
4920440022515200,2326,1826,2130,1910,4065,1779
4920440022531800,2327,1827,2131,1912,4027,1780
4920440022547100,2329,1825,2131,1911,4028,1780
4920440022562600,2326,1825,2131,1909,4032,1825
4920440022578300,2326,1826,2129,1909,4095,1779
4920440022595900,2327,1826,2131,1911,4032,1777
4920440022611400,2328,1827,2128,1912,4030,1778
4920440022627000,2326,1827,2133,1911,4032,1779
4920440022642400,2329,1825,2131,1911,4029,1779
4920440022658900,2328,1826,2131,1753,4027,1779
4920440022674200,2327,1826,2130,1910,4028,1778
4920440022695900,2328,1828,2131,1911,4020,1778
4920440022711100,2329,1825,2129,1910,4031,1778
4920440022726500,2325,1826,2131,1913,4027,1776
4920440022742000,2328,1825,2132,1911,4027,1777
4920440022760100,2328,1826,2131,1910,4051,1780
4920440022777700,2327,1827,2132,1911,4030,1778
4920440022794500,2327,1824,2131,1912,4031,1778
4920440022811200,2329,1825,2131,1911,4020,1778
4920440022827800,2328,1828,2131,1910,4033,1781
4920440022844500,2326,1826,2131,1911,4054,1779
4920440022862200,2326,1826,2131,1907,4032,1778
4920440022878800,2327,1826,2130,1911,4030,1779
4920440022895600,2328,1826,2131,1910,4028,1780
4920440022912400,2328,1826,2130,1911,4030,1779
4920440022928700,2328,1825,2131,1911,4032,1780
4920440022945300,2327,1826,2129,1910,4030,1778
4920440022963200,2325,1840,2131,1910,4026,1779
4920440022979900,2326,1680,2130,1910,4056,1778
4920440022996600,2330,1826,2133,1910,4028,1777
4920440023013300,2326,1827,2130,1910,4034,1780
4920440023030200,2328,1825,2130,1911,4033,1778
4920440023046800,2328,1827,2131,1909,4033,1813
4920440023063600,2327,1826,2134,1912,4030,1776
4920440023080900,2328,1826,2130,1912,4030,1778
4920440023098100,2326,1826,2131,1910,4031,1779
4920440023114700,2326,1827,2130,1910,4028,1779
4920440023133800,2327,1827,2130,1909,4032,1546
4920440023149200,2326,1826,2129,1911,4031,1778
4920440023164800,2328,1825,2130,1912,4029,1778
4920440023180200,2326,1827,2131,1910,4032,1778
4920440023195900,2326,1827,2134,1911,4030,1781
4920440023211400,2328,1826,2130,1910,4027,1778
4920440023226900,2328,1825,2132,1911,4055,1778
4920440023241800,2324,1825,2130,1912,4031,1779
4920440023259600,2327,1831,2132,1911,4029,1780
4920440023277300,2326,1825,2131,1910,4031,1815
4920440023294000,2327,1826,2131,1910,4031,1779
4920440023313400,2326,1827,2130,1910,4025,1779
4920440023328600,2327,1826,2131,1909,4032,1777
4920440023343800,2328,1826,2131,1911,4028,1778
4920440023358900,2325,1829,2131,1911,4028,1810
4920440023374100,2340,1827,2130,1911,4026,1779
4920440023389600,2327,1825,2130,1911,4031,1778
4920440023405600,2327,1825,2140,1911,4027,1774
4920440023420600,2327,1827,2130,1911,4034,1778
4920440023436000,2328,1826,2130,1910,4031,1777
4920440023451400,2327,1825,2132,1910,4033,1777
4920440023466400,2327,1825,2131,1911,4032,1779
4920440023481500,2449,1826,2131,1913,4028,1779
4920440023496400,2327,1825,2130,1910,4027,1779
4920440023511400,2328,1827,2130,1911,4032,1777
4920440023526300,2327,1825,2131,1910,4032,1780
4920440023541500,2328,1826,2132,1912,4061,1779
4920440023558000,2327,1825,2132,1911,4031,1776
4920440023573000,2326,1826,2131,1912,4032,1780
4920440023588100,2326,1826,2131,1910,4030,1826
4920440023603100,2328,1826,2130,1911,4095,1778
4920440023618200,2326,1826,2131,1911,4032,1777
4920440023633200,2328,1827,2130,1912,4032,1778
4920440023648200,2328,1826,2131,1911,4030,1778
4920440023663300,2325,1825,2131,1911,4029,1777
4920440023679000,2326,1824,2131,1754,4026,1779
4920440023694200,2327,1827,2130,1909,4038,1778
4920440023709200,2328,1826,2131,1910,4022,1779
4920440023724100,2328,1827,2130,1909,4029,1777
4920440023739100,2328,1825,2131,1910,4032,1778
4920440023754200,2328,1826,2131,1910,4032,1777
4920440023769100,2326,1827,2129,1909,4047,1779
4920440023784100,2328,1826,2130,1911,4028,1779
4920440023799200,2324,1826,2132,1910,4031,1778
4920440023814100,2328,1827,2131,1909,4025,1777
4920440023830300,2328,1828,2131,1910,4032,1779
4920440023845200,2326,1826,2131,1910,4054,1777
4920440023860200,2330,1827,2130,1911,4030,1777
4920440023875000,2326,1825,2132,1910,4034,1776
4920440023890100,2328,1827,2131,1909,4027,1777
4920440023904900,2327,1827,2130,1911,4027,1778
4920440023920000,2324,1827,2130,1911,4026,1778
4920440023934900,2328,1825,2129,1911,4030,1778
4920440023949900,2326,1837,2132,1910,4030,1779
4920440023965300,2326,1680,2131,1910,4056,1779
4920440023980300,2328,1826,2131,1911,4027,1780
4920440023999200,2327,1825,2131,1912,4028,1780
4920440024014200,2328,1829,2130,1911,4036,1779
4920440024029300,2328,1826,2132,1909,4032,1812
4920440024044300,2326,1828,2134,1912,4033,1776
4920440024059400,2327,1826,2131,1911,4028,1779
4920440024074400,2328,1826,2131,1910,4030,1779
4920440024089400,2325,1826,2130,1910,4031,1779
4920440024105100,2327,1825,2131,1909,4032,1545
4920440024120100,2326,1826,2130,1912,4027,1779
4920440024135300,2328,1826,2131,1910,4031,1779
4920440024150100,2328,1827,2131,1910,4028,1779
4920440024165000,2327,1827,2134,1912,4028,1780
4920440024179800,2328,1825,2132,1911,4028,1778
4920440024194800,2326,1826,2130,1911,4056,1778
4920440024210400,2324,1826,2130,1912,4032,1778
4920440024225600,2328,1826,2132,1910,4032,1777
4920440024240700,2325,1826,2130,1911,4026,1816
4920440024256400,2327,1827,2130,1911,4031,1778
4920440024271500,2326,1826,2132,1910,4032,1779
4920440024286500,2327,1827,2131,1910,4026,1778
4920440024301700,2326,1825,2132,1912,4033,1779
4920440024316700,2328,1825,2132,1909,4030,1780
4920440024331800,2337,1826,2129,1911,4031,1778
4920440024346800,2328,1826,2130,1912,4035,1777
4920440024362100,2328,1825,2137,1911,4031,1774
4920440024381100,2326,1827,2131,1910,4035,1778
4920440024397500,2326,1826,2131,1911,4033,1777
4920440024413800,2326,1826,2132,1910,4032,1778
4920440024430000,2328,1825,2132,1910,4031,1777
4920440024446200,2448,1826,2132,1912,4034,1777
4920440024464300,2325,1825,2132,1911,4030,1779
4920440024479400,2327,1826,2131,1911,4032,1778
4920440024494400,2326,1827,2131,1910,4032,1778
4920440024509500,2327,1826,2132,1909,4056,1778
4920440024524600,2328,1826,2132,1910,4031,1778
4920440024540200,2327,1826,2131,1910,4032,1779
4920440588818900,2326,1826,2131,1910,4028,1827
4920440588885600,2327,1828,2129,1910,4095,1779
4920440588902900,2327,1825,2133,1911,4028,1779
4920440588924300,2328,1827,2128,1912,4030,1778
4920440588941500,2326,1826,2132,1911,4032,1779
4920440588958800,2326,1825,2131,1910,4034,1778
4920440588975700,2328,1827,2130,1752,4035,1779
4920440588996900,2328,1826,2130,1910,4031,1777
4920440589013900,2328,1826,2130,1910,4020,1779
4920440589030900,2330,1826,2131,1909,4034,1779
4920440589047700,2326,1826,2131,1911,4029,1778
4920440589064200,2327,1826,2130,1911,4032,1779
4920440589083900,2328,1826,2131,1909,4045,1780
4920440589100400,2328,1826,2130,1910,4032,1779
4920440589117000,2326,1827,2132,1911,4033,1778
4920440589133800,2328,1827,2130,1908,4022,1778
4920440589150900,2327,1825,2132,1909,4032,1780
4920440589167500,2326,1825,2130,1911,4050,1778
4920440589184200,2325,1827,2131,1911,4026,1780
4920440589201000,2326,1825,2132,1910,4030,1777
4920440589218900,2327,1826,2131,1910,4031,1778
4920440589239100,2328,1827,2130,1911,4030,1778
4920440589254600,2326,1827,2130,1912,4028,1780
4920440589270300,2328,1826,2129,1910,4033,1777
4920440589286000,2327,1834,2132,1910,4032,1779
4920440589301800,2326,1680,2131,1912,4054,1779
4920440589319400,2330,1825,2131,1911,4031,1777
4920440589339500,2326,1826,2130,1912,4027,1780
4920440589355300,2327,1826,2130,1910,4031,1779
4920440589373700,2327,1826,2132,1911,4032,1814
4920440589390200,2327,1826,2136,1912,4030,1776
4920440589428700,2327,1824,2131,1911,4028,1779
4920440589445500,2327,1826,2131,1911,4030,1779
4920440589462200,2326,1827,2129,1911,4030,1779
4920440589478700,2326,1826,2132,1912,4028,1544
4920440589495400,2328,1825,2130,1912,4031,1777
4920440589512200,2325,1828,2131,1909,4028,1779
4920440589528700,2328,1826,2132,1910,4032,1780
4920440589548200,2327,1826,2134,1910,4034,1780
4920440589564500,2327,1825,2132,1909,4026,1779
4920440589580700,2328,1826,2132,1909,4049,1779
4920440589596900,2324,1825,2132,1912,4033,1778
4920440589613500,2328,1827,2131,1909,4032,1779
4920440589629700,2325,1825,2133,1911,4027,1818
4920440589647000,2327,1827,2131,1911,4031,1778
4920440589663200,2327,1827,2131,1910,4032,1779
4920440589680700,2326,1827,2131,1911,4032,1779
4920440589696400,2327,1824,2131,1912,4027,1778
4920440589722800,2326,1821,2132,1910,4032,1777
4920440589739700,2336,1826,2129,1910,4030,1778
4920440589756700,2327,1825,2130,1911,4038,1777
4920440589773600,2326,1825,2140,1911,4034,1773
4920440589792300,2326,1827,2130,1912,4031,1778
4920440589811100,2326,1826,2131,1910,4031,1777
4920440589830200,2327,1828,2132,1910,4028,1779
4920440589849700,2329,1824,2132,1911,4033,1778
4920440589868800,2449,1826,2130,1912,4031,1780
4920440589887700,2325,1826,2131,1911,4030,1778
4920440589906600,2326,1826,2131,1910,4032,1777
4920440589925600,2326,1827,2131,1911,4028,1780
4920440589944800,2328,1826,2130,1910,4052,1778
4920440589963800,2326,1826,2132,1911,4032,1777
4920440589987500,2326,1824,2131,1910,4028,1779
4920440590005200,2328,1825,2132,1910,4032,1828
4920440590022800,2326,1825,2130,1908,4095,1779
4920440590040600,2328,1826,2132,1910,4027,1778
4920440590058000,2327,1825,2130,1912,4030,1777
4920440590075600,2329,1826,2132,1909,4032,1780
4920440590093200,2327,1822,2132,1910,4033,1777
4920440590113200,2327,1827,2132,1754,4033,1777
4920440590130700,2328,1828,2131,1909,4030,1778
4920440590149400,2327,1824,2131,1910,4020,1778
4920440590165600,2329,1825,2130,1908,4031,1779
4920440590184900,2327,1826,2131,1910,4032,1778
4920440590200400,2327,1826,2130,1910,4030,1777
4920440590219000,2328,1826,2129,1907,4044,1778
4920440590235300,2328,1826,2130,1910,4028,1779
4920440590251400,2327,1826,2132,1912,4031,1778
4920440590267600,2328,1826,2130,1909,4022,1779
4920440590283800,2328,1829,2130,1910,4030,1779
4920440590300900,2326,1826,2131,1909,4057,1778
4920440590317000,2328,1824,2131,1909,4027,1778
4920440590334900,2326,1825,2132,1909,4030,1777
4920440590350300,2326,1826,2131,1909,4034,1779
4920440590365800,2327,1825,2128,1912,4030,1776
4920440590405100,2329,1826,2132,1908,4032,1779
4920440590420500,2328,1826,2129,1910,4033,1776
4920440590436000,2326,1835,2132,1909,4034,1780
4920440590451400,2325,1681,2131,1909,4048,1778
4920440590466800,2328,1825,2132,1908,4030,1777
4920440590482300,2326,1826,2130,1910,4030,1778
4920440590497600,2328,1826,2131,1907,4031,1778
4920440590513200,2327,1826,2132,1909,4032,1812
4920440590528700,2327,1826,2134,1911,4030,1774
4920440590732400,2326,1825,2130,1908,4031,1777
4920440590764400,2328,1826,2132,1910,4030,1778
4920440590782000,2326,1826,2130,1910,4032,1778
4920440590804100,2325,1827,2130,1909,4032,1544
4920440590823900,2327,1824,2131,1908,4031,1778
4920440590847500,2328,1825,2131,1909,4029,1778
4920440590868800,2327,1827,2130,1910,4029,1780
4920440590890000,2327,1827,2134,1910,4025,1781
4920440590910400,2326,1826,2132,1910,4030,1779
4920440590932300,2326,1827,2132,1910,4051,1779
4920440590951100,2325,1826,2130,1910,4030,1777
4920440590973400,2326,1827,2133,1909,4028,1778
4920440590991900,2327,1824,2131,1909,4032,1812
4920440591010600,2327,1826,2130,1909,4031,1778
4920440591029300,2329,1827,2131,1909,4032,1778
4920440591049300,2326,1825,2132,1910,4032,1777
4920440591067000,2327,1825,2132,1911,4031,1775
4920440591085100,2326,1818,2132,1909,4028,1808
4920440591104300,2336,1825,2130,1910,4030,1778
4920440591120400,2328,1826,2131,1911,4031,1778
4920440591136300,2326,1825,2140,1910,4033,1773
4920440591152300,2328,1823,2131,1909,4032,1778
4920440591168200,2327,1826,2131,1911,4031,1776
4920440591185300,2327,1825,2132,1910,4032,1777
4920440591201300,2327,1825,2130,1911,4030,1779
4920440591217500,2449,1826,2132,1909,4031,1777
4920440591233500,2325,1827,2131,1909,4031,1777
4920440591249500,2326,1826,2130,1910,4031,1778
4920440591265400,2327,1825,2131,1909,4029,1779
4920440591281200,2328,1826,2132,1909,4058,1777
4920440591304900,2328,1826,2131,1910,4029,1777
4920440591321200,2327,1826,2131,1910,4028,1782
4920440591337400,2328,1825,2131,1909,4029,1826
4920440591354300,2328,1826,2130,1909,4095,1779
4920440591371500,2327,1828,2131,1910,4031,1777
4920440591388600,2328,1826,2130,1910,4029,1777
4920440591405700,2326,1827,2133,1909,4030,1777
4920440591422800,2328,1826,2131,1910,4032,1779
4920440591439800,2327,1826,2132,1752,4030,1777
4920440591456600,2328,1826,2131,1909,4032,1777
4920440591483300,2328,1824,2132,1909,4024,1779
4920440591503300,2329,1825,2130,1909,4032,1778
4920440591520200,2326,1825,2131,1908,4031,1778
4920440591537000,2326,1826,2129,1909,4029,1776
4920440591553900,2326,1826,2131,1907,4047,1777
4920440591570800,2327,1826,2129,1910,4026,1778
4920440591587700,2328,1827,2132,1909,4031,1776
4920440591604500,2327,1826,2130,1908,4022,1778
4920440591622100,2327,1828,2132,1908,4033,1779
4920440591638900,2324,1826,2130,1909,4058,1779
4920440591655800,2327,1826,2131,1908,4032,1777
4920440591672600,2327,1827,2130,1908,4026,1778
4920440591689400,2328,1828,2130,1909,4056,1776
4920440591706400,2328,1825,2130,1909,4030,1777
4920440591724400,2327,1827,2131,1909,4027,1777
4920440591741300,2326,1826,2129,1909,4030,1777
4920440591761000,2327,1833,2132,1909,4034,1778
4920440591779400,2326,1680,2132,1907,4052,1778
4920440591797500,2330,1826,2132,1908,4033,1779
4920440591816900,2327,1826,2130,1910,4029,1778
4920440591836100,2329,1826,2131,1908,4031,1779
4920440591854600,2328,1826,2132,1909,4028,1814
4920440591875100,2326,1825,2135,1911,4031,1774
4920440591894100,2328,1825,2130,1910,4029,1777
4920440591913000,2328,1826,2131,1908,4032,1778
4920440591932100,2324,1827,2130,1908,4035,1777
4920440591954000,2326,1825,2132,1907,4032,1543
4920440591974500,2328,1824,2130,1908,4035,1778
4920440591994600,2326,1826,2131,1909,4033,1777
4920440592014600,2328,1826,2131,1908,4032,1777
4920440592034800,2327,1825,2133,1908,4029,1781
4920440592054800,2328,1822,2132,1909,4029,1777
4920440592074800,2326,1825,2132,1909,4050,1778
4920440592096900,2324,1825,2130,1910,4027,1778
4920440592115000,2326,1825,2132,1908,4027,1779
4920440592133000,2326,1825,2130,1910,4031,1810
4920440592150900,2327,1826,2131,1909,4031,1778
4920440592170400,2326,1826,2131,1908,4029,1778
4920440592188500,2329,1825,2132,1907,4025,1778
4920440592206500,2327,1826,2132,1910,4029,1777
4920440592224500,2326,1814,2131,1909,4028,1809
4920440592242500,2333,1827,2131,1908,4031,1779
4920440592260600,2327,1824,2130,1909,4036,1777
4920440592278500,2327,1825,2140,1909,4032,1774
4920440592298000,2328,1826,2131,1909,4028,1778
4920440592314500,2327,1826,2132,1908,4033,1777
4920440592331500,2327,1827,2131,1909,4032,1778
4920440592348000,2325,1825,2131,1909,4032,1777
4920440592364500,2450,1826,2132,1909,4030,1777
4920440592382600,2325,1826,2131,1908,4031,1777
4920440592399000,2328,1825,2131,1908,4028,1776
4920440592423400,2328,1825,2131,1908,4033,1777
4920440592440000,2327,1826,2131,1907,4054,1777
4920440592456400,2328,1827,2132,1909,4027,1776
4920440592472900,2328,1825,2131,1906,4032,1777
4920440592490500,2328,1826,2131,1908,4032,1826
4920440592507900,2326,1826,2131,1906,4095,1777
4920440592524400,2327,1826,2132,1908,4031,1776
4920440592540800,2326,1826,2130,1908,4035,1776
4920440592557400,2326,1825,2133,1909,4025,1778
4920440592574000,2326,1827,2132,1908,4032,1777
4920440592590600,2328,1828,2132,1751,4031,1776
4920440592607100,2326,1827,2131,1907,4036,1776
4920440592623700,2328,1824,2131,1907,4026,1778
4920440592640900,2329,1826,2130,1908,4031,1776
4920440592657500,2325,1826,2130,1908,4032,1777
4920440592674000,2326,1826,2130,1908,4029,1777
4920440592690300,2327,1827,2130,1908,4031,1777
4920440592706900,2326,1826,2129,1909,4026,1778
4920440592723400,2327,1826,2132,1909,4031,1777
4920440592739800,2327,1827,2131,1908,4019,1779
4920440592757200,2328,1828,2132,1907,4036,1778
4920440592772200,2324,1825,2131,1907,4056,1778
4920440592789200,2326,1826,2131,1908,4031,1777
4920440592807100,2325,1825,2132,1908,4026,1776
4920440592824100,2327,1827,2131,1907,4033,1776
4920440592841000,2324,1827,2130,1907,4032,1775
4920440592859100,2326,1827,2131,1907,4030,1777
4920440592877100,2326,1827,2129,1908,4034,1776
4920440592895100,2326,1832,2132,1906,4035,1859
4920440592913100,2326,1678,2131,1908,4050,1777
4920440592931100,2329,1824,2131,1908,4030,1776
4920440592949200,2325,1826,2131,1907,4030,1777
4920440592968000,2326,1825,2131,1907,4030,1777
4920440592986000,2328,1825,2132,1905,4032,1814
4920440593003900,2328,1827,2134,1909,4030,1774
4920440593021900,2327,1825,2130,1907,4030,1777
4920440593043000,2327,1826,2131,1906,4029,1779
4920440593061100,2326,1826,2129,1907,4033,1775
4920440593079200,2327,1825,2132,1907,4028,1544
4920440593097300,2327,1824,2130,1907,4029,1777
4920440593116900,2328,1825,2131,1907,4034,1777
4920440593134600,2327,1826,2130,1906,4032,1777
4920440593150800,2328,1826,2132,1907,4029,1780
4920440593166900,2327,1826,2132,1906,4028,1776
4920440593183200,2329,1822,2132,1906,4049,1779
4920440593199400,2322,1826,2131,1908,4030,1775
4920440593216900,2328,1826,2132,1906,4029,1778
4920440593234300,2326,1825,2130,1907,4028,1807
4920440593250400,2326,1827,2131,1907,4031,1776
4920440593266600,2325,1826,2132,1906,4027,1775
4920440593282800,2326,1827,2131,1905,4032,1776
4920440593299600,2327,1826,2132,1909,4031,1777
4920440593315900,2324,1814,2131,1906,4032,1777
4920440593332100,2331,1826,2130,1906,4035,1775
4920440593348700,2326,1823,2130,1907,4030,1777
4920440593365200,2328,1824,2141,1907,4030,1772
4920440593381800,2326,1827,2130,1906,4031,1777
4920440593400000,2327,1826,2131,1906,4036,1775
4920440593417300,2325,1826,2132,1906,4034,1776
4920440593436900,2326,1826,2130,1907,4031,1777
4920440593455600,2451,1826,2131,1908,4033,1778
4920440593474400,2327,1827,2130,1906,4034,1778
4920440593492900,2327,1827,2132,1907,4034,1773
4920440593513400,2326,1826,2131,1906,4032,1778
4920440593530800,2326,1826,2131,1906,4056,1777
4920440593548000,2327,1825,2132,1908,4025,1776
4920440593565100,2328,1826,2131,1906,4032,1776
4920440593585300,2327,1826,2131,1905,4026,1826
4920440593601000,2328,1826,2131,1904,4095,1776
4920440593617300,2326,1825,2132,1906,4034,1776
4920440593636200,2328,1827,2131,1907,4027,1777
4920440593653400,2328,1826,2132,1905,4030,1776
4920440593670800,2327,1826,2131,1906,4032,1776
4920440593687900,2327,1827,2132,1749,4033,1777
4920440593705100,2327,1825,2131,1905,4028,1777
4920440593722400,2330,1824,2132,1906,4020,1776
4920440593739500,2329,1825,2130,1904,4032,1778
4920440593757700,2326,1825,2131,1904,4032,1776
4920440593776200,2325,1826,2130,1906,4033,1776
4920440593791600,2326,1826,2130,1904,4033,1775
4920440593807100,2326,1826,2129,1906,4029,1777
4920440593822700,2327,1826,2131,1905,4028,1777
4920440593840700,2326,1828,2131,1905,4034,1778
4920440593855600,2327,1829,2133,1904,4032,1779
4920440593870500,2325,1826,2131,1904,4052,1778
4920440593885400,2326,1826,2130,1905,4030,1776
4920440593900300,2328,1825,2132,1905,4027,1776
4920440593915100,2328,1827,2131,1904,4030,1778
4920440593930500,2328,1826,2130,1905,4030,1777
4920440593945400,2327,1825,2132,1905,4030,1776
4920440593961100,2326,1825,2129,1904,4027,1777
4920440593976000,2326,1832,2131,1904,4032,1778
4920440593991000,2326,1680,2131,1904,4052,1777
4920440594005700,2329,1826,2132,1905,4034,1777
4920440594022000,2326,1827,2129,1904,4032,1777
4920440594036900,2326,1827,2130,1904,4035,1775
4920440594052800,2328,1825,2132,1904,4028,1811
4920440594067700,2328,1827,2136,1907,4031,1776
4920440594082700,2328,1826,2130,1905,4030,1777
4920441156543200,2327,1827,2130,1904,4035,1778
4920441156635200,2324,1827,2130,1904,4033,1776
4920441156680700,2326,1827,2132,1904,4032,1543
4920441156739200,2328,1826,2130,1904,4031,1775
4920441156785200,2328,1825,2131,1905,4029,1776
4920441156830300,2327,1826,2131,1904,4024,1778
4920441157038200,2328,1826,2131,1904,4028,1780
4920441157123600,2328,1825,2131,1904,4031,1777
4920441157191700,2326,1827,2131,1905,4043,1779
4920441157233500,2324,1825,2130,1904,4034,1777
4920441157275300,2326,1827,2132,1903,4032,1778
4920441157316800,2329,1825,2131,1903,4032,1808
4920441157358300,2327,1822,2131,1904,4027,1776
4920441157399500,2327,1825,2132,1902,4032,1777
4920441157441200,2328,1827,2131,1903,4028,1777
4920441157487700,2326,1824,2132,1905,4029,1776
4920441157529400,2326,1812,2132,1904,4025,1778
4920441157579800,2332,1824,2130,1901,4032,1775
4920441157621100,2328,1825,2131,1903,4034,1776
4920441157662200,2326,1826,2140,1902,4031,1773
4920441157703500,2328,1825,2131,1903,4027,1775
4920441157744400,2326,1828,2131,1903,4033,1775
4920441157785500,2327,1825,2132,1902,4032,1777
4920441157826900,2326,1828,2132,1902,4031,1776
4920441157868200,2452,1825,2132,1903,4030,1775
4920441157909800,2325,1826,2132,1902,4033,1777
4920441157951100,2327,1826,2132,1902,4030,1776
4920441157992200,2327,1827,2131,1902,4032,1779
4920441158033500,2326,1827,2132,1902,4052,1778
4920441158075600,2326,1827,2132,1903,4027,1777
4920441158116800,2327,1827,2131,1900,4028,1776
4920441158158400,2328,1826,2131,1901,4028,1826
4920441158200000,2325,1826,2130,1901,4095,1776
4920441158249100,2327,1824,2132,1901,4033,1777
4920441158291000,2327,1825,2131,1904,4033,1777
4920441158332500,2327,1826,2132,1903,4030,1778
4920441158376100,2328,1826,2131,1903,4032,1776
4920441158417100,2327,1826,2132,1744,4030,1777
4920441158460100,2326,1825,2131,1900,4022,1775
4920441158521700,2326,1824,2131,1900,4022,1777
4920441158577200,2330,1826,2130,1900,4028,1776
4920441158642200,2326,1826,2130,1900,4031,1776
4920441158717000,2327,1827,2130,1900,4033,1776
4920441158765500,2327,1826,2131,1901,4044,1778
4920441158809500,2327,1826,2130,1902,4032,1776
4920441158864100,2327,1826,2131,1901,4033,1776
4920441158905300,2328,1826,2129,1900,4030,1776
4920441158947000,2326,1829,2132,1901,4029,1779
4920441158988800,2326,1825,2131,1900,4052,1776
4920441159030600,2327,1825,2131,1899,4032,1774
4920441159072800,2325,1826,2131,1902,4032,1776
4920441159114400,2327,1825,2129,1900,4012,1775
4920441159155700,2328,1827,2129,1901,4030,1777
4920441159197500,2328,1826,2131,1899,4030,1778
4920441159241500,2326,1825,2129,1901,4027,1777
4920441159283500,2325,1829,2131,1900,4034,1778
4920441159327600,2326,1679,2131,1901,4052,1776
4920441159369100,2329,1826,2131,1900,4026,1777
4920441159410500,2326,1826,2130,1899,4034,1776
4920441159452200,2325,1827,2131,1902,4033,1777
4920441159493700,2327,1826,2132,1899,4032,1812
4920441159535200,2327,1826,2136,1902,4033,1774
4920441159581000,2328,1826,2130,1902,4028,1777
4920441159622900,2326,1826,2131,1900,4028,1777
4920441159664600,2324,1826,2130,1900,4030,1777
4920441159706600,2325,1826,2131,1899,4032,1542
4920441159748400,2327,1826,2131,1899,4031,1776
4920441159792100,2327,1825,2131,1903,4031,1775
4920441159834000,2326,1825,2131,1900,4026,1777
4920441159875700,2325,1826,2132,1901,4027,1780
4920441159917700,2325,1826,2130,1901,4029,1775
4920441159959300,2328,1827,2132,1900,4042,1775
4920441160000700,2324,1825,2131,1900,4031,1777
4920441160042700,2327,1830,2131,1899,4032,1775
4920441160084800,2326,1824,2130,1900,4034,1806
4920441160127100,2328,1827,2131,1902,4030,1779
4920441160169100,2326,1825,2130,1900,4028,1776
4920441160211000,2326,1827,2132,1900,4029,1775
4920441160253900,2326,1826,2132,1901,4031,1775
4920441160321000,2326,1813,2132,1901,4032,1776
4920441160394500,2333,1827,2129,1899,4031,1775
4920441160446800,2327,1825,2129,1901,4033,1776
4920441160524400,2328,1824,2140,1899,4031,1772
4920441160585100,2328,1827,2131,1900,4034,1775
4920441160941700,2326,1827,2132,1900,4035,1776
4920441160995000,2327,1826,2133,1899,4032,1777
4920441161220500,2328,1826,2132,1901,4031,1776
4920441161280200,2450,1827,2131,1901,4034,1775
4920441161326200,2325,1826,2130,1901,4027,1776
4920441161372200,2328,1826,2131,1900,4030,1775
4920441161420500,2327,1825,2132,1901,4029,1777
4920441161466500,2326,1826,2130,1900,4054,1777
4920441161512200,2327,1826,2132,1901,4032,1777
4920441161556900,2327,1826,2131,1899,4032,1775
4920441161606300,2327,1825,2132,1900,4032,1824
4920441161652300,2326,1825,2130,1898,4095,1776
4920441161723800,2327,1825,2131,1900,4032,1775
4920441161798800,2328,1826,2131,1900,4032,1775
4920441161850700,2328,1826,2132,1900,4028,1779
4920441161906200,2325,1826,2131,1900,4032,1777
4920441161977400,2327,1826,2132,1744,4027,1777
4920441162028500,2326,1827,2131,1900,4020,1777
4920441162075800,2326,1824,2131,1900,4022,1777
4920441162135400,2328,1826,2129,1900,4034,1777
4920441162199700,2326,1826,2129,1902,4028,1776
4920441162280700,2326,1826,2131,1901,4030,1776
4920441162339300,2328,1826,2131,1900,4044,1777
4920441162393800,2328,1827,2130,1901,4030,1775
4920441162445900,2327,1827,2131,1901,4029,1776
4920441162709900,2326,1826,2131,1904,4032,1776
4920441162758200,2328,1829,2132,1900,4032,1777
4920441162803400,2324,1826,2131,1900,4056,1778
4920441162848100,2326,1824,2131,1899,4034,1775
4920441162889400,2327,1826,2132,1900,4032,1776
4920441162934800,2327,1827,2131,1900,4029,1776
4920441162976200,2327,1826,2130,1902,4032,1776
4920441163017800,2329,1826,2131,1899,4033,1777
4920441163059000,2327,1827,2132,1901,4027,1777
4920441163100200,2326,1830,2132,1899,4032,1778
4920441163141400,2326,1678,2131,1900,4052,1777
4920441163182500,2328,1825,2132,1899,4034,1776
4920441163223400,2326,1825,2131,1901,4028,1776
4920441163264900,2327,1827,2131,1900,4033,1776
4920441163306100,2327,1826,2132,1899,4032,1811
4920441163347500,2330,1826,2136,1901,4031,1773
4920441163388800,2327,1826,2130,1900,4027,1776
4920441163430100,2327,1827,2131,1899,4029,1778
4920441163471300,2326,1827,2130,1900,4036,1776
4920441163512700,2324,1827,2132,1899,4026,1542
4920441163553500,2328,1826,2130,1901,4028,1778
4920441163594600,2328,1827,2131,1899,4031,1775
4920441163636200,2327,1826,2131,1900,4030,1777
4920441163677500,2328,1825,2133,1899,4026,1780
4920441163718800,2325,1827,2132,1902,4027,1776
4920441163760000,2327,1825,2131,1901,4048,1773
4920441163800900,2322,1825,2130,1900,4031,1777
4920441163842300,2327,1830,2132,1900,4029,1775
4920441163883900,2326,1825,2132,1899,4032,1805
4920441163925200,2328,1826,2131,1903,4027,1775
4920441163966500,2325,1827,2131,1900,4032,1776
4920441164007500,2326,1825,2131,1899,4028,1776
4920441164048600,2328,1825,2132,1900,4026,1776
4920441164090000,2325,1814,2132,1902,4029,1808
4920441164131100,2332,1827,2129,1899,4030,1778
4920441164172200,2328,1826,2130,1900,4036,1776
4920441164214600,2327,1824,2140,1901,4033,1771
4920441164259800,2327,1825,2130,1900,4036,1777
4920441164359600,2328,1825,2133,1900,4031,1775
4920441164392400,2328,1826,2131,1900,4032,1776
4920441164419100,2328,1825,2132,1899,4033,1775
4920441164447200,2452,1827,2132,1900,4035,1777
4920441164473800,2326,1827,2130,1901,4031,1775
4920441164500000,2327,1827,2132,1901,4030,1776
4920441164526000,2326,1825,2132,1900,4031,1776
4920441164553700,2328,1825,2130,1901,4050,1775
4920441164575000,2326,1825,2131,1900,4029,1776
4920441164596600,2327,1826,2131,1900,4032,1776
4920441164619500,2327,1827,2132,1900,4027,1826
4920441164640800,2326,1825,2130,1898,4095,1776
4920441164662300,2326,1825,2132,1900,4028,1776
4920441164683700,2327,1826,2131,1901,4030,1776
4920441164700100,2327,1825,2133,1899,4034,1776
4920441164736700,2326,1828,2131,1901,4028,1777
4920441164927300,2327,1826,2131,1744,4031,1775
4920441164994200,2327,1826,2131,1899,4034,1776
4920441165037100,2328,1825,2132,1897,4024,1777
4920441165079200,2329,1826,2130,1900,4032,1777
4920441165121400,2326,1825,2131,1900,4027,1777
4920441165163700,2326,1825,2131,1900,4030,1776
4920441165205500,2325,1824,2131,1901,4042,1777
4920441165247500,2328,1825,2129,1900,4032,1775
4920441165289200,2327,1827,2133,1901,4031,1776
4920441165330900,2326,1826,2131,1899,4048,1776
4920441165372600,2328,1828,2131,1899,4032,1778
4920441165414200,2326,1825,2131,1899,4054,1777
4920441165455900,2327,1826,2131,1900,4033,1775
4920441165497300,2325,1826,2131,1900,4027,1776
4920441165538900,2326,1828,2132,1901,4030,1775
4920441165584600,2326,1825,2130,1900,4033,1776
4920441165632400,2326,1827,2130,1900,4032,1777
4920441165674500,2326,1825,2129,1901,4030,1776
4920441165719800,2326,1829,2131,1899,4029,1858
4920441165761600,2327,1680,2131,1898,4054,1775
4920441165803500,2327,1825,2131,1900,4032,1776
4920441165845000,2327,1825,2130,1899,4034,1777
4920441165886600,2327,1826,2130,1900,4031,1776
4920441165995000,2327,1826,2132,1900,4032,1813
4920441166036500,2328,1825,2136,1901,4032,1773
4920441166077900,2326,1826,2130,1901,4031,1776
4920441166119400,2327,1826,2131,1901,4030,1777
4920441166161400,2326,1827,2131,1899,4032,1775
4920441166203600,2326,1825,2132,1898,4032,1544
4920441166245300,2327,1827,2131,1899,4031,1776
4920441166291000,2327,1826,2131,1901,4031,1776
4920441166347100,2328,1826,2131,1900,4032,1776
4920441166414800,2327,1826,2131,1900,4033,1778
4920441166499800,2326,1825,2130,1901,4028,1774
4920441166554000,2327,1826,2131,1900,4048,1775
4920441166607800,2323,1825,2130,1901,4033,1776
4920441166683000,2326,1826,2133,1899,4028,1777
4920441166733000,2324,1825,2130,1899,4035,1806
4920441166791900,2326,1827,2131,1901,4031,1774
4920441166845800,2327,1826,2131,1899,4032,1778
4920441166893400,2326,1826,2131,1901,4028,1776
4920441166980600,2325,1825,2131,1901,4032,1774
4920441167262200,2326,1812,2132,1901,4032,1775
4920441167333100,2333,1826,2130,1900,4030,1775
4920441167388700,2325,1826,2131,1900,4034,1777
4920441167435400,2328,1825,2139,1901,4028,1773
4920441167487100,2326,1826,2131,1900,4030,1777
4920441167530300,2326,1826,2131,1900,4031,1776
4920441167573100,2328,1826,2132,1899,4036,1776
4920441167620800,2326,1827,2132,1899,4033,1776
4920441167664200,2450,1826,2131,1901,4033,1775
4920441167708900,2325,1826,2132,1900,4029,1775
4920441167751300,2326,1825,2131,1900,4034,1775
4920441167808100,2327,1826,2131,1900,4033,1777
4920441167857300,2327,1826,2129,1900,4052,1779
4920441167905400,2327,1825,2133,1901,4032,1776
4920441167956500,2328,1826,2131,1900,4032,1777
4920441168034000,2327,1826,2131,1900,4026,1826
4920441168095500,2325,1826,2130,1898,4095,1777
4920441168192500,2326,1825,2132,1900,4030,1776
4920441168422900,2326,1826,2131,1901,4032,1775
4920441168476400,2326,1827,2133,1900,4032,1777
4920441168527400,2327,1827,2132,1900,4028,1775
4920441168575700,2326,1826,2132,1743,4032,1775
4920441168623200,2327,1827,2130,1900,4020,1777
4920441168668300,2328,1824,2131,1900,4021,1776
4920441168709800,2329,1826,2130,1899,4035,1776
4920441168751000,2326,1826,2131,1900,4030,1775
4920441168795000,2327,1826,2130,1900,4029,1776
4920441168836400,2327,1825,2130,1898,4029,1776
4920441168878400,2327,1827,2130,1900,4026,1776
4920441168920100,2327,1826,2132,1902,4031,1775
4920441168961100,2328,1828,2131,1900,4034,1776
4920441169002100,2328,1830,2131,1900,4032,1777
4920441169043400,2322,1828,2131,1900,4053,1777
4920441169084900,2326,1825,2131,1900,4027,1777
4920441169126200,2327,1824,2132,1900,4030,1774
4920441169167300,2328,1826,2131,1899,4031,1775
4920441169418600,2328,1824,2128,1902,4028,1776
4920441169492600,2327,1827,2132,1900,4033,1778
4920441169540500,2328,1826,2132,1900,4030,1776
4920441169582900,2325,1831,2132,1899,4032,1778
4920441169624900,2327,1678,2130,1900,4058,1775
4920441169674600,2328,1826,2131,1902,4032,1776
4920441169716400,2327,1825,2130,1901,4030,1777
4920441169758600,2327,1826,2131,1901,4029,1777
4920441169800700,2326,1827,2132,1899,4026,1813
4920441169842400,2326,1827,2136,1899,4029,1774
4920441169887400,2327,1826,2130,1901,4031,1776
4920441169962000,2325,1826,2131,1900,4032,1777
4920441170004400,2324,1826,2130,1900,4030,1777
4920441170046600,2328,1826,2131,1898,4032,1540
4920441170088400,2329,1826,2130,1900,4030,1776
4920441170130500,2326,1827,2131,1901,4031,1775
4920441170172700,2328,1826,2130,1898,4032,1777
4920441170214900,2327,1826,2131,1900,4032,1780
4920441170259000,2328,1825,2131,1900,4029,1776
4920441170301000,2328,1825,2131,1898,4047,1778
4920441170343100,2323,1826,2132,1900,4025,1777
4920441170384800,2326,1827,2132,1900,4026,1777
4920441170427000,2326,1825,2131,1899,4031,1806
4920441170468800,2328,1827,2131,1901,4031,1776
4920441170510500,2326,1827,2130,1899,4033,1778
4920441170552400,2328,1826,2132,1898,4028,1776
4920441170594300,2326,1828,2132,1902,4029,1775
4920441170636400,2326,1814,2131,1900,4029,1806
4920441170678200,2330,1826,2130,1900,4028,1775
4920441170722800,2326,1827,2130,1900,4036,1776
4920441170765300,2326,1825,2140,1901,4034,1772
4920441170810900,2328,1826,2131,1900,4031,1776
4920441170853100,2326,1827,2130,1901,4031,1775
4920441170894700,2328,1826,2132,1901,4032,1776
4920441170936600,2327,1826,2131,1901,4027,1775
4920441170978400,2452,1826,2131,1901,4032,1776
4920441171020100,2327,1827,2130,1901,4028,1775
4920441171062400,2326,1826,2132,1901,4028,1775
4920441171104700,2328,1827,2131,1900,4033,1777
4920441171309700,2328,1826,2132,1900,4053,1776
4920441171354600,2328,1827,2131,1899,4026,1777
4920441171397200,2327,1826,2132,1901,4028,1778
4920441724289700,2327,1827,2129,1900,4027,1824
4920441724382900,2328,1826,2130,1898,4095,1776
4920441724410600,2325,1826,2131,1901,4031,1776
4920441724441700,2328,1828,2131,1899,4030,1777
4920441724460800,2327,1827,2131,1901,4026,1776
4920441724484200,2327,1826,2131,1900,4032,1776
4920441724506000,2327,1825,2131,1743,4030,1777
4920441724523800,2325,1827,2130,1900,4018,1776
4920441724541800,2327,1824,2132,1900,4026,1777
4920441724559600,2329,1826,2130,1900,4033,1776
4920441724577300,2326,1825,2131,1900,4029,1776
4920441724595100,2327,1827,2131,1899,4029,1776
4920441724616200,2326,1826,2130,1899,4029,1777
4920441724631300,2326,1826,2129,1900,4026,1776
4920441724646200,2326,1825,2132,1899,4031,1776
4920441724661300,2325,1826,2131,1898,4052,1776
4920441724676400,2328,1829,2131,1899,4034,1779
4920441724691500,2328,1826,2132,1900,4050,1777
4920441724706600,2328,1826,2131,1900,4028,1775
4920441724721500,2327,1826,2132,1900,4032,1773
4920441724736500,2327,1826,2131,1900,4028,1778
4920441724751400,2327,1826,2130,1901,4026,1777
4920441724766800,2327,1825,2131,1898,4030,1777
4920441724782600,2326,1827,2129,1900,4030,1775
4920441724797700,2325,1831,2132,1898,4033,1857
4920441724812600,2326,1680,2132,1900,4054,1777
4920441724827600,2328,1826,2131,1900,4032,1776
4920441724842500,2326,1825,2131,1901,4034,1778
4920441724857500,2327,1826,2131,1900,4033,1777
4920441724872500,2324,1825,2134,1899,4032,1811
4920441724887400,2326,1826,2134,1902,4031,1773
4920441724902500,2328,1825,2130,1900,4031,1776
4920441724917700,2327,1826,2131,1901,4026,1776
4920441724932800,2324,1828,2130,1900,4028,1777
4920441724947800,2327,1826,2132,1899,4032,1541
4920441724962700,2328,1826,2131,1900,4032,1776
4920441724977700,2326,1826,2131,1899,4031,1777
4920441724992800,2326,1828,2131,1899,4029,1776
4920441725007800,2326,1826,2131,1900,4032,1779
4920441725022700,2327,1826,2132,1900,4028,1776
4920441725037600,2326,1826,2132,1902,4046,1777
4920441725052600,2324,1824,2130,1901,4028,1775
4920441725068900,2328,1826,2132,1901,4032,1776
4920441725085400,2327,1824,2131,1899,4028,1806
4920441725100400,2327,1826,2131,1900,4028,1776
4920441725115200,2327,1825,2132,1900,4026,1777
4920441725130100,2329,1825,2132,1900,4032,1776
4920441725145000,2326,1825,2132,1901,4031,1776
4920441725160700,2326,1814,2133,1901,4032,1777
4920441725175700,2332,1824,2129,1900,4026,1775
4920441725190600,2326,1826,2131,1901,4038,1777
4920441725205500,2327,1825,2140,1901,4032,1771
4920441725220400,2326,1826,2131,1899,4030,1776
4920441725235900,2328,1824,2132,1900,4036,1777
4920441725250900,2327,1825,2133,1899,4032,1777
4920441725265800,2328,1825,2130,1899,4029,1776
4920441725280800,2451,1827,2131,1901,4031,1776
4920441725295700,2325,1827,2132,1901,4036,1775
4920441725310700,2326,1826,2133,1900,4030,1776
4920441725325700,2327,1826,2132,1900,4032,1778
4920441725341500,2327,1827,2131,1898,4053,1777
4920441725359600,2329,1826,2132,1900,4025,1777
4920441725375700,2326,1826,2131,1900,4032,1776
4920441725392300,2328,1826,2131,1898,4028,1826
4920441725408400,2326,1826,2131,1900,4095,1776
4920441725424500,2326,1826,2132,1900,4032,1775
4920441725440700,2329,1826,2132,1900,4034,1775
4920441725458700,2328,1826,2132,1901,4030,1776
4920441725474900,2328,1826,2131,1901,4029,1776
4920441725493900,2327,1825,2132,1743,4033,1777
4920441725508900,2327,1827,2131,1899,4036,1776
4920441725523800,2328,1824,2131,1900,4021,1777
4920441725538800,2330,1825,2130,1900,4032,1776
4920441725553600,2326,1825,2132,1900,4029,1775
4920441725568900,2327,1827,2131,1901,4028,1777
4920441725583700,2328,1827,2131,1899,4040,1776
4920441725598600,2328,1827,2130,1901,4030,1777
4920441725613500,2326,1827,2133,1902,4031,1775
4920441725629200,2328,1827,2132,1899,4050,1777
4920441725644200,2325,1829,2132,1900,4028,1777
4920441725659200,2325,1826,2131,1899,4053,1777
4920441725674200,2326,1826,2131,1899,4032,1775
4920441725689200,2326,1823,2132,1900,4034,1776
4920441725704200,2326,1827,2133,1901,4008,1775
4920441725719500,2326,1826,2130,1901,4028,1771
4920441725734400,2329,1827,2132,1901,4028,1776
4920441725749200,2326,1825,2132,1901,4028,1775
4920441725764300,2326,1831,2132,1901,4026,1778
4920441725779200,2326,1679,2131,1900,4054,1778
4920441725794100,2330,1824,2133,1901,4032,1776
4920441725810400,2327,1827,2132,1901,4026,1777
4920441725825900,2326,1827,2131,1901,4031,1776
4920441725840800,2328,1826,2132,1900,4032,1811
4920441725855700,2327,1826,2136,1901,4030,1775
4920441725870900,2327,1824,2132,1900,4034,1776
4920441725885900,2327,1826,2132,1900,4031,1777
4920441725901500,2325,1827,2131,1900,4033,1777
4920441725916400,2327,1826,2132,1899,4032,1542
4920441725931200,2330,1825,2132,1900,4031,1775
4920441725946100,2328,1825,2133,1901,4029,1777
4920441725961000,2328,1825,2131,1901,4032,1777
4920441725975900,2328,1826,2133,1897,4030,1780
4920441725991000,2326,1825,2132,1902,4031,1774
4920441726011400,2325,1826,2132,1900,4045,1775
4920441726027200,2322,1825,2131,1902,4034,1774
4920441726042600,2326,1827,2133,1899,4032,1776
4920441726057500,2327,1825,2132,1899,4030,1806
4920441726072500,2326,1827,2131,1901,4028,1776
4920441726087500,2327,1826,2133,1900,4036,1775
4920441726102600,2328,1825,2133,1900,4028,1776
4920441726117700,2327,1826,2133,1901,4029,1776
4920441726132800,2328,1815,2133,1899,4026,1747
4920441726147800,2332,1827,2130,1900,4029,1775
4920441726162800,2327,1827,2132,1896,4031,1776
4920441726178900,2326,1826,2141,1901,4029,1772
4920441726194200,2328,1826,2133,1901,4031,1777
4920441726209200,2327,1826,2133,1901,4029,1773
4920441726224200,2328,1825,2134,1899,4034,1776
4920441726239100,2328,1826,2132,1900,4033,1776
4920441726254000,2453,1825,2133,1903,4033,1776
4920441726269100,2324,1827,2132,1900,4032,1775
4920441726284100,2328,1826,2133,1899,4034,1774
4920441726299200,2326,1826,2133,1899,4032,1777
4920441726314100,2328,1827,2134,1900,4056,1778
4920441726329200,2326,1827,2134,1900,4032,1776
4920441726344500,2326,1826,2134,1899,4026,1776
4920441726359700,2328,1826,2134,1900,4032,1824
4920441726374800,2328,1827,2131,1899,4095,1776
4920441726389800,2327,1825,2134,1899,4032,1776
4920441726404700,2328,1827,2134,1900,4033,1776
4920441726419600,2327,1826,2135,1901,4029,1776
4920441726434500,2327,1826,2134,1900,4028,1777
4920441726452000,2326,1827,2135,1744,4027,1776
4920441726467600,2326,1826,2134,1900,4018,1775
4920441726482700,2328,1824,2135,1899,4024,1776
4920441726497600,2328,1825,2133,1899,4027,1776
4920441726514100,2327,1826,2134,1901,4032,1776
4920441726529100,2325,1827,2133,1900,4031,1774
4920441726544000,2327,1825,2133,1899,4044,1777
4920441726558900,2325,1826,2132,1900,4029,1776
4920441726574100,2328,1826,2134,1901,4027,1776
4920441726589100,2326,1827,2134,1900,4033,1776
4920441726604100,2327,1828,2135,1898,4028,1778
4920441726619000,2327,1825,2134,1900,4054,1776
4920441726634000,2326,1826,2135,1899,4032,1775
4920441726648800,2325,1827,2136,1901,4032,1776
4920441726664200,2327,1827,2134,1900,4056,1776
4920441726679200,2326,1826,2133,1900,4030,1776
4920441726694200,2326,1827,2135,1899,4032,1775
4920441726709200,2328,1823,2133,1901,4029,1776
4920441726724100,2325,1830,2135,1898,4033,1856
4920441726739900,2326,1680,2135,1900,4052,1777
4920441726754900,2328,1826,2135,1899,4030,1776
4920441726769800,2327,1826,2133,1900,4026,1778
4920441726784900,2328,1825,2134,1901,4032,1777
4920441726799800,2328,1825,2135,1899,4028,1813
4920441726815100,2326,1826,2138,1901,4032,1774
4920441726830000,2326,1827,2134,1899,4028,1776
4920441726844800,2327,1826,2134,1900,4032,1777
4920441726859900,2324,1827,2134,1898,4031,1776
4920441726875000,2328,1827,2135,1901,4032,1543
4920441726889900,2327,1826,2133,1901,4033,1776
4920441726904900,2325,1827,2135,1901,4029,1776
4920441726919900,2328,1827,2134,1901,4032,1777
4920441726934900,2327,1826,2134,1900,4030,1779
4920441726949800,2329,1825,2136,1899,4024,1777
4920441726964800,2326,1826,2134,1900,4050,1778
4920441726980200,2322,1824,2134,1900,4030,1776
4920441726995200,2326,1826,2135,1900,4032,1777
4920441727014700,2326,1825,2134,1899,4031,1807
4920441727030800,2327,1828,2133,1899,4036,1776
4920441727047100,2328,1825,2135,1899,4025,1778
4920441727063300,2328,1827,2135,1899,4028,1776
4920441727079400,2328,1825,2134,1900,4031,1775
4920441727095600,2327,1816,2138,1899,4032,1776
4920441727115100,2332,1826,2133,1902,4029,1775
4920441727130100,2327,1825,2134,1900,4031,1776
4920441727145300,2328,1825,2144,1899,4032,1772
4920441727160100,2327,1827,2134,1900,4032,1776
4920441727175100,2326,1825,2134,1900,4031,1775
4920441727190100,2326,1826,2136,1898,4028,1776
4920441727204900,2326,1826,2135,1901,4031,1777
4920441727221100,2452,1826,2134,1901,4029,1778
4920441727236100,2326,1825,2134,1900,4031,1776
4920441727251000,2327,1826,2135,1900,4030,1776
4920441727265900,2328,1826,2134,1900,4030,1778
4920441727280800,2327,1826,2133,1899,4057,1776
4920441727305700,2325,1827,2135,1900,4030,1777
4920441727320800,2328,1824,2135,1900,4030,1776
4920441727335600,2328,1826,2135,1900,4032,1824
4920441727350700,2328,1826,2133,1898,4095,1776
4920441727365600,2325,1827,2134,1900,4030,1776
4920441727380500,2328,1827,2134,1900,4030,1775
4920441727395400,2328,1826,2135,1901,4032,1778
4920441727410300,2328,1826,2134,1900,4032,1776
4920441727425300,2328,1826,2135,1742,4030,1779
4920441727440200,2328,1826,2134,1900,4022,1775
4920441727456900,2326,1822,2134,1899,4022,1776
4920441727472300,2329,1829,2133,1899,4033,1777
4920441727487200,2325,1826,2135,1899,4029,1777
4920441727502200,2327,1826,2134,1900,4032,1776
4920441727517200,2326,1826,2134,1898,4031,1777
4920441727532200,2326,1826,2132,1901,4029,1775
4920441727547200,2326,1828,2134,1900,4031,1776
4920441727562200,2328,1825,2134,1898,4049,1776
4920441727577800,2327,1829,2133,1898,4032,1777
4920441727592800,2328,1825,2133,1898,4056,1777
4920441727607800,2326,1826,2133,1899,4026,1777
4920441727623100,2327,1825,2136,1900,4028,1777
4920441727638100,2327,1826,2134,1900,4052,1775
4920441727653100,2326,1826,2132,1901,4028,1776
4920441727668200,2326,1827,2135,1900,4030,1776
4920441727683300,2328,1825,2133,1901,4026,1774
4920441727698200,2327,1830,2135,1900,4033,1857
4920441727713100,2326,1679,2134,1899,4054,1776
4920441727728000,2329,1825,2135,1899,4032,1776
4920441727742900,2327,1825,2134,1900,4027,1777
4920441727757700,2328,1826,2133,1900,4015,1777
4920441727777200,2328,1827,2135,1899,4032,1812
4920441727792300,2328,1827,2138,1902,4032,1774
4920441727807200,2326,1825,2134,1900,4036,1776
4920441727822100,2328,1826,2134,1900,4031,1776
4920441727836900,2324,1826,2133,1899,4031,1778
4920441727851700,2325,1826,2134,1899,4032,1544
4920441727867300,2329,1825,2133,1900,4033,1776
4920441727882100,2325,1827,2134,1900,4033,1776
4920441727897000,2327,1826,2134,1899,4032,1777
4920441727911900,2326,1827,2134,1901,4029,1778
4920441727926800,2327,1826,2134,1901,4032,1777
4920441727943400,2325,1826,2134,1899,4049,1777
4920441727958400,2324,1826,2134,1900,4030,1775
4920441727973300,2326,1826,2134,1900,4032,1776
4920441727988200,2327,1826,2133,1899,4030,1806
4920441728003100,2326,1827,2135,1901,4029,1775
4920441728022800,2326,1827,2133,1899,4032,1778
4920441728037900,2327,1827,2135,1898,4028,1776
4920441728053100,2329,1825,2134,1901,4029,1776
4920441728067900,2325,1812,2135,1901,4025,1777
4920441728082900,2332,1824,2133,1900,4027,1775
4920441728098300,2327,1826,2132,1901,4034,1776
4920441728113300,2327,1824,2143,1901,4033,1773
4920441728128300,2328,1827,2134,1900,4036,1776
4920441728144200,2328,1826,2134,1901,4032,1775
4920441728159100,2328,1825,2135,1899,4032,1777
4920441728174100,2326,1827,2134,1900,4033,1777
4920441728189000,2452,1825,2135,1900,4034,1775
4920441728203900,2326,1826,2133,1901,4025,1776
4920441728218900,2327,1826,2134,1900,4032,1775
4920441728234200,2327,1825,2135,1900,4032,1776
4920441728249400,2326,1827,2134,1900,4052,1777
4920441728264600,2327,1826,2135,1901,4030,1777
4920441728279400,2327,1826,2134,1901,4032,1777
4920441728294500,2327,1826,2133,1900,4032,1826
4920441728309400,2326,1827,2131,1900,4095,1777
4920441728324400,2327,1825,2135,1901,4033,1776
4920441728339300,2328,1826,2133,1902,4029,1776
4920441728354400,2327,1827,2135,1901,4032,1777
4920441728369200,2328,1828,2134,1902,4025,1777
4920441728384200,2326,1826,2134,1744,4033,1775
4920441728399100,2326,1827,2134,1900,4022,1776
4920441728415200,2328,1824,2134,1900,4025,1777
4920441728432600,2329,1826,2134,1900,4029,1776
4920441728447600,2324,1825,2135,1900,4025,1777
4920441728462600,2327,1825,2133,1901,4030,1776
4920441728477500,2328,1826,2133,1901,4043,1777
4920441728492500,2327,1825,2132,1901,4026,1776
4920441728507300,2327,1827,2134,1903,4033,1775
4920441728522300,2328,1827,2134,1899,4048,1777
4920441728537100,2328,1827,2133,1901,4032,1779
4920441728552100,2326,1824,2135,1900,4051,1777
4920441728567500,2326,1825,2135,1900,4030,1778
4920441728582500,2327,1825,2135,1900,4030,1774
4920441728597400,2327,1827,2135,1899,4027,1777
4920441728612200,2326,1826,2132,1901,4027,1777
4920441728627200,2327,1825,2135,1900,4031,1778
4920441728646000,2328,1825,2133,1901,4032,1776
4920441728662300,2327,1829,2135,1900,4026,1778
4920441728678600,2326,1679,2135,1899,4056,1777
4920441728695600,2328,1826,2134,1902,4028,1777
4920441728711900,2327,1825,2134,1901,4032,1777
4920441728728400,2327,1825,2133,1900,4015,1777
4920441728744900,2326,1826,2135,1900,4026,1811
4920441728764100,2325,1825,2138,1903,4028,1776
4920441728779000,2327,1825,2134,1901,4033,1776
4920442293632100,2328,1826,2135,1900,4032,1777
4920442293670900,2324,1827,2133,1900,4032,1777
4920442293694900,2326,1828,2135,1899,4034,1545
4920442293714100,2327,1826,2134,1902,4027,1776
4920442293733300,2327,1825,2134,1900,4033,1774
4920442293752600,2326,1826,2135,1901,4032,1777
4920442293771800,2327,1827,2133,1902,4026,1777
4920442293791400,2326,1826,2136,1900,4031,1777
4920442293813600,2326,1826,2135,1900,4047,1775
4920442293833200,2325,1826,2134,1901,4031,1775
4920442293851900,2328,1826,2135,1900,4034,1776
4920442293870700,2327,1825,2134,1898,4028,1807
4920442293895000,2326,1826,2134,1901,4028,1776
4920442293912500,2326,1826,2134,1900,4032,1777
4920442293929900,2326,1826,2135,1900,4030,1776
4920442293947300,2327,1825,2135,1901,4029,1778
4920442293967500,2326,1813,2135,1901,4029,1808
4920442293991200,2333,1826,2132,1900,4031,1777
4920442294008600,2328,1826,2133,1900,4036,1775
4920442294027000,2327,1826,2143,1900,4032,1773
4920442294044200,2328,1826,2133,1901,4033,1776
4920442294061600,2328,1827,2134,1900,4031,1777
4920442294082300,2327,1825,2136,1899,4034,1776
4920442294100100,2327,1826,2133,1901,4031,1777
4920442294117800,2451,1826,2136,1901,4034,1777
4920442294135200,2326,1827,2134,1901,4030,1776
4920442294153700,2326,1826,2135,1900,4030,1777
4920442294171200,2326,1827,2134,1900,4028,1778
4920442294188900,2328,1827,2135,1900,4053,1777
4920442294207000,2327,1826,2135,1901,4030,1776
4920442294224700,2328,1826,2135,1900,4028,1776
4920442294243200,2327,1827,2134,1899,4026,1826
4920442294260900,2327,1825,2131,1898,4095,1778
4920442294278500,2327,1826,2135,1901,4031,1776
4920442294296300,2327,1827,2134,1902,4032,1776
4920442294313800,2328,1825,2135,1901,4028,1780
4920442294331900,2325,1827,2135,1900,4032,1776
4920442294347700,2328,1825,2134,1744,4033,1776
4920442294363300,2327,1826,2135,1901,4026,1775
4920442294378800,2328,1825,2137,1899,4022,1777
4920442294394200,2330,1824,2134,1900,4033,1777
4920442294409700,2326,1825,2134,1901,4032,1777
4920442294425300,2327,1826,2135,1901,4028,1776
4920442294441300,2327,1825,2135,1900,4040,1777
4920442294457500,2328,1825,2133,1901,4034,1777
4920442294473700,2327,1825,2134,1902,4028,1776
4920442294489900,2327,1828,2134,1900,4030,1776
4920442294526900,2326,1829,2135,1900,4032,1779
4920442294543400,2325,1826,2134,1902,4051,1776
4920442294561100,2326,1825,2135,1901,4032,1778
4920442294577400,2324,1826,2136,1900,4030,1776
4920442294594900,2328,1827,2135,1901,4030,1778
4920442294611300,2326,1826,2133,1901,4034,1776
4920442294627800,2327,1825,2134,1901,4027,1778
4920442294644400,2328,1825,2133,1902,4030,1777
4920442294661100,2325,1832,2135,1900,4032,1778
4920442294677900,2328,1680,2135,1901,4054,1779
4920442294696400,2328,1824,2135,1902,4028,1776
4920442294714600,2327,1826,2134,1902,4032,1777
4920442294732600,2327,1826,2134,1902,4031,1778
4920442294752800,2327,1827,2136,1900,4032,1815
4920442294770800,2328,1826,2139,1903,4034,1774
4920442294787800,2327,1825,2134,1901,4031,1777
4920442294804600,2328,1826,2134,1900,4030,1779
4920442294821400,2325,1827,2134,1901,4028,1778
4920442294839400,2327,1825,2136,1900,4034,1544
4920442294854900,2328,1825,2133,1902,4033,1777
4920442294874300,2327,1825,2135,1901,4032,1778
4920442294892600,2326,1826,2134,1902,4032,1777
4920442294910500,2328,1825,2136,1902,4026,1781
4920442294928600,2328,1824,2136,1900,4029,1777
4920442294946700,2326,1825,2135,1901,4049,1778
4920442294965000,2325,1828,2133,1902,4027,1779
4920442294982900,2326,1826,2136,1901,4034,1776
4920442295002600,2327,1824,2134,1901,4031,1812
4920442295019000,2328,1826,2135,1901,4031,1777
4920442295036300,2328,1826,2135,1901,4026,1778
4920442295052900,2328,1826,2135,1902,4027,1778
4920442295069500,2325,1825,2136,1901,4025,1777
4920442295096400,2327,1827,2137,1901,4032,1777
4920442295114400,2334,1827,2134,1902,4029,1775
4920442295132500,2326,1827,2134,1905,4031,1778
4920442295150600,2326,1825,2143,1902,4031,1772
4920442295177200,2326,1827,2135,1902,4030,1778
4920442295198500,2327,1827,2135,1903,4030,1777
4920442295218500,2327,1825,2136,1902,4034,1777
4920442295246400,2325,1825,2136,1901,4034,1778
4920442295265900,2451,1826,2136,1901,4031,1778
4920442295285400,2327,1825,2134,1901,4031,1778
4920442295310900,2328,1826,2137,1900,4034,1777
4920442295329600,2328,1827,2135,1900,4033,1778
4920442295350600,2326,1826,2135,1901,4052,1777
4920442295368600,2326,1826,2136,1902,4032,1777
4920442295386500,2328,1826,2135,1900,4029,1779
4920442295404500,2327,1826,2136,1901,4026,1828
4920442295422400,2328,1824,2136,1900,4095,1777
4920442295440300,2327,1825,2136,1901,4032,1777
4920442295460100,2326,1825,2134,1902,4028,1778
4920442295476400,2327,1827,2137,1901,4032,1777
4920442295492600,2327,1827,2135,1901,4029,1777
4920442295508900,2327,1826,2136,1744,4033,1777
4920442295525900,2327,1825,2136,1899,4036,1777
4920442295542000,2326,1826,2136,1900,4026,1778
4920442295558200,2329,1826,2134,1901,4034,1778
4920442295576000,2325,1826,2135,1899,4030,1777
4920442295592100,2327,1827,2135,1902,4031,1777
4920442295608400,2326,1829,2134,1902,4038,1778
4920442295624400,2328,1826,2132,1902,4032,1777
4920442295641000,2328,1826,2136,1902,4031,1776
4920442295656800,2328,1826,2136,1900,4034,1777
4920442295672400,2327,1829,2135,1901,4028,1778
4920442295688000,2327,1823,2136,1900,4056,1777
4920442295703700,2326,1826,2135,1900,4030,1777
4920442295719100,2326,1827,2136,1902,4026,1776
4920442295734500,2327,1826,2135,1900,4034,1778
4920442295750200,2327,1826,2134,1901,4026,1778
4920442295766400,2326,1825,2137,1901,4030,1775
4920442295782600,2328,1825,2133,1901,4030,1777
4920442295798900,2324,1832,2137,1900,4034,1775
4920442295815100,2326,1680,2135,1900,4056,1777
4920442295831400,2328,1825,2137,1902,4033,1776
4920442295847700,2325,1826,2134,1901,4029,1777
4920442295864900,2328,1825,2135,1900,4033,1778
4920442295881000,2328,1827,2137,1901,4028,1812
4920442295899800,2327,1827,2139,1902,4028,1775
4920442295915200,2327,1825,2136,1902,4031,1777
4920442295931500,2328,1827,2136,1898,4032,1779
4920442295947100,2326,1826,2136,1902,4032,1777
4920442295962600,2326,1826,2135,1901,4026,1544
4920442295978300,2328,1825,2136,1901,4031,1776
4920442295993800,2325,1826,2135,1903,4028,1778
4920442296009600,2327,1826,2134,1901,4028,1776
4920442296025200,2328,1827,2136,1901,4030,1780
4920442296040700,2327,1825,2137,1901,4029,1777
4920442296056100,2326,1826,2137,1901,4048,1778
4920442296071600,2324,1825,2136,1902,4030,1777
4920442296089700,2328,1827,2137,1899,4032,1777
4920442296105500,2325,1824,2136,1900,4029,1808
4920442296121000,2327,1826,2137,1901,4031,1777
4920442296136700,2325,1827,2136,1900,4032,1778
4920442296153000,2328,1826,2136,1901,4026,1778
4920442296168600,2327,1825,2136,1902,4029,1778
4920442296184100,2326,1812,2137,1901,4032,1777
4920442296199500,2332,1827,2136,1900,4037,1778
4920442296215200,2326,1826,2136,1901,4036,1776
4920442296230700,2327,1825,2146,1901,4031,1774
4920442296246100,2327,1825,2137,1901,4031,1778
4920442296262600,2328,1827,2137,1900,4033,1774
4920442296278300,2327,1824,2138,1902,4028,1781
4920442296293900,2326,1825,2137,1900,4029,1777
4920442296309300,2450,1826,2138,1901,4031,1778
4920442296325600,2324,1827,2137,1902,4033,1776
4920442296341000,2326,1829,2137,1900,4028,1777
4920442296356500,2328,1825,2138,1900,4028,1778
4920442296371900,2325,1826,2138,1900,4029,1777
4920442296387500,2326,1826,2138,1899,4033,1778
4920442296403100,2326,1827,2137,1901,4028,1777
4920442296418700,2327,1826,2139,1901,4026,1826
4920442296435000,2326,1826,2138,1900,4095,1777
4920442296450600,2327,1826,2138,1901,4034,1777
4920442296466200,2327,1826,2138,1902,4028,1777
4920442296482100,2325,1826,2139,1901,4032,1778
4920442296499600,2326,1826,2139,1900,4032,1777
4920442296516400,2327,1826,2138,1745,4030,1779
4920442296532800,2326,1826,2140,1901,4022,1777
4920442296549400,2327,1824,2140,1901,4022,1777
4920442296565900,2331,1825,2139,1900,4032,1779
4920442296582500,2325,1825,2139,1901,4031,1778
4920442296599200,2326,1826,2138,1903,4029,1777
4920442296615800,2328,1827,2139,1900,4044,1780
4920442296632500,2326,1826,2139,1901,4027,1778
4920442296649100,2328,1826,2140,1902,4031,1777
4920442296665600,2326,1827,2139,1900,4030,1778
4920442296682100,2326,1829,2142,1900,4033,1781
4920442296698500,2324,1826,2141,1902,4054,1779
4920442296714900,2327,1826,2141,1900,4026,1778
4920442296733000,2327,1825,2142,1902,4032,1777
4920442296749500,2326,1828,2143,1901,4035,1778
4920442296766200,2328,1826,2140,1902,4027,1779
4920442296782700,2326,1827,2143,1901,4030,1779
4920442296820500,2328,1826,2141,1902,4032,1778
4920442296839500,2326,1839,2143,1901,4028,1779
4920442296855100,2325,1680,2143,1902,4056,1778
4920442296870700,2328,1826,2146,1902,4032,1779
4920442296886300,2326,1826,2145,1902,4028,1777
4920442296901800,2328,1826,2146,1904,4028,1779
4920442296917500,2327,1826,2146,1901,4032,1816
4920442296933100,2327,1825,2150,1903,4030,1776
4920442296948800,2327,1826,2145,1902,4031,1778
4920442296965100,2327,1825,2147,1901,4027,1780
4920442296980600,2324,1827,2148,1900,4034,1780
4920442296996200,2326,1826,2149,1901,4032,1547
4920442297011800,2328,1826,2149,1901,4031,1778
4920442297027300,2325,1826,2150,1903,4035,1779
4920442297042700,2328,1826,2150,1902,4032,1781
4920442297059100,2326,1826,2152,1902,4030,1782
4920442297074700,2326,1826,2152,1902,4029,1779
4920442297090200,2326,1826,2153,1902,4044,1781
4920442297105800,2324,1824,2153,1902,4034,1780
4920442297121300,2328,1826,2154,1902,4029,1779
4920442297136800,2327,1825,2153,1901,4031,1780
4920442297153000,2328,1826,2155,1902,4029,1781
4920442297263100,2327,1826,2154,1902,4026,1781
4920442297281100,2328,1828,2154,1901,4028,1779
4920442297296700,2328,1825,2156,1902,4029,1779
4920442297312100,2326,1812,2157,1903,4032,1779
4920442297327600,2336,1826,2156,1900,4032,1780
4920442297353100,2328,1826,2155,1901,4034,1779
4920442297368400,2328,1825,2167,1902,4033,1776
4920442297383600,2328,1826,2158,1902,4030,1780
4920442297399200,2329,1829,2160,1901,4034,1781
4920442297414100,2328,1824,2162,1901,4034,1780
4920442297429300,2328,1825,2163,1902,4031,1779
4920442297446900,2451,1824,2165,1904,4031,1780
4920442297462000,2328,1825,2166,1904,4028,1780
4920442297477200,2331,1826,2169,1901,4036,1779
4920442297492600,2328,1826,2168,1902,4032,1781
4920442297508000,2329,1827,2172,1903,4033,1780
4920442297526200,2328,1825,2176,1904,4029,1779
4920442297541200,2328,1826,2175,1901,4032,1780
4920442297556300,2328,1827,2176,1902,4029,1829
4920442297571400,2329,1826,2176,1901,4095,1781
4920442297586500,2327,1826,2177,1906,4031,1779
4920442297601400,2328,1827,2178,1906,4036,1779
4920442297616400,2328,1826,2180,1907,4028,1780
4920442297631600,2328,1827,2183,1907,4032,1779
4920442297646600,2329,1826,2183,1909,4027,1780
4920442297661900,2327,1827,2185,1909,4026,1779
4920442297676800,2329,1824,2189,1909,4024,1780
4920442297691800,2329,1826,2188,1910,4032,1781
4920442297706900,2326,1825,2189,1909,4028,1778
4920442297730500,2327,1827,2189,1912,4027,1778
4920442297745500,2329,1825,2189,1910,4038,1780
4920442297765500,2327,1827,2192,1913,4030,1780
4920442297784600,2329,1826,2196,1910,4033,1780
4920442297799600,2326,1828,2197,1911,4022,1779
4920442297814900,2328,1828,2199,1912,4032,1782
4920442297829900,2326,1828,2202,1911,4056,1781
4920442297845000,2324,1826,2203,1912,4030,1781
4920442297859900,2326,1825,2204,1913,4028,1780
4920442297874800,2328,1827,2207,1912,4031,1781
4920442297889900,2328,1826,2206,1914,4030,1782
4920442297904800,2327,1824,2209,1913,4032,1782
4920442297919800,2327,1825,2209,1914,4028,1781
4920442297934700,2326,1832,2212,1915,4032,1784
4920442297949700,2327,1680,2213,1915,4050,1783
4920442297964900,2327,1826,2216,1917,4025,1781
4920442297979900,2327,1825,2218,1916,4034,1781
4920442297995100,2325,1826,2219,1916,4033,1784
4920442298011000,2326,1826,2221,1917,4030,1818
4920442298026300,2327,1826,2224,1918,4031,1781
4920442298041200,2326,1825,2219,1919,4031,1782
4920442298056500,2326,1827,2222,1920,4026,1783
4920442298079800,2324,1825,2222,1918,4033,1785
4920442298095400,2327,1827,2226,1918,4028,1550
4920442298110500,2329,1824,2227,1919,4026,1784
4920442298126100,2325,1827,2229,1920,4027,1785
4920442298146900,2326,1825,2231,1920,4028,1784
4920442298168100,2327,1825,2234,1919,4032,1788
4920442298190400,2327,1825,2232,1919,4026,1785
4920442298242600,2328,1826,2233,1918,4048,1783
4920442298273300,2325,1825,2232,1920,4034,1784
4920442298297600,2326,1827,2233,1918,4032,1785
4920442298318800,2324,1824,2233,1919,4029,1753
4920442298343800,2328,1825,2232,1920,4030,1786
4920442298373300,2326,1826,2233,1920,4026,1785
4920442298399600,2328,1825,2234,1920,4032,1785
4920442298434500,2327,1825,2234,1921,4028,1785
4920442298467700,2327,1820,2235,1919,4028,1814
4920442298492300,2334,1827,2233,1918,4024,1783
4920442298517700,2328,1825,2233,1919,4033,1786
4920442298537600,2329,1825,2244,1919,4031,1785
4920442298557700,2327,1825,2233,1918,4036,1783
4920442298577800,2326,1825,2234,1920,4030,1784
4920442298598900,2328,1826,2235,1918,4032,1785
4920442298619400,2327,1825,2234,1919,4031,1784
4920442298639300,2451,1826,2232,1920,4034,1783
4920442298660500,2327,1826,2232,1919,4033,1785
4920442298677700,2329,1827,2233,1920,4032,1784
4920442298695000,2329,1826,2234,1917,4032,1786
4920442298712500,2329,1826,2234,1918,4028,1784
4920442298729900,2329,1825,2235,1919,4027,1787
4920442298748900,2332,1825,2233,1919,4032,1786
4920442861078600,2330,1826,2233,1920,4028,1835
4920442861172900,2331,1826,2232,1916,4095,1787
4920442861227500,2333,1825,2234,1919,4033,1785
4920442861306400,2333,1826,2232,1920,4028,1786
4920442861344300,2334,1825,2235,1920,4028,1786
4920442861372300,2334,1827,2233,1919,4032,1787
4920442861400600,2334,1826,2235,1919,4034,1786
4920442861429100,2336,1826,2233,1920,4034,1785
4920442861457000,2337,1825,2233,1920,4024,1786
4920442861479400,2340,1824,2233,1920,4033,1787
4920442861502000,2336,1827,2222,1919,4029,1787
4920442861524600,2338,1827,2233,1919,4032,1785
4920442861552900,2339,1826,2233,1920,4041,1786
4920442861575600,2338,1826,2232,1921,4032,1785
4920442861598200,2341,1825,2233,1919,4034,1786
4920442861620700,2340,1827,2231,1920,4034,1787
4920442861643100,2341,1828,2233,1918,4030,1788
4920442861665500,2342,1827,2232,1920,4056,1786
4920442861688000,2342,1825,2233,1920,4032,1785
4920442861711900,2340,1827,2233,1920,4030,1786
4920442861734300,2343,1826,2233,1920,4011,1787
4920442861758000,2342,1827,2232,1921,4030,1785
4920442861780300,2342,1824,2233,1919,4032,1787
4920442861802300,2342,1826,2232,1921,4027,1786
4920442861824300,2340,1833,2233,1920,4032,1786
4920442861846400,2342,1680,2233,1920,4054,1786
4920442861868700,2344,1825,2234,1920,4027,1787
4920442861891700,2343,1825,2233,1920,4026,1784
4920442861917700,2342,1825,2234,1920,4028,1786
4920442861939900,2343,1826,2234,1919,4028,1821
4920442861962200,2342,1827,2237,1919,4034,1783
4920442861981700,2343,1824,2232,1921,4027,1783
4920442862001000,2342,1827,2233,1922,4032,1788
4920442862020700,2342,1826,2232,1920,4031,1787
4920442862046100,2342,1825,2234,1920,4032,1554
4920442862065700,2342,1826,2234,1922,4029,1786
4920442862085100,2342,1825,2233,1922,4031,1786
4920442862104400,2343,1826,2233,1921,4029,1787
4920442862124000,2341,1825,2237,1922,4030,1785
4920442862144500,2343,1825,2232,1921,4034,1785
4920442862163800,2344,1826,2234,1920,4051,1786
4920442862183900,2338,1826,2232,1921,4031,1786
4920442862203200,2342,1826,2234,1922,4032,1788
4920442862222700,2342,1824,2232,1923,4031,1756
4920442862242000,2341,1826,2233,1922,4031,1786
4920442862261900,2343,1824,2233,1922,4032,1787
4920442862281200,2344,1826,2233,1923,4030,1787
4920442862300800,2341,1826,2234,1923,4026,1788
4920442862320500,2343,1816,2235,1925,4027,1758
4920442862339900,2349,1826,2232,1924,4026,1787
4920442862359600,2343,1826,2232,1925,4036,1786
4920442862378900,2346,1824,2242,1924,4028,1788
4920442862398500,2342,1826,2233,1924,4033,1787
4920442862418100,2343,1827,2235,1924,4028,1787
4920442862437500,2341,1826,2235,1924,4028,1786
4920442862457200,2341,1826,2234,1925,4035,1788
4920442862477200,2466,1825,2235,1924,4028,1787
4920442862497900,2340,1826,2235,1926,4027,1787
4920442862517500,2342,1826,2235,1926,4032,1788
4920442862536900,2343,1825,2236,1926,4034,1788
4920442862556700,2343,1824,2235,1926,4032,1788
4920442862576200,2343,1825,2237,1926,4033,1787
4920442862595600,2343,1826,2235,1925,4032,1788
4920442862618000,2342,1826,2237,1925,4026,1840
4920442862636900,2342,1826,2237,1921,4095,1788
4920442862655800,2343,1826,2236,1927,4033,1788
4920442862674700,2342,1826,2236,1927,4030,1789
4920442862693600,2341,1826,2238,1927,4032,1789
4920442862712700,2340,1827,2238,1927,4032,1791
4920442862731600,2343,1826,2238,1927,4030,1789
4920442862751100,2343,1827,2237,1926,4032,1790
4920442862772500,2342,1825,2237,1926,4022,1789
4920442862804600,2345,1826,2237,1927,4035,1790
4920442862823700,2340,1826,2230,1927,4032,1791
4920442862842600,2342,1826,2238,1927,4030,1789
4920442862862600,2342,1827,2238,1926,4033,1791
4920442862884200,2341,1827,2240,1928,4028,1791
4920442862903200,2340,1826,2240,1925,4031,1791
4920442862922000,2340,1825,2240,1928,4051,1789
4920442862940900,2342,1828,2240,1928,4030,1793
4920442862960000,2341,1826,2241,1925,4058,1790
4920442862978900,2340,1826,2241,1928,4026,1791
4920442862997600,2340,1827,2243,1928,4029,1791
4920442863016500,2342,1827,2243,1927,4032,1791
4920442863035300,2343,1825,2242,1928,4034,1792
4920442863054900,2341,1827,2244,1928,4035,1791
4920442863073700,2341,1827,2241,1928,4030,1791
4920442863092600,2341,1833,2245,1928,4032,1790
4920442863114800,2340,1680,2245,1928,4056,1791
4920442863134100,2343,1826,2246,1928,4034,1536
4920442863202100,2341,1827,2245,1930,4028,1792
4920442863221300,2340,1826,2245,1925,4015,1791
4920442863240500,2340,1827,2248,1931,4032,1829
4920442863259400,2341,1825,2250,1932,4034,1793
4920442863279400,2341,1827,2246,1933,4026,1792
4920442863298400,2342,1826,2249,1932,4030,1793
4920442863317300,2340,1827,2249,1933,4031,1792
4920442863337200,2340,1827,2252,1933,4026,1817
4920442863358800,2340,1825,2251,1934,4031,1793
4920442863380500,2341,1828,2253,1934,4033,1794
4920442863405800,2340,1826,2252,1934,4032,1795
4920442863426400,2341,1826,2257,1938,4027,1794
4920442863448300,2341,1827,2256,1937,4032,1795
4920442863467300,2340,1826,2260,1939,4052,1795
4920442863486100,2336,1825,2262,1940,4034,1795
4920442863505100,2341,1831,2262,1940,4032,1796
4920442863524100,2340,1825,2263,1941,4030,1830
4920442863543300,2339,1826,2266,1942,4029,1796
4920442863562400,2339,1827,2266,1941,4032,1799
4920442863581200,2339,1826,2271,1941,4032,1800
4920442863600000,2338,1826,2272,1943,4032,1799
4920442863619100,2336,1822,2274,1943,4032,1799
4920442863641000,2347,1827,2274,1942,4030,1801
4920442863660600,2338,1827,2274,1944,4031,1802
4920442863679900,2339,1824,2285,1946,4027,1803
4920442863700000,2338,1827,2278,1946,4030,1803
4920442863721300,2337,1827,2277,1946,4031,1805
4920442863740600,2337,1828,2279,1946,4028,1805
4920442863761000,2337,1826,2279,1949,4033,1804
4920442863782600,2459,1826,2282,1949,4035,1804
4920442863801900,2334,1826,2285,1948,4031,1806
4920442863821500,2334,1827,2287,1952,4032,1807
4920442863840700,2333,1828,2287,1950,4029,1807
4920442863860100,2336,1827,2286,1952,4005,1809
4920442863881000,2333,1827,2288,1952,4025,1809
4920442863900500,2334,1825,2288,1952,4030,1809
4920442863920200,2334,1826,2289,1952,4032,1858
4920442863939700,2332,1825,2287,1950,4095,1809
4920442863959100,2331,1826,2290,1952,4030,1808
4920442863979200,2332,1826,2290,1952,4032,1809
4920442863999500,2330,1823,2292,1951,4027,1810
4920442864019100,2330,1828,2290,1953,4028,1809
4920442864038300,2332,1827,2291,1954,4031,1810
4920442864057600,2330,1826,2290,1952,4032,1809
4920442864077000,2330,1824,2291,1952,4026,1810
4920442864096400,2330,1827,2290,1953,4029,1808
4920442864115800,2328,1826,2291,1954,4027,1810
4920442864135100,2329,1826,2292,1953,4030,1809
4920442864154300,2329,1825,2291,1954,4042,1810
4920442864173800,2329,1827,2292,1956,4027,1810
4920442864193100,2328,1827,2294,1955,4031,1808
4920442864212900,2328,1827,2294,1953,4030,1810
4920442864232400,2329,1827,2295,1954,4034,1810
4920442864251800,2325,1827,2295,1956,4050,1811
4920442864271900,2328,1827,2295,1954,4032,1555
4920442864291300,2327,1825,2297,1955,4030,1810
4920442864310800,2328,1826,2297,1956,4014,1810
4920442864330200,2326,1827,2296,1958,4031,1810
4920442864350600,2328,1826,2299,1957,4032,1812
4920442864370100,2327,1826,2297,1958,4031,1809
4920442864389500,2327,1834,2302,1958,4032,1812
4920442864409000,2326,1680,2299,1960,4054,1811
4920442864428400,2329,1825,2302,1961,4036,1811
4920442864447800,2327,1828,2301,1960,4026,1811
4920442864469000,2326,1826,2303,1961,4031,1810
4920442864489600,2326,1827,2305,1961,4025,1846
4920442864510000,2328,1826,2308,1964,4027,1814
4920442864530500,2327,1826,2305,1964,4029,1811
4920442864552300,2327,1825,2307,1963,4031,1813
4920442864571700,2324,1826,2308,1964,4029,1813
4920442864593400,2325,1830,2310,1963,4032,1835
4920442864612700,2328,1824,2310,1966,4031,1812
4920442864630800,2327,1827,2313,1966,4030,1812
4920442864648700,2327,1827,2314,1966,4026,1813
4920442864667000,2327,1827,2320,1969,4032,1812
4920442864685200,2326,1826,2317,1969,4032,1814
4920442864703300,2326,1827,2319,1971,4050,1814
4920442864722400,2324,1827,2320,1970,4035,1814
4920442864740500,2325,1832,2321,1970,4032,1816
4920442864758700,2325,1825,2321,1970,4029,1814
4920442864776800,2327,1827,2321,1971,4031,1814
4920442864800400,2326,1828,2322,1970,4032,1815
4920442864820400,2325,1827,2322,1971,4026,1816
4920442864839100,2325,1825,2324,1973,4034,1813
4920442864860000,2324,1820,2325,1972,4032,1816
4920442864878000,2334,1826,2322,1971,4030,1814
4920442864896000,2324,1827,2322,1972,4032,1816
4920442864914000,2326,1824,2332,1973,4029,1814
4920442864932100,2325,1827,2323,1973,4033,1815
4920442864950100,2324,1827,2325,1973,4031,1815
4920442864968400,2324,1825,2327,1972,4032,1817
4920442864986300,2322,1827,2326,1973,4031,1816
4920442865004400,2446,1827,2326,1972,4033,1815
4920442865022400,2320,1828,2325,1973,4031,1815
4920442865042000,2322,1825,2327,1973,4032,1816
4920442865060400,2322,1827,2327,1972,4033,1818
4920442865077700,2320,1827,2327,1972,4054,1815
4920442865096600,2321,1827,2328,1972,4029,1816
4920442865112900,2321,1826,2327,1972,4032,1819
4920442865128600,2320,1826,2327,1972,4033,1867
4920442865145600,2321,1826,2326,1972,4095,1819
4920442865161500,2320,1826,2328,1973,4032,1818
4920442865177300,2320,1828,2326,1973,4031,1818
4920442865193100,2319,1826,2330,1973,4026,1816
4920442865209000,2321,1826,2329,1972,4033,1819
4920442865224700,2320,1826,2329,1816,4031,1820
4920442865240600,2321,1826,2328,1974,4032,1821
4920442865258500,2320,1826,2328,1971,4024,1821
4920442865275000,2324,1826,2327,1970,4033,1823
4920442865291500,2318,1826,2327,1972,4031,1822
4920442865309800,2318,1827,2328,1972,4032,1822
4920442865325700,2320,1826,2329,1971,4041,1824
4920442865341700,2320,1828,2328,1973,4028,1824
4920442865363200,2320,1826,2329,1972,4031,1822
4920442865379300,2318,1827,2329,1973,4022,1823
4920442865395200,2320,1829,2331,1972,4034,1827
4920442865413800,2318,1827,2329,1972,4052,1825
4920442865429900,2320,1826,2329,1972,4032,1569
4920442865445800,2319,1828,2331,1973,4027,1826
4920442865461700,2318,1828,2330,1971,4058,1826
4920442865477600,2319,1828,2330,1971,4027,1826
4920442865493600,2320,1826,2332,1973,4030,1826
4920442865509500,2319,1827,2329,1970,4034,1827
4920442865525400,2320,1834,2331,1972,4034,1825
4920442865541300,2320,1680,2333,1972,4050,1827
4920442865557300,2322,1826,2333,1971,4032,1826
4920442865573100,2319,1829,2332,1973,4030,1827
4920442865591600,2321,1828,2331,1972,4031,1828
4920442865608100,2320,1828,2333,1972,4028,1862
4920442865626800,2319,1827,2336,1973,4030,1828
4920442865644000,2318,1826,2332,1969,4031,1827
4920442865660200,2318,1827,2333,1973,4032,1827
4920442865677600,2317,1828,2332,1972,4027,1828
4920442865694100,2317,1828,2334,1972,4025,1851
4920442865713600,2319,1826,2333,1972,4030,1827
4920442865729900,2318,1828,2334,1971,4029,1828
4920442865748500,2317,1827,2332,1971,4027,1828
4920442865764400,2317,1825,2337,1973,4030,1828
4920442865782800,2316,1825,2333,1973,4029,1827
4920442865799000,2316,1827,2333,1972,4047,1828
4920442865815200,2314,1828,2334,1972,4025,1827
4920442865831300,2318,1826,2335,1972,4026,1828
4920442865849700,2317,1826,2334,1971,4031,1828
4920442865867400,2317,1827,2337,1973,4033,1827
4920442865885100,2317,1827,2335,1972,4032,1828
4920442865904600,2320,1826,2335,1972,4028,1828
4920442865921800,2317,1827,2336,1974,4027,1827
4920442865942300,2314,1820,2337,1973,4032,1828
4920442865958600,2324,1826,2336,1970,4033,1828
4920442865975300,2315,1828,2335,1972,4039,1828
4920442865991700,2314,1825,2346,1973,4031,1827
4920442866009700,2315,1827,2338,1973,4031,1827
4920442866026500,2313,1828,2339,1971,4035,1828
4920442866043600,2314,1828,2341,1971,4032,1828
4920442866063300,2313,1826,2340,1971,4031,1826
4920442866081500,2436,1828,2340,1973,4031,1827
4920442866099900,2312,1826,2342,1973,4032,1827
4920442866118900,2312,1826,2341,1973,4029,1828
4920442866139200,2312,1827,2341,1972,4032,1828
4920442866158000,2312,1827,2342,1972,4029,1829
4920442866177000,2312,1828,2345,1972,4029,1827
4920442866195600,2312,1825,2344,1973,4032,1828
4920442866214400,2312,1826,2345,1973,4025,1876
4920442866233300,2310,1826,2344,1972,4095,1829
4920442866251900,2311,1827,2345,1973,4032,1829
4920442866271000,2310,1827,2344,1975,4030,1829
4920442866292600,2311,1829,2350,1977,4032,1829
4920442866310800,2309,1827,2349,1974,4032,1831
4920442866329200,2310,1828,2351,2128,4031,1830
4920442866347500,2309,1827,2351,1974,4036,1830
4920442866371100,2310,1826,2353,1976,4022,1832
4920442866392800,2310,1826,2353,1974,4032,1831
4920442866411800,2308,1828,2355,1975,4029,1832
4920442866430800,2308,1828,2357,1994,4027,1831
4920442866451100,2309,1827,2357,1977,4038,1834
4920442866469400,2308,1828,2356,1978,4027,1832
4920442866488000,2309,1827,2360,1978,4033,1834
4920442866508900,2309,1828,2359,1973,4026,1833
4920442866534500,2309,1829,2361,1976,4038,1835
4920442866555200,2306,1827,2361,1978,4056,1834
4920442866574400,2306,1828,2362,1978,4031,1578
4920442866593600,2304,1827,2363,1979,4032,1834
4920442866615600,2305,1827,2361,1978,4012,1834
4920442866634400,2304,1828,2361,1979,4032,1834
4920442866653000,2306,1827,2362,1976,4029,1835
4920442866671800,2303,1827,2361,1980,4027,1834
4920442866692700,2303,1834,2363,1979,4028,1836
4920442866709700,2302,1680,2362,1980,4050,1836
4920442866729100,2304,1826,2363,1982,4030,1836
4920442866746500,2301,1828,2361,1982,4027,1838
4920442866764000,2301,1827,2361,1982,4012,1838
4920442866781300,2301,1828,2363,1983,4026,1873
4920442866798600,2300,1827,2364,1985,4032,1838
4920443430448900,2300,1826,2359,1983,4030,1839
4920443430521300,2301,1827,2362,1984,4028,1841
4920443430544300,2300,1827,2361,1984,4029,1839
4920443430566700,2300,1827,2362,1984,4026,1861
4920443430588600,2300,1826,2361,1985,4031,1839
4920443430611200,2300,1827,2359,1984,4029,1841
4920443430633100,2300,1827,2361,1984,4032,1841
4920443430657600,2299,1827,2365,1985,4032,1840
4920443430679500,2299,1828,2360,1985,4028,1841
4920443430701200,2298,1828,2361,1984,4043,1841
4920443430725000,2296,1827,2360,1986,4031,1841
4920443430749100,2298,1828,2362,1986,4032,1840
4920443430775900,2299,1826,2361,1986,4030,1810
4920443430799400,2298,1828,2360,1988,4027,1844
4920443430823300,2297,1828,2361,1986,4026,1844
4920443430847000,2297,1828,2362,1990,4032,1846
4920443430870300,2296,1826,2362,1991,4031,1846
4920443430893800,2296,1826,2364,1991,4025,1848
4920443430917200,2304,1828,2360,1990,4033,1847
4920443430943000,2295,1826,2361,1991,4034,1849
4920443430966500,2295,1827,2369,1993,4030,1843
4920443430989900,2294,1828,2360,1994,4033,1847
4920443431013300,2294,1826,2361,1992,4036,1849
4920443431036700,2294,1828,2363,1993,4032,1849
4920443431060000,2293,1829,2361,1993,4031,1850
4920443431083600,2416,1827,2362,1994,4030,1848
4920443431107000,2290,1827,2362,1994,4032,1850
4920443431130700,2292,1828,2362,1994,4028,1850
4920443431154100,2290,1830,2362,1995,4029,1852
4920443431177800,2289,1827,2361,1995,4030,1852
4920443431201300,2289,1828,2362,1996,4032,1853
4920443431224900,2288,1826,2361,1994,4028,1853
4920443431248400,2288,1826,2361,1994,4026,1906
4920443431271900,2289,1827,2361,1998,4095,1856
4920443431295300,2287,1827,2361,1995,4028,1855
4920443431319100,2287,1826,2362,1996,4032,1856
4920443431343100,2286,1826,2363,1997,4030,1856
4920443431366600,2287,1829,2362,1996,4032,1857
4920443431390200,2286,1827,2362,1995,4031,1857
4920443431413700,2286,1828,2361,1995,4036,1856
4920443431437200,2286,1826,2361,1995,4032,1858
4920443431460800,2289,1826,2360,1996,4031,1858
4920443431484300,2283,1826,2362,1994,4029,1858
4920443431508800,2283,1827,2360,1996,4028,1858
4920443431531000,2285,1827,2361,1994,4042,1859
4920443431553000,2284,1828,2360,1996,4028,1859
4920443431575300,2282,1828,2362,1995,4031,1858
4920443431597500,2280,1829,2360,1995,4067,1859
4920443431620600,2280,1829,2363,1995,4032,1860
4920443431643000,2278,1826,2361,1996,4052,1859
4920443431665400,2278,1831,2362,1995,4032,1604
4920443431687700,2278,1827,2362,1998,4026,1861
4920443431709800,2277,1827,2361,1996,4012,1859
4920443431732200,2278,1828,2360,1997,4030,1860
4920443431754400,2276,1826,2362,1995,4032,1862
4920443431776800,2277,1827,2361,1997,4032,1861
4920443431799300,2274,1836,2363,1997,4028,1862
4920443431821700,2274,1680,2361,1997,4052,1862
4920443431843900,2276,1827,2362,1997,4030,1862
4920443431866100,2274,1827,2360,1997,4032,1862
4920443431888300,2274,1828,2359,1997,4027,1863
4920443431910600,2274,1826,2362,2000,4028,1894
4920443431932900,2274,1826,2364,1999,4037,1862
4920443431955400,2273,1826,2361,2001,4031,1864
4920443431977500,2273,1828,2361,2001,4027,1865
4920443431999500,2272,1830,2360,2000,4031,1866
4920443432022300,2270,1826,2361,2001,4032,1888
4920443432044500,2274,1827,2360,2003,4031,1867
4920443432067800,2273,1826,2361,2005,4029,1868
4920443432090100,2271,1827,2361,2004,4032,1869
4920443432112400,2270,1827,2366,2005,4028,1867
4920443432145200,2270,1827,2362,2005,4032,1869
4920443432187200,2270,1827,2358,2006,4042,1870
4920443432209900,2268,1825,2361,2007,4031,1872
4920443432231900,2269,1832,2361,2007,4029,1874
4920443432254200,2270,1825,2361,2009,4031,1843
4920443432276200,2268,1827,2360,2010,4029,1876
4920443432298500,2269,1827,2362,2012,4032,1877
4920443432320800,2267,1827,2361,2010,4029,1878
4920443432342800,2268,1827,2362,2010,4030,1878
4920443432365100,2267,1822,2362,2011,4028,1912
4920443432388000,2276,1828,2360,2011,4032,1880
4920443432411400,2267,1827,2361,2011,4034,1882
4920443432435200,2267,1827,2369,2012,4031,1880
4920443432458800,2266,1829,2360,2012,4035,1883
4920443432482100,2264,1828,2361,2011,4031,1885
4920443432505900,2265,1827,2361,2012,4032,1886
4920443432529300,2266,1827,2360,2013,4031,1887
4920443432554500,2388,1826,2360,2015,4032,1888
4920443432577900,2264,1827,2361,2014,4032,1890
4920443432601300,2266,1827,2361,2016,4032,1891
4920443432628800,2265,1827,2361,2015,4031,1891
4920443432652300,2264,1827,2359,2017,4052,1893
4920443432677000,2263,1828,2362,2016,4031,1894
4920443432700300,2263,1826,2360,2014,4032,1895
4920443432723800,2264,1826,2361,2016,4030,1948
4920443432747300,2265,1826,2361,2018,4095,1897
4920443432770600,2262,1826,2361,2018,4034,1898
4920443432794200,2262,1826,2360,2020,4028,1899
4920443432818700,2263,1827,2363,2020,4032,1900
4920443432843900,2263,1827,2361,2021,4028,1899
4920443432868600,2261,1828,2362,2020,4027,1902
4920443432893900,2262,1828,2361,2019,4033,1901
4920443432918900,2262,1826,2361,2020,4030,1903
4920443432944200,2263,1827,2361,2021,4032,1905
4920443432969200,2260,1827,2377,2019,4033,1903
4920443432994400,2259,1826,2360,2021,4031,1904
4920443433019500,2261,1827,2360,2022,4031,1908
4920443433044600,2260,1827,2360,2023,4030,1906
4920443433069400,2258,1830,2362,2023,4028,1908
4920443433094700,2261,1827,2361,2023,4024,1908
4920443433119700,2258,1829,2361,2026,4032,1912
4920443433144800,2256,1826,2361,2026,4054,1911
4920443433169900,2258,1827,2362,2027,4028,1913
4920443433195000,2258,1826,2362,2028,4032,1915
4920443433220400,2256,1828,2361,2029,4010,1916
4920443433302800,2257,1826,2360,2029,4028,1916
4920443433329400,2257,1827,2362,2029,4032,1916
4920443433354700,2255,1826,2361,2030,4026,1916
4920443433379800,2254,1835,2361,2031,4030,1916
4920443433405300,2254,1680,2361,2032,4050,1917
4920443433430400,2258,1827,2360,2032,4029,1918
4920443433455400,2255,1828,2360,2032,4030,1920
4920443433480400,2256,1825,2359,2032,4034,1921
4920443433505600,2254,1831,2362,2032,4032,1956
4920443433530500,2258,1828,2365,2035,4024,1922
4920443433555500,2254,1827,2360,2034,4035,1921
4920443433580400,2254,1827,2361,2033,4030,1923
4920443433605400,2254,1827,2361,2035,4031,1924
4920443433630300,2256,1827,2362,2035,4026,1948
4920443433655100,2256,1825,2361,2035,4033,1924
4920443433679900,2255,1829,2362,2035,4034,1925
4920443433704800,2253,1828,2361,2035,4032,1926
4920443433732000,2253,1827,2364,2037,4030,1922
4920443433757100,2254,1826,2362,2036,4026,1927
4920443433782300,2253,1826,2362,2038,4045,1929
4920443433807400,2251,1825,2362,2038,4031,1926
4920443433832600,2254,1827,2362,2040,4030,1926
4920443433858000,2254,1828,2360,2041,4028,1899
4920443433884700,2254,1826,2360,2043,4027,1930
4920443433909900,2254,1828,2362,2042,4028,1930
4920443433935400,2256,1827,2361,2042,4029,1931
4920443433961800,2253,1825,2362,2044,4027,1931
4920443433986700,2253,1818,2361,2047,4025,1932
4920443434011800,2264,1828,2359,2046,4030,1934
4920443434036900,2254,1827,2361,2048,4036,1934
4920443434061800,2253,1827,2368,2047,4033,1931
4920443434087200,2256,1827,2361,2049,4031,1936
4920443434112400,2254,1829,2360,2050,4036,1935
4920443434137200,2253,1826,2362,2053,4034,1937
4920443434162100,2253,1828,2361,2055,4034,1939
4920443434203300,2375,1827,2361,2054,4031,1939
4920443434228800,2252,1828,2360,2056,4031,1941
4920443434253800,2253,1828,2362,2055,4032,1944
4920443434278900,2253,1827,2360,2057,4034,1944
4920443434304000,2253,1828,2359,2060,4052,1945
4920443434329200,2251,1827,2363,2061,4028,1944
4920443434355600,2252,1824,2361,2064,4034,1943
4920443434380800,2254,1826,2361,2065,4030,1996
4920443434407700,2252,1826,2361,2066,4095,1944
4920443434430500,2252,1826,2360,2069,4030,1946
4920443434453600,2254,1827,2361,2070,4034,1946
4920443434476200,2251,1827,2364,2070,4032,1948
4920443434499000,2253,1826,2361,2072,4035,1949
4920443434521700,2252,1825,2362,2073,4029,1949
4920443434544400,2253,1828,2361,2072,4029,1950
4920443434567300,2253,1826,2360,2075,4032,1951
4920443434591500,2255,1827,2360,2076,4033,1952
4920443434614400,2251,1825,2370,2076,4028,1955
4920443434637100,2251,1826,2361,2076,4034,1952
4920443434660200,2252,1828,2361,2078,4044,1957
4920443434683100,2252,1826,2360,2079,4034,1954
4920443434706300,2251,1826,2361,2081,4030,1955
4920443434729400,2251,1828,2362,2080,4034,1957
4920443434752600,2251,1829,2363,2080,4030,1957
4920443434777400,2250,1828,2360,2081,4056,1956
4920443434800200,2250,1828,2363,2081,4034,1957
4920443434823100,2251,1827,2362,2083,4033,1957
4920443434846000,2251,1827,2361,2083,4012,1959
4920443434868900,2251,1827,2360,2085,4032,1959
4920443434891700,2250,1826,2362,2086,4028,1960
4920443434916100,2249,1826,2360,2088,4030,1959
4920443434936600,2245,1836,2362,2089,4032,1962
4920443434957400,2248,1680,2361,2089,4056,1962
4920443434977700,2250,1827,2361,2093,4029,1961
4920443434998100,2246,1828,2361,2091,4035,1962
4920443435019900,2248,1827,2361,2093,4017,1963
4920443435040400,2247,1829,2364,2095,4032,2001
4920443435060700,2245,1827,2365,2095,4030,1964
4920443435081200,2247,1827,2360,2097,4028,1965
4920443435101600,2246,1827,2361,2096,4032,1967
4920443435123100,2244,1827,2360,2097,4034,1967
4920443435143600,2245,1827,2361,2098,4034,1989
4920443435164900,2243,1827,2360,2099,4035,1963
4920443435185200,2247,1828,2361,2099,4034,1967
4920443435205600,2246,1829,2361,2099,4032,1968
4920443435231000,2244,1828,2366,2101,4026,1974
4920443435251400,2246,1825,2361,2101,4029,1972
4920443435271800,2244,1826,2361,2103,4049,1974
4920443435292200,2242,1826,2361,2102,4028,1974
4920443435312500,2245,1830,2362,2102,4033,1973
4920443435332900,2243,1827,2361,2103,4034,1943
4920443435353300,2246,1826,2361,2105,4031,1976
4920443435397900,2246,1827,2361,2105,4032,1978
4920443435418200,2245,1827,2361,2106,4028,1978
4920443435438500,2244,1826,2362,2106,4035,1977
4920443435458900,2245,1821,2362,2107,4034,1947
4920443435479200,2254,1826,2360,2108,4031,1979
4920443435499600,2245,1826,2359,2109,4033,1982
4920443435519900,2246,1827,2371,2109,4031,1978
4920443435540100,2244,1827,2360,2110,4030,1982
4920443435560800,2245,1827,2362,2109,4034,1983
4920443435582300,2246,1826,2362,2111,4036,1984
4920443435603000,2245,1827,2360,2111,4030,1984
4920443435623400,2367,1825,2361,2111,4035,1983
4920443435643700,2245,1828,2362,2113,4033,1985
4920443435664900,2244,1829,2361,2114,4030,1985
4920443435687200,2246,1825,2362,2112,4033,1987
4920443435704700,2245,1826,2362,2112,4032,1987
4920443435721600,2244,1827,2361,2113,4027,1988
4920443435738300,2246,1826,2361,2113,4032,1988
4920443435755100,2245,1826,2361,2113,4032,2040
4920443435771900,2244,1826,2360,2114,4095,1991
4920443435788700,2245,1826,2361,2115,4033,1990
4920443435805500,2246,1827,2361,2117,4032,1991
4920443435822300,2246,1827,2363,2117,4032,1994
4920443435839100,2245,1827,2361,2116,4033,1993
4920443435855900,2245,1826,2361,2118,4031,1992
4920443435872700,2244,1827,2361,2117,4024,1992
4920443435889500,2245,1825,2360,2117,4032,1994
4920443435907100,2248,1827,2360,2118,4031,1993
4920443435924100,2245,1827,2371,2120,4029,1993
4920443435941000,2243,1826,2361,2120,4031,1994
4920443435957700,2246,1827,2361,2120,4045,1997
4920443435974500,2246,1826,2360,2124,4028,1997
4920443435991400,2246,1828,2361,2124,4034,1996
4920443436008300,2245,1828,2361,2122,4048,1998
4920443436025000,2244,1829,2362,2121,4035,2001
4920443436041900,2244,1825,2361,2122,4058,1999
4920443436058700,2246,1827,2361,2123,4030,2000
4920443436075600,2245,1826,2361,2124,4032,2001
4920443436093300,2245,1826,2361,2125,4014,2002
4920443436110200,2244,1824,2360,2128,4028,2004
4920443436127000,2245,1826,2362,2129,4030,2003
4920443436143800,2243,1826,2360,2130,4030,2003
4920443436160600,2243,1829,2362,2129,4034,2006
4920443436185600,2243,1678,2361,2131,4054,2007
4920443436202800,2244,1826,2362,2131,4029,2008
4920443436220500,2243,1827,2360,2134,4031,2007
4920443436237500,2243,1825,2360,2134,4031,2010
4920443436254400,2242,1828,2362,2134,4034,2047
4920443436271400,2242,1827,2364,2136,4034,2011
4920443436288400,2241,1826,2361,2137,4029,2013
4920443436305100,2242,1826,2361,2136,4031,2015
4920443436324200,2241,1826,2360,2138,4033,2015
4920443436339700,2240,1826,2361,2137,4032,2038
4920443436355100,2241,1826,2359,2138,4028,2017
4920443436371900,2241,1826,2361,2139,4036,2019
4920443436387400,2239,1826,2361,2143,4036,2019
4920443436403100,2242,1825,2366,2143,4027,2025
4920443436418600,2241,1825,2361,2144,4032,2022
4920443436434800,2240,1827,2361,2144,4048,2022
4920443436453200,2238,1827,2360,2146,4034,2022
4920443436469900,2241,1831,2362,2147,4032,2024
4920443436486500,2240,1826,2361,2146,4033,1991
4920443436503700,2241,1827,2361,2149,4034,2026
4920443436523400,2241,1827,2361,2148,4032,2026
4920443436541600,2242,1826,2360,2150,4033,2025
4920443436558900,2241,1824,2362,2151,4035,2027
4920443436576400,2240,1815,2362,2152,4032,2027
4920443436593600,2246,1826,2360,2152,4032,2029
4920443436613200,2240,1827,2360,2154,4034,2026
4920443436631400,2240,1824,2370,2155,4030,2024
4920443436650800,2239,1827,2361,2154,4033,2028
4920443436667100,2240,1826,2361,2154,4035,2029
4920443436683300,2240,1826,2361,2156,4034,2030
4920443436699400,2239,1827,2361,2157,4031,2032
4920443436715700,2365,1827,2362,2157,4032,2030
4920443436731800,2238,1827,2363,2158,4031,2031
4920443436748000,2238,1826,2363,2160,4030,2030
4920443436764200,2240,1826,2363,2160,4033,2034
4920443436780300,2240,1827,2364,2160,4032,2033
4920443436796400,2238,1826,2366,2160,4030,2035
4920443436812600,2238,1825,2369,2161,4032,2036
4920443998662400,2239,1826,2368,2163,4032,2088
4920443998754200,2237,1826,2368,2164,4095,2037
4920443998789000,2235,1826,2370,2165,4031,2037
4920443998810500,2237,1827,2369,2164,4034,2039
4920443998832100,2236,1828,2371,2165,4032,2040
4920443998853800,2235,1826,2369,2168,4028,2041
4920443998875500,2236,1825,2371,2168,4033,2041
4920443998898200,2237,1828,2369,2168,4032,2042
4920443998921200,2234,1824,2370,2172,4033,2044
4920443998985500,2237,1825,2370,2171,4034,2044
4920443999005500,2232,1825,2360,2172,4032,2044
4920443999028600,2231,1826,2370,2175,4028,2045
4920443999048500,2232,1826,2371,2173,4043,2047
4920443999069600,2230,1827,2371,2176,4032,2049
4920443999088600,2230,1826,2372,2177,4033,2053
4920443999114300,2230,1827,2370,2176,4032,2054
4920443999133100,2227,1829,2371,2179,4037,2058
4920443999151600,2228,1826,2371,2181,4056,2057
4920443999174000,2230,1826,2373,2184,4034,1802
4920443999195100,2227,1827,2372,2185,4032,2056
4920443999215800,2227,1826,2373,2185,4011,2062
4920443999235000,2226,1825,2370,2186,4031,2063
4920443999254400,2224,1828,2373,2187,4028,2062
4920443999273500,2224,1826,2372,2188,4032,2064
4920443999295300,2223,1830,2374,2189,4033,2143
4920443999314300,2224,1680,2372,2192,4052,2067
4920443999333500,2227,1825,2373,2193,4032,2067
4920443999352900,2223,1827,2372,2192,4030,2067
4920443999370500,2223,1827,2373,2196,4015,2067
4920443999390400,2220,1825,2374,2197,4028,2104
4920443999406700,2220,1826,2377,2198,4035,2072
4920443999422700,2220,1826,2372,2198,4031,2069
4920443999438600,2220,1827,2373,2198,4032,2070
4920443999454500,2217,1827,2372,2198,4032,2073
4920443999470300,2218,1825,2374,2200,4028,2094
4920443999486300,2218,1825,2372,2202,4031,2074
4920443999502100,2216,1827,2374,2203,4031,2076
4920443999519500,2214,1827,2373,2203,4033,2075
4920443999535400,2214,1827,2376,2205,4035,2077
4920443999553900,2209,1826,2374,2205,4033,2077
4920443999576100,2212,1826,2375,2206,4048,2078
4920443999591700,2210,1825,2374,2206,4030,2078
4920443999607400,2212,1829,2375,2205,4032,2079
4920443999622900,2210,1825,2374,2206,4027,2112
4920443999638500,2210,1826,2375,2207,4031,2081
4920443999654300,2210,1825,2377,2206,4034,2083
4920443999672800,2211,1825,2379,2207,4033,2082
4920443999687800,2209,1826,2379,2211,4033,2083
4920443999702800,2208,1816,2381,2212,4032,2085
4920443999717500,2212,1827,2380,2212,4032,2085
4920443999732500,2207,1826,2382,2212,4039,2086
4920443999747500,2207,1825,2391,2214,4033,2082
4920443999762600,2205,1827,2382,2216,4031,2086
4920443999777800,2205,1826,2383,2217,4037,2085
4920443999792800,2204,1828,2385,2219,4032,2087
4920443999808500,2203,1826,2384,2221,4027,2088
4920443999823500,2328,1826,2384,2224,4031,2089
4920443999838500,2202,1826,2384,2225,4033,2089
4920443999853500,2201,1828,2385,2226,4036,2089
4920443999868400,2203,1827,2384,2227,4035,2090
4920443999883900,2200,1827,2384,2229,4053,2091
4920443999899700,2202,1826,2385,2232,4029,2090
4920443999914700,2201,1826,2384,2232,4034,2090
4920443999929700,2199,1828,2385,2233,4029,2142
4920443999944600,2199,1827,2383,2234,4095,2094
4920443999962700,2201,1828,2383,2236,4034,2094
4920443999980100,2200,1829,2383,2236,4033,2096
4920443999996400,2200,1828,2385,2237,4029,2096
4920444000013000,2199,1827,2385,2238,4028,2096
4920444000029200,2199,1828,2385,2086,4032,2097
4920444000047000,2196,1825,2383,2240,4032,2095
4920444000065200,2198,1824,2384,2244,4032,2096
4920444000081600,2200,1826,2384,2244,4034,2097
4920444000098700,2195,1827,2384,2245,4031,2097
4920444000115000,2196,1826,2384,2246,4034,2097
4920444000131300,2197,1826,2385,2246,4045,2098
4920444000147800,2197,1826,2384,2249,4028,2096
4920444000164200,2196,1827,2385,2252,4033,2097
4920444000180500,2195,1829,2385,2249,4042,2097
4920444000196700,2194,1828,2385,2250,4035,2097
4920444000212800,2194,1826,2385,2250,4056,2098
4920444000229100,2195,1827,2386,2252,4031,1841
4920444000245300,2194,1826,2386,2254,4028,2098
4920444000261800,2195,1827,2385,2254,4016,2098
4920444000280900,2196,1827,2384,2256,4030,2097
4920444000298200,2195,1827,2386,2257,4032,2100
4920444000315600,2195,1827,2385,2259,4031,2099
4920444000332700,2193,1830,2387,2260,4035,2177
4920444000350700,2193,1680,2386,2260,4052,2101
4920444000366800,2196,1826,2386,2262,4033,2102
4920444000416100,2193,1827,2386,2262,4032,2101
4920444000438200,2194,1827,2385,2264,4017,2103
4920444000455300,2192,1827,2386,2264,4028,2138
4920444000471800,2192,1826,2389,2267,4031,2104
4920444000488400,2191,1825,2385,2265,4031,2104
4920444000506900,2192,1828,2385,2266,4034,2105
4920444000523500,2190,1827,2384,2267,4029,2105
4920444000539900,2192,1826,2386,2266,4032,2130
4920444000559000,2192,1826,2385,2269,4035,2106
4920444000574200,2192,1825,2386,2269,4031,2108
4920444000589400,2190,1825,2386,2268,4034,2109
4920444000604500,2190,1827,2386,2271,4026,2107
4920444000619500,2190,1826,2386,2269,4033,2110
4920444000634600,2188,1826,2385,2271,4047,2111
4920444000650600,2186,1825,2386,2272,4031,2111
4920444000665800,2192,1827,2386,2272,4034,2112
4920444000681100,2191,1826,2385,2272,4031,2144
4920444000696000,2192,1827,2386,2273,4029,2114
4920444000711600,2190,1826,2385,2274,4026,2117
4920444000726800,2190,1827,2385,2273,4032,2116
4920444000742700,2189,1826,2387,2275,4031,2115
4920444000758100,2188,1816,2385,2275,4032,2118
4920444000773200,2195,1827,2385,2274,4034,2116
4920444000788200,2190,1827,2386,2273,4034,2118
4920444000803500,2191,1827,2394,2275,4034,2114
4920444000818600,2191,1827,2386,2274,4030,2119
4920444000833600,2191,1827,2385,2275,4031,2119
4920444000848600,2188,1826,2387,2275,4034,2118
4920444000863800,2188,1825,2386,2273,4033,2120
4920444000878900,2315,1827,2386,2274,4033,2118
4920444000894000,2189,1828,2385,2275,4033,2120
4920444000909700,2191,1826,2387,2273,4034,2119
4920444000925000,2190,1826,2387,2274,4033,2121
4920444000940100,2189,1827,2388,2274,4052,2119
4920444000954900,2189,1827,2386,2276,4031,2119
4920444000970100,2189,1827,2386,2274,4036,2119
4920444000985200,2191,1826,2387,2274,4032,2172
4920444001000100,2189,1826,2385,2274,4095,2121
4920444001015800,2190,1825,2386,2275,4037,2118
4920444001030800,2191,1827,2387,2274,4029,2119
4920444001045900,2188,1827,2389,2274,4028,2120
4920444001061100,2189,1827,2387,2274,4032,2120
4920444001076400,2189,1827,2389,2121,4033,2119
4920444001091400,2188,1828,2387,2272,4032,2119
4920444001106800,2189,1825,2388,2272,4032,2120
4920444001121800,2192,1826,2386,2274,4032,2121
4920444001136900,2188,1826,2388,2274,4029,2120
4920444001153500,2188,1827,2387,2274,4030,2120
4920444001168600,2190,1827,2387,2274,4043,2122
4920444001183900,2190,1826,2387,2274,4030,2122
4920444001198900,2189,1827,2390,2275,4034,2120
4920444001213900,2191,1828,2389,2272,4031,2121
4920444001228900,2188,1829,2389,2272,4034,2123
4920444001243900,2187,1826,2390,2273,4056,2121
4920444001258900,2188,1827,2390,2273,4032,2120
4920444001274100,2189,1828,2390,2274,4034,2117
4920444001290100,2190,1826,2390,2272,4051,2121
4920444001306400,2189,1826,2388,2274,4031,2120
4920444001321600,2190,1825,2391,2272,4032,2121
4920444001336800,2188,1825,2389,2274,4030,2119
4920444001352100,2190,1830,2391,2272,4035,2198
4920444001367200,2189,1680,2390,2272,4052,2120
4920444001382400,2191,1826,2390,2274,4032,2119
4920444001397400,2189,1826,2390,2272,4029,2122
4920444001412500,2188,1827,2390,2272,4028,2122
4920444001427500,2189,1826,2391,2273,4032,2155
4920444001442400,2190,1827,2393,2275,4033,2120
4920444001463600,2189,1827,2389,2274,4033,2120
4920444001478500,2191,1826,2390,2274,4029,2121
4920444001493600,2187,1826,2389,2273,4032,2119
4920444001509000,2188,1826,2391,2272,4032,2142
4920444001524000,2191,1827,2389,2274,4033,2119
4920444001539100,2189,1827,2389,2273,4031,2125
4920444001554200,2188,1827,2390,2273,4034,2122
4920444001571300,2188,1827,2391,2273,4032,2120
4920444001587600,2189,1828,2390,2272,4027,2119
4920444001604100,2189,1826,2391,2273,4048,2121
4920444001620700,2185,1825,2390,2273,4030,2119
4920444001636900,2189,1830,2391,2270,4029,2120
4920444001655900,2188,1825,2390,2272,4032,2152
4920444001672700,2190,1827,2390,2273,4029,2122
4920444001690200,2187,1827,2391,2272,4032,2121
4920444001706600,2190,1827,2391,2271,4032,2120
4920444001725700,2188,1827,2391,2273,4033,2121
4920444001742100,2189,1814,2392,2272,4032,2122
4920444001758300,2195,1826,2390,2274,4029,2121
4920444001777000,2188,1827,2390,2272,4034,2121
4920444001791900,2189,1826,2400,2271,4033,2116
4920444001806900,2190,1828,2392,2272,4030,2119
4920444001822100,2189,1829,2390,2273,4031,2120
4920444001837400,2189,1828,2392,2271,4032,2120
4920444001852700,2189,1828,2392,2271,4033,2120
4920444001868600,2311,1828,2390,2272,4034,2121
4920444001920100,2188,1828,2392,2272,4031,2120
4920444001935700,2189,1831,2392,2273,4030,2119
4920444001953900,2188,1829,2391,2272,4032,2122
4920444001970900,2189,1830,2390,2272,4054,2120
4920444001987500,2188,1830,2392,2273,4029,2120
4920444002003700,2190,1830,2391,2272,4034,2120
4920444002020900,2190,1830,2392,2272,4032,2171
4920444002037300,2189,1831,2391,2272,4095,2121
4920444002053500,2185,1829,2391,2273,4032,2119
4920444002071800,2188,1831,2392,2273,4030,2120
4920444002086900,2188,1831,2394,2271,4032,2121
4920444002101800,2188,1830,2391,2271,4034,2120
4920444002122000,2190,1830,2393,2118,4031,2121
4920444002138300,2190,1830,2391,2272,4034,2121
4920444002153200,2189,1830,2392,2272,4032,2120
4920444002168200,2191,1830,2391,2272,4034,2122
4920444002183500,2189,1831,2391,2272,4031,2122
4920444002198500,2186,1831,2392,2290,4033,2122
4920444002214400,2189,1832,2391,2272,4042,2122
4920444002229400,2188,1830,2390,2272,4032,2121
4920444002244600,2189,1834,2392,2272,4037,2120
4920444002259600,2188,1833,2392,2270,4034,2122
4920444002274700,2188,1834,2392,2272,4032,2122
4920444002289800,2188,1832,2392,2272,4056,2122
4920444002304800,2189,1832,2393,2271,4031,2122
4920444002319900,2188,1831,2392,2273,4030,2122
4920444002334900,2190,1832,2392,2272,4035,2123
4920444002349900,2189,1832,2392,2272,4031,2122
4920444002365000,2190,1833,2393,2271,4030,2123
4920444002380400,2188,1833,2391,2272,4033,2119
4920444002395400,2189,1837,2393,2270,4030,2122
4920444002410500,2188,1682,2393,2272,4054,2122
4920444002425600,2190,1831,2393,2276,4032,2123
4920444002440700,2189,1833,2392,2272,4034,2121
4920444002455700,2187,1832,2392,2272,4030,2122
4920444002470700,2189,1833,2393,2271,4032,2156
4920444002486900,2190,1833,2396,2275,4031,2122
4920444002501900,2189,1833,2392,2272,4030,2123
4920444002516900,2188,1834,2391,2272,4033,2124
4920444002532000,2186,1833,2392,2272,4034,2123
4920444002547000,2189,1834,2393,2272,4032,2146
4920444002562000,2189,1833,2393,2273,4030,2122
4920444002577600,2189,1832,2392,2272,4031,2123
4920444002592600,2189,1830,2394,2272,4032,2123
4920444002607700,2187,1833,2394,2273,4028,2122
4920444002622700,2187,1832,2393,2273,4029,2123
4920444002637800,2187,1834,2393,2272,4045,2124
4920444002652600,2187,1833,2392,2273,4031,2123
4920444002668500,2189,1838,2394,2272,4029,2124
4920444002683500,2190,1832,2393,2272,4030,2154
4920444002699800,2189,1833,2393,2273,4029,2124
4920444002714900,2189,1833,2394,2272,4032,2124
4920444002729900,2189,1834,2394,2272,4032,2122
4920444002744800,2188,1827,2394,2273,4033,2121
4920444002760600,2188,1825,2394,2274,4032,2124
4920444002776100,2194,1834,2392,2272,4030,2123
4920444002791000,2189,1833,2393,2272,4034,2122
4920444002805900,2189,1833,2401,2272,4033,2120
4920444002820700,2189,1834,2393,2273,4036,2123
4920444002835800,2188,1835,2394,2272,4035,2121
4920444002850700,2188,1833,2394,2272,4032,2123
4920444002865900,2189,1834,2395,2271,4031,2123
4920444002880900,2313,1834,2393,2271,4035,2124
4920444002898400,2186,1834,2394,2273,4029,2121
4920444002913400,2188,1834,2395,2272,4033,2122
4920444002928300,2189,1834,2394,2272,4033,2123
4920444002943300,2190,1833,2394,2272,4032,2123
4920444002958400,2189,1834,2395,2272,4027,2124
4920444002973700,2188,1833,2395,2272,4032,2121
4920444002988700,2192,1834,2394,2272,4030,2172
4920444003003700,2190,1832,2392,2272,4095,2124
4920444003018700,2188,1832,2395,2271,4034,2123
4920444003034300,2190,1833,2394,2274,4030,2122
4920444003049500,2188,1834,2395,2273,4032,2122
4920444003064400,2189,1833,2395,2273,4032,2122
4920444003079400,2189,1835,2396,2118,4028,2123
4920444003094500,2187,1834,2393,2272,4033,2122
4920444003109600,2189,1832,2395,2272,4032,2122
4920444003124600,2192,1834,2393,2272,4034,2128
4920444003139600,2187,1834,2395,2271,4033,2122
4920444003154600,2190,1833,2394,2249,4030,2122
4920444003169800,2189,1834,2393,2272,4041,2124
4920444003185000,2187,1835,2396,2273,4027,2123
4920444003200000,2192,1834,2395,2272,4036,2124
4920444003215000,2190,1833,2394,2270,4029,2124
4920444003230000,2188,1836,2396,2270,4030,2123
4920444003245200,2188,1835,2395,2272,4054,2123
4920444003260100,2188,1834,2395,2273,4030,2125
4920444003275200,2189,1833,2396,2271,4029,2124
4920444003290200,2188,1834,2395,2272,4033,2124
4920444003305300,2189,1835,2394,2272,4031,2125
4920444003321600,2187,1835,2396,2270,4030,2124
4920444003336600,2191,1834,2395,2272,4031,2122
4920444003351600,2189,1842,2396,2272,4034,2125
4920444003367100,2187,1688,2395,2272,4050,2124
4920444003382100,2191,1833,2395,2273,4036,2123
4920444003397200,2189,1834,2396,2271,4034,2121
4920444003412200,2189,1832,2394,2272,4031,2123
4920444003428700,2190,1835,2396,2272,4029,2159
4920444003443800,2188,1836,2400,2275,4033,2124
4920444567340400,2189,1833,2394,2273,4031,2123
4920444567396500,2189,1835,2395,2272,4032,2124
4920444567420000,2187,1835,2394,2272,4031,2124
4920444567438600,2189,1836,2396,2271,4032,2144
4920444567457400,2193,1835,2395,2274,4030,2123
4920444567477900,2188,1833,2395,2271,4033,2123
4920444567494500,2189,1836,2395,2272,4032,2124
4920444567511200,2189,1834,2400,2271,4030,2124
4920444567527800,2189,1835,2397,2271,4033,2123
4920444567548600,2186,1836,2397,2272,4044,2123
4920444567565400,2186,1835,2396,2270,4031,2123
4920444567583700,2188,1836,2397,2272,4032,2122
4920444567600300,2189,1834,2397,2271,4035,2152
4920444567616900,2190,1835,2397,2272,4031,2124
4920444567634100,2189,1836,2397,2272,4034,2125
4920444567650600,2190,1836,2397,2273,4032,2124
4920444567667700,2188,1836,2396,2271,4031,2123
4920444567684300,2188,1831,2398,2271,4032,2124
4920444567701000,2197,1836,2394,2272,4031,2123
4920444567717700,2190,1836,2397,2274,4033,2123
4920444567734500,2189,1835,2406,2273,4034,2119
4920444567751200,2190,1835,2395,2272,4034,2123
4920444567768000,2189,1837,2398,2272,4034,2123
4920444567784700,2189,1836,2398,2272,4033,2124
4920444567805900,2190,1835,2398,2273,4031,2125
4920444567822800,2313,1835,2400,2270,4033,2124
4920444567839500,2187,1838,2397,2272,4031,2123
4920444567858000,2189,1838,2398,2272,4032,2124
4920444567874500,2188,1836,2398,2271,4032,2125
4920444567891100,2190,1837,2397,2272,4032,2124
4920444567907500,2188,1836,2398,2272,4032,2125
4920444567926300,2189,1837,2398,2272,4032,2123
4920444567941300,2189,1838,2397,2272,4031,2174
4920444567958800,2188,1838,2398,2270,4095,2124
4920444567974800,2187,1837,2398,2271,4033,2122
4920444568001700,2190,1838,2398,2272,4032,2123
4920444568016700,2190,1837,2401,2273,4032,2124
4920444568031600,2189,1838,2399,2272,4038,2124
4920444568046600,2190,1838,2400,2418,4033,2122
4920444568061500,2187,1838,2398,2272,4034,2124
4920444568076900,2190,1838,2399,2272,4029,2125
4920444568091900,2193,1839,2398,2272,4036,2124
4920444568106900,2188,1838,2399,2271,4029,2124
4920444568121900,2190,1838,2400,2272,4036,2124
4920444568136900,2189,1839,2399,2269,4044,2126
4920444568152400,2189,1840,2400,2271,4034,2123
4920444568167500,2191,1840,2400,2273,4035,2124
4920444568182500,2189,1840,2400,2273,4029,2125
4920444568197500,2191,1840,2401,2269,4034,2126
4920444568212600,2190,1840,2401,2272,4052,2125
4920444568227600,2188,1840,2402,2272,4030,2125
4920444568242600,2190,1841,2403,2272,4033,2124
4920444568259200,2190,1842,2403,2272,4031,2125
4920444568274500,2192,1842,2401,2273,4029,2126
4920444568289500,2189,1843,2404,2270,4033,2125
4920444568304500,2191,1842,2403,2271,4031,2123
4920444568319500,2189,1852,2405,2272,4032,2127
4920444568334400,2190,1697,2405,2272,4057,2125
4920444568349400,2192,1842,2405,2271,4034,2125
4920444568364500,2189,1844,2404,2271,4032,2125
4920444568379300,2191,1844,2406,2272,4031,2125
4920444568394300,2192,1844,2407,2271,4032,2158
4920444568409300,2191,1844,2412,2273,4035,2124
4920444568425100,2190,1844,2408,2272,4032,2125
4920444568440100,2190,1844,2407,2272,4032,2126
4920444568455100,2189,1843,2408,2270,4035,2125
4920444568470400,2192,1845,2410,2271,4028,2148
4920444568485700,2192,1843,2409,2272,4029,2125
4920444568500800,2192,1846,2410,2272,4031,2126
4920444568515900,2192,1846,2410,2272,4033,2125
4920444568530900,2191,1845,2412,2271,4028,2125
4920444568545900,2191,1845,2409,2271,4033,2125
4920444568560700,2192,1846,2411,2272,4046,2127
4920444568575700,2188,1845,2410,2272,4031,2126
4920444568590700,2191,1850,2413,2270,4029,2126
4920444568605700,2192,1844,2412,2271,4032,2125
4920444568621500,2192,1847,2412,2271,4033,2125
4920444568636500,2192,1847,2411,2272,4034,2126
4920444568651400,2192,1847,2413,2270,4033,2125
4920444568666900,2191,1846,2413,2273,4033,2125
4920444568681800,2190,1838,2414,2269,4026,2096
4920444568698100,2202,1848,2413,2272,4032,2126
4920444568713900,2192,1847,2413,2272,4036,2126
4920444568728800,2192,1847,2423,2271,4030,2122
4920444568744000,2192,1848,2413,2271,4031,2126
4920444568759100,2192,1849,2413,2272,4031,2126
4920444568774200,2191,1849,2414,2271,4036,2125
4920444568789300,2190,1849,2414,2270,4033,2125
4920444568804300,2315,1849,2414,2271,4031,2126
4920444568819300,2190,1851,2414,2271,4031,2125
4920444568834300,2191,1851,2415,2270,4032,2125
4920444568849200,2192,1849,2414,2270,4035,2125
4920444568864600,2191,1849,2413,2270,4013,2125
4920444568879600,2188,1852,2414,2270,4032,2126
4920444568894800,2190,1851,2415,2270,4034,2125
4920444568909800,2192,1851,2413,2272,4032,2176
4920444568924800,2192,1850,2413,2270,4095,2126
4920444568939800,2190,1850,2414,2271,4029,2126
4920444568989300,2192,1851,2413,2272,4034,2123
4920444569014300,2190,1850,2415,2269,4036,2126
4920444569056700,2191,1854,2414,2271,4032,2126
4920444569083500,2191,1851,2414,2422,4031,2126
4920444569110800,2190,1851,2414,2268,4016,2126
4920444569152200,2191,1850,2415,2272,4029,2127
4920444569188200,2194,1851,2412,2272,4036,2127
4920444569221500,2190,1851,2415,2271,4032,2125
4920444569248500,2190,1852,2414,2272,4034,2126
4920444569272000,2192,1852,2415,2268,4044,2131
4920444569295800,2191,1853,2412,2271,4026,2127
4920444569319400,2191,1851,2414,2268,4033,2126
4920444569343000,2190,1852,2413,2270,4031,2128
4920444569364700,2192,1853,2413,2270,4032,2127
4920444569382400,2190,1852,2413,2270,4056,2127
4920444569403100,2191,1850,2415,2269,4032,2127
4920444569419700,2190,1852,2416,2271,4032,2126
4920444569436300,2193,1851,2414,2270,4054,2127
4920444569462300,2190,1852,2413,2270,4032,2126
4920444569482800,2191,1851,2414,2270,4030,2126
4920444569506600,2191,1850,2413,2272,4032,2127
4920444569528300,2191,1859,2415,2270,4032,2127
4920444569547100,2192,1705,2414,2269,4054,2128
4920444569569000,2194,1852,2415,2270,4030,2127
4920444569591400,2191,1851,2414,2271,4030,2125
4920444569609700,2192,1853,2414,2269,4035,2127
4920444569634200,2190,1853,2414,2270,4028,2162
4920444569651200,2190,1854,2417,2271,4033,2128
4920444569668100,2191,1850,2414,2271,4031,2127
4920444569687700,2192,1852,2414,2269,4032,2127
4920444569706200,2189,1852,2412,2272,4031,2128
4920444569722900,2190,1851,2415,2269,4034,2150
4920444569738200,2193,1851,2413,2270,4029,2127
4920444569755300,2191,1851,2415,2271,4034,2127
4920444569770900,2191,1853,2414,2272,4028,2128
4920444569786600,2192,1852,2418,2271,4030,2128
4920444569802300,2191,1851,2414,2271,4033,2126
4920444569817800,2192,1852,2414,2271,4043,2129
4920444569834100,2188,1851,2413,2273,4035,2127
4920444569849900,2192,1851,2415,2270,4032,2129
4920444569865500,2191,1851,2414,2270,4033,2129
4920444569881000,2193,1852,2414,2272,4031,2127
4920444569898400,2191,1852,2415,2268,4032,2128
4920444569922800,2192,1850,2415,2271,4029,2128
4920444569938700,2191,1850,2416,2271,4031,2128
4920444569956600,2189,1855,2415,2271,4032,2128
4920444569973500,2203,1852,2414,2270,4033,2127
4920444569989700,2192,1850,2415,2272,4031,2130
4920444570006000,2193,1851,2422,2272,4030,2123
4920444570022200,2191,1851,2415,2270,4032,2128
4920444570041100,2190,1852,2414,2270,4033,2130
4920444570056000,2193,1852,2415,2270,4036,2128
4920444570070900,2192,1851,2416,2270,4031,2127
4920444570085800,2314,1851,2415,2269,4033,2127
4920444570100800,2190,1852,2415,2270,4033,2128
4920444570115800,2190,1853,2415,2270,4038,2128
4920444570131000,2190,1852,2415,2270,4034,2128
4920444570147000,2191,1852,2414,2270,4010,2129
4920444570162200,2193,1852,2416,2272,4032,2131
4920444570177600,2193,1851,2415,2268,4032,2129
4920444570192600,2193,1850,2415,2268,4028,2178
4920444570210000,2193,1851,2414,2268,4095,2129
4920444570225700,2189,1852,2414,2270,4031,2128
4920444570244500,2189,1852,2415,2270,4029,2126
4920444570261500,2190,1853,2418,2271,4034,2128
4920444570278400,2192,1852,2415,2274,4033,2128
4920444570295300,2192,1852,2416,2271,4032,2129
4920444570312200,2192,1853,2415,2268,4016,2128
4920444570330200,2191,1852,2415,2269,4034,2129
4920444570345600,2193,1850,2413,2272,4034,2130
4920444570360900,2190,1852,2415,2270,4032,2128
4920444570376200,2189,1851,2414,2254,4034,2128
4920444570391800,2192,1851,2415,2268,4044,2131
4920444570407200,2191,1852,2414,2270,4032,2129
4920444570422300,2191,1852,2416,2271,4033,2128
4920444570438600,2191,1853,2414,2270,4033,2129
4920444570453900,2192,1854,2415,2270,4030,2131
4920444570469100,2190,1850,2415,2270,4050,2129
4920444570484400,2192,1851,2415,2270,4029,2128
4920444570501000,2191,1853,2416,2270,4030,2129
4920444570518500,2192,1851,2415,2270,4030,2130
4920444570534000,2192,1851,2414,2271,4029,2128
4920444570549700,2192,1853,2415,2269,4032,2129
4920444570565900,2190,1852,2413,2270,4033,2127
4920444570581900,2189,1864,2415,2269,4033,2239
4920444570598500,2192,1705,2415,2270,4054,2128
4920444570614400,2192,1852,2415,2270,4034,2130
4920444570630400,2191,1852,2414,2271,4029,2128
4920444570646400,2192,1852,2414,2272,4027,2131
4920444570662500,2190,1853,2416,2272,4032,2160
4920444570678400,2192,1853,2420,2271,4032,2128
4920444570694400,2191,1851,2414,2270,4032,2129
4920444570710300,2190,1852,2414,2271,4034,2129
4920444570739400,2190,1851,2414,2270,4031,2130
4920444570756200,2192,1852,2416,2269,4028,2152
4920444570772800,2192,1852,2414,2271,4032,2128
4920444570792800,2193,1852,2415,2271,4031,2130
4920444570808700,2192,1852,2416,2271,4028,2129
4920444570825100,2192,1851,2419,2271,4028,2129
4920444570843500,2191,1851,2416,2270,4032,2129
4920444570861500,2192,1851,2415,2271,4046,2131
4920444570879300,2188,1851,2414,2271,4030,2129
4920444570899200,2190,1853,2415,2266,4032,2130
4920444570916500,2189,1852,2415,2269,4030,2130
4920444570933400,2191,1853,2414,2272,4031,2128
4920444570950600,2191,1852,2414,2269,4040,2129
4920444570968500,2192,1851,2415,2271,4032,2128
4920444570985500,2191,1852,2416,2275,4031,2129
4920444571004700,2192,1858,2415,2269,4032,2129
4920444571020400,2204,1852,2414,2270,4031,2127
4920444571043100,2192,1852,2415,2270,4036,2130
4920444571062300,2191,1851,2424,2271,4031,2125
4920444571080400,2191,1852,2415,2271,4032,2130
4920444571098500,2189,1852,2414,2272,4033,2129
4920444571116800,2190,1853,2415,2270,4030,2128
4920444571134900,2191,1851,2416,2271,4033,2128
4920444571156200,2314,1852,2414,2271,4034,2130
4920444571174200,2190,1854,2415,2270,4029,2129
4920444571192400,2192,1851,2415,2270,4034,2129
4920444571210500,2191,1852,2415,2270,4032,2130
4920444571228600,2192,1852,2416,2270,4051,2129
4920444571248800,2189,1853,2416,2270,4029,2129
4920444571265300,2192,1852,2415,2270,4034,2129
4920444571281800,2192,1851,2415,2272,4032,2178
4920444571298800,2192,1852,2415,2268,4095,2130
4920444571315300,2191,1851,2414,2270,4033,2130
4920444571334700,2192,1853,2414,2272,4030,2128
4920444571352300,2192,1853,2417,2271,4028,2129
4920444571371400,2192,1853,2415,2271,4032,2129
4920444571390100,2191,1851,2416,2270,4033,2129
4920444571409400,2191,1852,2414,2273,4034,2128
4920444571425500,2192,1852,2415,2272,4034,2130
4920444571441800,2195,1852,2413,2270,4032,2130
4920444571458100,2190,1852,2414,2270,4034,2128
4920444571474400,2191,1852,2414,2271,4032,2126
4920444571493000,2192,1852,2413,2269,4048,2131
4920444571512700,2192,1851,2413,2270,4033,2129
4920444571529400,2193,1852,2414,2271,4033,2128
4920444571545600,2192,1851,2414,2268,4031,2130
4920444571561800,2192,1854,2415,2270,4036,2132
4920444571577900,2192,1852,2414,2270,4054,2129
4920444571593900,2192,1853,2415,2270,4033,2131
4920444571610300,2190,1851,2414,2271,4032,2128
4920444571629100,2192,1852,2414,2270,4055,2129
4920444571646800,2192,1852,2413,2270,4028,2129
4920444571664600,2192,1852,2415,2271,4030,2130
4920444571684000,2192,1852,2413,2270,4033,2129
4920444571703600,2191,1863,2415,2269,4035,2250
4920444571723100,2192,1706,2415,2270,4052,2129
4920444571744300,2193,1852,2415,2271,4032,2129
4920444571761900,2191,1852,2414,2270,4032,2127
4920444571779200,2192,1852,2414,2270,4033,2127
4920444571797800,2192,1851,2416,2269,4032,2166
4920444571815100,2191,1853,2419,2273,4031,2129
4920444571832300,2194,1851,2414,2271,4028,2130
4920444571854000,2192,1853,2413,2269,4030,2131
4920444571873800,2188,1853,2414,2272,4029,2131
4920444571893800,2189,1852,2415,2269,4032,2153
4920444571914000,2191,1851,2414,2271,4031,2130
4920444571934100,2191,1852,2414,2271,4031,2131
4920444571954400,2191,1850,2415,2270,4032,2129
4920444571976500,2193,1852,2418,2269,4032,2129
4920444571997500,2190,1850,2414,2271,4033,2129
4920444572019300,2192,1851,2415,2270,4050,2131
4920444572043000,2188,1851,2414,2270,4033,2128
4920444572063100,2192,1852,2415,2271,4032,2129
4920444572086900,2191,1851,2414,2269,4030,2130
4920444572106300,2193,1851,2413,2272,4037,2131
4920444572125800,2192,1852,2414,2270,4038,2130
4920444572145800,2191,1853,2415,2268,4032,2130
4920444572164300,2192,1852,2416,2271,4032,2129
4920444572182900,2189,1858,2415,2270,4033,2131
4920444572202000,2204,1851,2413,2272,4029,2130
4920444572219500,2191,1850,2414,2270,4031,2129
4920444572237000,2192,1851,2422,2271,4035,2125
4920444572258500,2192,1852,2415,2271,4030,2130
4920444572275300,2192,1853,2414,2268,4031,2131
4920444572293500,2191,1851,2415,2270,4032,2130
4920444572310800,2191,1852,2415,2271,4031,2130
4920444572328100,2313,1853,2414,2269,4033,2130
4920444572345500,2190,1852,2414,2272,4029,2131
4920444572362900,2192,1852,2415,2270,4034,2128
4920444572381000,2191,1852,2416,2271,4032,2132
4920444572396000,2191,1852,2414,2270,4012,2132
4920444572411600,2191,1850,2416,2271,4033,2130
4920444572426500,2190,1852,2415,2269,4032,2130
4920445134788200,2192,1850,2415,2269,4032,2180
4920445134854700,2190,1852,2413,2268,4095,2132
4920445134872000,2190,1852,2415,2270,4031,2132
4920445134889200,2193,1851,2414,2271,4033,2131
4920445134908700,2191,1852,2415,2271,4030,2132
4920445134925900,2191,1852,2415,2271,4032,2130
4920445134945200,2192,1853,2414,2420,4033,2131
4920445134961900,2191,1853,2414,2270,4034,2131
4920445134978700,2192,1853,2414,2270,4032,2132
4920445134995600,2193,1852,2413,2270,4030,2131
4920445135012300,2190,1852,2414,2271,4034,2130
4920445135029000,2191,1851,2416,2275,4031,2130
4920445135045400,2192,1852,2415,2269,4048,2133
4920445135061700,2193,1853,2413,2271,4030,2132
4920445135123700,2192,1852,2416,2271,4031,2131
4920445135171600,2191,1853,2413,2269,4036,2132
4920445135194000,2190,1853,2415,2270,4033,2134
4920445135210900,2189,1852,2414,2271,4054,2133
4920445135227500,2192,1852,2415,2270,4030,2132
4920445135244000,2191,1851,2414,2271,4034,2131
4920445135260500,2192,1852,2414,2270,4058,2132
4920445135277600,2191,1852,2413,2271,4030,2132
4920445135294200,2192,1853,2414,2270,4029,2132
4920445135310600,2191,1852,2413,2270,4034,2131
4920445135326800,2191,1865,2417,2269,4034,2133
4920445135343300,2192,1705,2415,2270,4052,2133
4920445135359700,2194,1852,2415,2270,4030,2132
4920445135375900,2191,1854,2416,2270,4032,2134
4920445135395500,2191,1853,2414,2270,4040,2132
4920445135412300,2192,1851,2415,2270,4032,2170
4920445135428700,2192,1852,2418,2271,4034,2133
4920445135445200,2192,1849,2414,2271,4033,2131
4920445135466500,2192,1852,2415,2270,4027,2134
4920445135484800,2190,1852,2413,2270,4032,2131
4920445135502200,2191,1853,2415,2269,4032,2157
4920445135518700,2194,1851,2415,2270,4031,2131
4920445135535500,2191,1852,2415,2269,4031,2132
4920445135552000,2191,1852,2414,2270,4032,2133
4920445135568400,2192,1853,2418,2271,4032,2132
4920445135584800,2191,1851,2414,2271,4031,2130
4920445135601100,2192,1852,2415,2271,4049,2133
4920445135617400,2188,1850,2414,2270,4025,2133
4920445135651000,2191,1856,2415,2270,4032,2132
4920445135666500,2192,1848,2414,2270,4034,2132
4920445135681500,2191,1853,2413,2272,4031,2132
4920445135696600,2191,1853,2415,2268,4036,2134
4920445135711600,2192,1852,2415,2270,4029,2131
4920445135727800,2191,1851,2416,2271,4029,2132
4920445135742800,2190,1859,2417,2270,4032,2134
4920445135757900,2208,1852,2414,2270,4030,2131
4920445135773100,2193,1851,2414,2272,4036,2131
4920445135791200,2190,1852,2423,2271,4033,2128
4920445135807500,2190,1852,2414,2271,4033,2131
4920445135824700,2192,1853,2415,2270,4035,2131
4920445135840900,2191,1852,2415,2270,4034,2132
4920445135857300,2192,1852,2414,2269,4033,2132
4920445135873800,2312,1851,2418,2270,4030,2130
4920445135890300,2191,1852,2414,2270,4031,2132
4920445135906900,2192,1853,2415,2270,4030,2131
4920445135923400,2190,1853,2415,2270,4032,2134
4920445135939600,2192,1852,2414,2271,4010,2133
4920445135959500,2193,1853,2416,2271,4028,2132
4920445135975900,2193,1850,2415,2268,4032,2131
4920445135992300,2192,1852,2415,2269,4028,2182
4920445136008700,2191,1852,2414,2270,4095,2132
4920445136025500,2191,1851,2413,2271,4033,2131
4920445136045100,2190,1852,2414,2272,4032,2131
4920445136061600,2191,1852,2415,2271,4034,2133
4920445136077800,2190,1853,2415,2270,4032,2132
4920445136094200,2190,1853,2416,2270,4031,2133
4920445136113700,2191,1852,2413,2268,4020,2130
4920445136129500,2193,1853,2415,2268,4032,2132
4920445136144600,2196,1853,2413,2272,4033,2133
4920445136159900,2192,1855,2415,2271,4029,2132
4920445136176200,2191,1850,2415,2275,4032,2130
4920445136191100,2192,1852,2414,2269,4033,2133
4920445136206200,2192,1851,2414,2270,4030,2132
4920445136221200,2192,1852,2416,2271,4037,2130
4920445136236200,2193,1852,2414,2270,4034,2133
4920445136251100,2191,1855,2415,2270,4032,2134
4920445136266300,2190,1852,2415,2270,4054,2132
4920445136281300,2192,1852,2415,2270,4031,2132
4920445136296300,2190,1853,2416,2271,4030,2132
4920445136311200,2193,1852,2414,2268,4056,2132
4920445136326000,2190,1851,2414,2271,4032,2132
4920445136341000,2191,1852,2414,2271,4031,2133
4920445136356000,2192,1851,2413,2271,4030,2131
4920445136371200,2190,1866,2415,2270,4034,2133
4920445136386100,2192,1704,2415,2270,4054,2133
4920445136405200,2194,1852,2415,2271,4032,2133
4920445136420400,2193,1851,2414,2270,4028,2130
4920445136435200,2190,1853,2414,2270,4037,2132
4920445136450200,2193,1852,2415,2271,4032,2170
4920445136465200,2190,1853,2420,2271,4034,2132
4920445136480100,2192,1852,2414,2272,4035,2130
4920445136495500,2193,1853,2415,2269,4033,2133
4920445136510400,2190,1852,2414,2270,4030,2133
4920445136525400,2191,1852,2415,2269,4032,2156
4920445136540400,2193,1850,2414,2270,4028,2131
4920445136555300,2193,1853,2415,2269,4031,2133
4920445136570300,2193,1852,2415,2270,4032,2131
4920445136585300,2191,1853,2418,2271,4032,2131
4920445136600600,2192,1850,2416,2271,4029,2133
4920445136615500,2192,1852,2416,2270,4048,2133
4920445136630500,2188,1852,2414,2272,4031,2131
4920445136645700,2191,1858,2416,2270,4032,2133
4920445136660900,2192,1851,2415,2270,4028,2133
4920445136679200,2195,1853,2414,2270,4038,2131
4920445136695400,2193,1852,2415,2270,4036,2131
4920445136711900,2194,1853,2415,2270,4032,2132
4920445136728200,2191,1849,2415,2271,4031,2131
4920445136744300,2190,1859,2415,2270,4033,2132
4920445136760600,2208,1852,2413,2270,4030,2133
4920445136776900,2193,1852,2414,2271,4036,2130
4920445136793100,2192,1851,2424,2269,4030,2128
4920445136809300,2192,1853,2415,2270,4029,2133
4920445136825600,2191,1852,2414,2269,4034,2131
4920445136842200,2193,1852,2416,2270,4032,2130
4920445136858400,2193,1851,2415,2270,4033,2132
4920445136874600,2314,1851,2416,2271,4029,2132
4920445136892300,2191,1853,2416,2271,4032,2131
4920445136908700,2191,1853,2415,2270,4032,2132
4920445136924800,2191,1853,2415,2272,4030,2134
4920445136941200,2191,1852,2414,2269,4016,2133
4920445136957800,2192,1852,2416,2271,4032,2132
4920445136974200,2191,1852,2415,2270,4036,2131
4920445136990300,2191,1852,2415,2270,4032,2181
4920445137008600,2192,1852,2413,2270,4095,2133
4920445137027000,2190,1852,2415,2270,4031,2131
4920445137042100,2193,1853,2414,2272,4032,2132
4920445137056900,2192,1852,2417,2271,4032,2134
4920445137072100,2192,1851,2416,2270,4036,2133
4920445137089300,2192,1851,2416,2272,4030,2133
4920445137104300,2191,1851,2415,2269,4046,2132
4920445137119200,2192,1853,2414,2270,4032,2133
4920445137134200,2193,1852,2413,2270,4033,2133
4920445137149200,2192,1853,2415,2269,4031,2132
4920445137164200,2191,1852,2414,2271,4031,2132
4920445137179200,2191,1852,2415,2269,4048,2134
4920445137194300,2191,1853,2414,2270,4032,2133
4920445137209400,2191,1853,2416,2271,4031,2132
4920445137224300,2192,1853,2415,2270,4035,2132
4920445137239500,2192,1855,2414,2270,4030,2134
4920445137254400,2192,1853,2415,2269,4056,2134
4920445137269800,2192,1852,2415,2269,4035,2132
4920445137284700,2191,1854,2416,2270,4032,2132
4920445137299900,2193,1853,2415,2269,4031,2133
4920445137315000,2192,1853,2412,2272,4030,2133
4920445137330000,2191,1854,2415,2270,4029,2134
4920445137345100,2191,1852,2413,2270,4031,2132
4920445137360100,2192,1866,2416,2272,4033,2252
4920445137375000,2192,1708,2415,2269,4054,2133
4920445137390000,2194,1851,2415,2271,4034,2132
4920445137405300,2193,1852,2414,2270,4033,2130
4920445137420300,2191,1852,2415,2269,4034,2133
4920445137435100,2192,1853,2415,2270,4032,2170
4920445137450100,2192,1852,2420,2272,4029,2133
4920445137465000,2191,1851,2414,2272,4034,2133
4920445137480100,2193,1853,2415,2269,4030,2133
4920445137495000,2192,1851,2414,2270,4034,2134
4920445137510100,2192,1852,2415,2271,4026,2156
4920445137525200,2192,1853,2415,2270,4029,2132
4920445137540600,2192,1852,2415,2271,4033,2131
4920445137555600,2191,1852,2415,2270,4033,2132
4920445137570600,2193,1852,2419,2271,4032,2132
4920445137586700,2193,1851,2415,2270,4033,2133
4920445137601900,2192,1851,2414,2271,4046,2135
4920445137616800,2189,1852,2414,2270,4031,2132
4920445137632200,2192,1853,2414,2270,4032,2132
4920445137651900,2191,1851,2415,2270,4029,2134
4920445137667100,2192,1853,2414,2271,4031,2133
4920445137682000,2193,1853,2415,2269,4036,2134
4920445137696900,2191,1852,2417,2271,4029,2132
4920445137712000,2193,1849,2415,2271,4028,2133
4920445137727300,2192,1857,2416,2271,4032,2132
4920445137742500,2208,1852,2414,2270,4031,2133
4920445137757500,2192,1851,2414,2272,4034,2132
4920445137772400,2192,1852,2424,2271,4031,2129
4920445137787400,2192,1853,2414,2270,4032,2131
4920445137802400,2191,1853,2414,2270,4035,2133
4920445137817600,2192,1852,2415,2270,4034,2132
4920445137832500,2192,1851,2416,2269,4027,2132
4920445137847500,2315,1852,2414,2271,4031,2132
4920445137862800,2190,1852,2414,2271,4033,2132
4920445137877900,2190,1851,2415,2272,4030,2131
4920445137892900,2193,1852,2415,2270,4030,2135
4920445137907900,2191,1853,2414,2270,4013,2133
4920445137922800,2191,1853,2416,2273,4029,2132
4920445137937900,2193,1852,2416,2270,4032,2132
4920445137954600,2191,1853,2415,2268,4028,2183
4920445137970000,2192,1852,2414,2270,4095,2132
4920445137985000,2191,1851,2415,2270,4033,2132
4920445137999800,2190,1853,2414,2272,4032,2133
4920445138014800,2190,1853,2418,2271,4028,2134
4920445138029800,2191,1852,2414,2270,4033,2133
4920445138045000,2192,1852,2416,2270,4031,2133
4920445138060000,2190,1854,2415,2269,4048,2130
4920445138075400,2193,1854,2414,2268,4028,2133
4920445138090300,2194,1851,2414,2270,4035,2133
4920445138105400,2190,1851,2415,2270,4032,2131
4920445138120300,2191,1852,2414,2269,4032,2132
4920445138135400,2192,1852,2415,2269,4052,2133
4920445138150300,2194,1852,2413,2271,4030,2133
4920445138165300,2193,1851,2416,2270,4035,2132
4920445138180400,2194,1854,2415,2269,4029,2133
4920445138195600,2192,1853,2415,2272,4032,2134
4920445138212800,2190,1853,2414,2269,4048,2132
4920445138229200,2196,1852,2415,2269,4032,2133
4920445138245400,2191,1853,2416,2271,4030,2128
4920445138261700,2193,1852,2413,2269,4014,2133
4920445138277900,2192,1851,2413,2270,4032,2132
4920445138295600,2190,1851,2415,2272,4030,2135
4920445138312000,2191,1852,2413,2270,4032,2133
4920445138328300,2191,1866,2415,2270,4034,2134
4920445138344400,2192,1706,2415,2268,4054,2133
4920445138360700,2194,1851,2415,2271,4030,2132
4920445138376800,2192,1853,2414,2270,4032,2131
4920445138393500,2192,1852,2414,2270,4036,2133
4920445138409700,2192,1852,2417,2270,4032,2168
4920445138426300,2192,1851,2420,2271,4034,2132
4920445138442400,2192,1853,2414,2271,4031,2132
4920445138458700,2192,1853,2415,2270,4033,2134
4920445138475000,2190,1851,2414,2270,4032,2133
4920445138491200,2191,1850,2415,2270,4034,2154
4920445138507400,2190,1853,2413,2271,4033,2131
4920445138523500,2193,1852,2415,2270,4033,2133
4920445138539800,2190,1853,2415,2270,4032,2132
4920445138556200,2191,1852,2419,2270,4035,2131
4920445138573600,2192,1852,2416,2270,4033,2131
4920445138588600,2192,1851,2416,2267,4045,2134
4920445138603700,2189,1853,2413,2272,4031,2133
4920445138618600,2192,1852,2416,2270,4029,2133
4920445138633600,2192,1852,2415,2269,4029,2132
4920445138648400,2193,1854,2415,2270,4037,2133
4920445138663700,2192,1852,2415,2270,4036,2132
4920445138679000,2193,1852,2415,2269,4033,2128
4920445138694000,2191,1852,2416,2271,4031,2131
4920445138709100,2190,1858,2415,2273,4032,2132
4920445138724100,2208,1852,2416,2270,4029,2133
4920445138739100,2192,1852,2415,2271,4039,2131
4920445138754000,2191,1851,2424,2270,4035,2128
4920445138769200,2192,1852,2415,2270,4034,2132
4920445138784300,2191,1853,2415,2270,4033,2132
4920445138799300,2192,1852,2415,2269,4032,2133
4920445138814200,2191,1852,2416,2271,4033,2131
4920445138829200,2314,1852,2414,2270,4031,2133
4920445138844300,2191,1852,2415,2270,4032,2132
4920445138859300,2193,1853,2415,2269,4034,2132
4920445138874300,2194,1851,2415,2271,4028,2134
4920445138889500,2192,1853,2415,2270,4012,2133
4920445138904500,2191,1852,2416,2270,4031,2131
4920445138921400,2192,1852,2416,2270,4036,2131
4920445138936500,2192,1852,2416,2270,4032,2181
4920445138951600,2192,1853,2415,2269,4095,2132
4920445138966800,2191,1852,2415,2271,4031,2132
4920445138981900,2194,1854,2416,2270,4034,2132
4920445138997200,2193,1851,2418,2271,4034,2132
4920445139013600,2193,1852,2415,2271,4032,2132
4920445139028600,2193,1852,2416,2270,4031,2133
4920445139043600,2191,1853,2415,2269,4048,2132
4920445139059400,2192,1854,2415,2272,4028,2133
4920445139074500,2193,1852,2413,2270,4034,2132
4920445139089500,2192,1852,2416,2270,4032,2132
4920445139104700,2192,1853,2416,2270,4029,2132
4920445139119800,2192,1853,2414,2270,4033,2134
4920445139134900,2190,1853,2414,2271,4027,2134
4920445139149900,2193,1853,2414,2271,4034,2132
4920445139164900,2192,1853,2415,2270,4032,2133
4920445139179800,2194,1854,2415,2270,4031,2134
4920445139194900,2190,1852,2415,2269,4056,2132
4920445139210000,2193,1852,2416,2270,4031,2132
4920445139225300,2191,1852,2416,2273,4030,2131
4920445139240400,2191,1853,2416,2269,4034,2133
4920445139255400,2193,1852,2416,2271,4028,2133
4920445139270500,2192,1851,2416,2270,4030,2134
4920445139285500,2193,1851,2417,2271,4032,2133
4920445139300600,2191,1867,2417,2269,4033,2256
4920445139315600,2192,1707,2415,2270,4054,2132
4920445139330900,2194,1853,2416,2271,4030,2133
4920445139345900,2192,1852,2416,2270,4032,2133
4920445139361000,2193,1852,2415,2269,4033,2133
4920445139375900,2192,1852,2417,2269,4033,2166
4920445139390900,2192,1851,2420,2271,4034,2132
4920445702583500,2192,1852,2415,2271,4031,2132
4920445702640200,2192,1852,2415,2269,4033,2134
4920445702663100,2190,1853,2414,2270,4035,2132
4920445702681900,2190,1852,2417,2271,4028,2155
4920445702702100,2197,1852,2415,2270,4033,2132
4920445702721600,2191,1853,2417,2270,4034,2134
4920445702741500,2193,1851,2417,2270,4028,2132
4920445702764800,2191,1853,2418,2271,4030,2131
4920445702783500,2193,1852,2416,2271,4029,2131
4920445702802200,2192,1852,2415,2270,4046,2134
4920445702820700,2188,1853,2414,2272,4030,2134
4920445702841800,2191,1858,2414,2270,4034,2132
4920445702858900,2192,1852,2416,2269,4033,2133
4920445702875900,2193,1852,2415,2271,4031,2133
4920445702895500,2193,1854,2415,2269,4032,2134
4920445702912900,2194,1853,2416,2269,4032,2132
4920445702930400,2193,1852,2416,2271,4031,2133
4920445702948300,2192,1849,2417,2271,4029,2169
4920445702965700,2202,1852,2415,2272,4032,2132
4920445702986800,2190,1854,2415,2271,4034,2132
4920445703007400,2192,1851,2424,2270,4033,2129
4920445703024400,2193,1853,2415,2271,4034,2132
4920445703043700,2193,1853,2416,2270,4035,2133
4920445703060100,2193,1852,2416,2270,4029,2132
4920445703076300,2193,1852,2417,2271,4032,2132
4920445703096300,2314,1852,2416,2270,4033,2132
4920445703111300,2190,1852,2415,2271,4029,2131
4920445703126700,2192,1851,2415,2272,4036,2131
4920445703141800,2188,1852,2416,2270,4032,2134
4920445703156800,2192,1853,2416,2270,4054,2132
4920445703171800,2193,1853,2417,2272,4029,2132
4920445703187200,2192,1851,2416,2270,4032,2132
4920445703202900,2190,1851,2416,2270,4033,2180
4920445703218600,2192,1852,2415,2270,4095,2133
4920445703234100,2193,1853,2416,2270,4033,2132
4920445703249800,2192,1853,2415,2272,4034,2131
4920445703267100,2193,1853,2418,2269,4032,2134
4920445703283600,2191,1852,2416,2271,4033,2132
4920445703300300,2191,1853,2416,2270,4032,2131
4920445703319700,2193,1852,2415,2268,4018,2133
4920445703334900,2193,1851,2415,2270,4034,2131
4920445703349900,2194,1853,2415,2272,4032,2132
4920445703365100,2192,1852,2415,2270,4033,2131
4920445703381300,2191,1853,2415,2271,4030,2131
4920445703396700,2193,1854,2415,2269,4041,2133
4920445703412200,2192,1851,2412,2269,4032,2132
4920445703429300,2194,1852,2416,2271,4033,2131
4920445703444700,2192,1854,2417,2269,4031,2131
4920445703463700,2192,1855,2415,2271,4030,2135
4920445703480800,2192,1852,2415,2271,4050,2132
4920445703498000,2192,1852,2416,2270,4032,2131
4920445703515800,2192,1851,2416,2270,4028,2133
4920445703533000,2194,1852,2416,2269,4031,2133
4920445703550100,2192,1854,2414,2271,4030,2132
4920445703567100,2193,1853,2415,2270,4031,2133
4920445703584000,2191,1852,2416,2270,4033,2133
4920445703601200,2193,1863,2417,2270,4038,2132
4920445703618000,2192,1707,2415,2270,4054,2133
4920445703635300,2194,1852,2416,2270,4031,2129
4920445703652300,2193,1852,2414,2270,4029,2131
4920445703677500,2191,1853,2415,2270,4031,2134
4920445703697500,2192,1852,2417,2269,4032,2164
4920445703716000,2193,1853,2419,2271,4032,2132
4920445703734200,2193,1850,2415,2271,4032,2132
4920445703753000,2192,1853,2415,2270,4028,2133
4920445703771400,2189,1853,2416,2272,4031,2133
4920445703790000,2192,1852,2416,2269,4032,2156
4920445703808400,2193,1853,2414,2270,4029,2132
4920445703827200,2193,1853,2417,2269,4037,2132
4920445703845700,2193,1853,2415,2270,4028,2132
4920445703864000,2192,1852,2419,2271,4032,2132
4920445703887700,2191,1852,2416,2271,4033,2132
4920445703907200,2192,1852,2415,2271,4046,2133
4920445703925900,2190,1851,2416,2269,4035,2132
4920445703945000,2192,1853,2416,2270,4033,2133
4920445703963600,2192,1852,2415,2270,4032,2133
4920445703983000,2192,1853,2415,2270,4029,2131
4920445704004800,2192,1853,2415,2268,4036,2133
4920445704026100,2190,1852,2416,2270,4032,2131
4920445704048700,2191,1853,2416,2271,4031,2132
4920445704070000,2193,1852,2415,2270,4033,2132
4920445704094200,2204,1852,2414,2270,4030,2133
4920445704114200,2193,1854,2415,2272,4031,2130
4920445704134100,2192,1852,2424,2271,4033,2128
4920445704153700,2193,1853,2414,2272,4029,2132
4920445704173400,2194,1853,2415,2270,4031,2130
4920445704193100,2192,1852,2417,2270,4034,2132
4920445704212700,2193,1852,2416,2271,4032,2132
4920445704235200,2316,1851,2416,2270,4034,2133
4920445704253700,2189,1853,2415,2270,4032,2130
4920445704281200,2192,1851,2416,2270,4034,2132
4920445704302900,2193,1853,2417,2271,4032,2133
4920445704322200,2193,1853,2414,2270,4008,2132
4920445704343400,2193,1852,2416,2270,4033,2132
4920445704364800,2192,1852,2416,2269,4028,2132
4920445704384500,2193,1853,2416,2269,4030,2181
4920445704404200,2193,1852,2415,2270,4095,2133
4920445704426300,2191,1851,2415,2270,4033,2132
4920445704448400,2193,1852,2416,2269,4033,2133
4920445704469100,2191,1852,2417,2271,4032,2133
4920445704489800,2192,1852,2415,2269,4032,2132
4920445704511400,2192,1852,2417,2271,4030,2132
4920445704532200,2192,1852,2415,2270,4030,2131
4920445704555200,2193,1850,2415,2270,4030,2132
4920445704575300,2194,1852,2414,2270,4034,2132
4920445704594600,2193,1852,2414,2270,4033,2131
4920445704613600,2191,1852,2416,2270,4033,2133
4920445704633000,2192,1852,2415,2270,4046,2132
4920445704652000,2193,1851,2414,2271,4030,2132
4920445704671400,2193,1854,2416,2271,4034,2132
4920445704690600,2191,1854,2416,2270,4032,2132
4920445704709900,2194,1854,2415,2272,4034,2134
4920445704729200,2192,1852,2415,2272,4054,2133
4920445704749200,2194,1852,2417,2269,4034,2130
4920445704768400,2191,1854,2417,2269,4030,2131
4920445704787800,2193,1852,2415,2269,4030,2133
4920445704809400,2194,1852,2413,2271,4030,2131
4920445704827800,2194,1853,2415,2271,4032,2133
4920445704846200,2193,1853,2416,2270,4028,2131
4920445704864500,2192,1864,2416,2269,4030,2132
4920445704882600,2192,1708,2415,2270,4052,2133
4920445704900900,2194,1852,2415,2271,4032,2132
4920445704921400,2192,1853,2416,2270,4028,2134
4920445704941300,2192,1852,2415,2270,4036,2132
4920445704961200,2192,1852,2416,2271,4029,2166
4920445704981700,2192,1852,2420,2271,4032,2134
4920445705001600,2192,1851,2415,2272,4029,2131
4920445705021600,2194,1852,2415,2270,4028,2134
4920445705041000,2192,1849,2414,2272,4033,2132
4920445705060500,2193,1853,2416,2270,4032,2155
4920445705080200,2194,1852,2415,2270,4035,2128
4920445705099800,2193,1852,2415,2270,4030,2134
4920445705119400,2192,1853,2415,2270,4032,2132
4920445705139100,2191,1853,2418,2271,4030,2132
4920445705160200,2194,1851,2416,2270,4033,2132
4920445705180000,2193,1850,2416,2271,4044,2132
4920445705199700,2188,1850,2414,2272,4031,2131
4920445705219600,2192,1853,2416,2270,4032,2132
4920445705240000,2194,1852,2415,2269,4033,2134
4920445705259600,2193,1851,2413,2272,4031,2132
4920445705279300,2194,1853,2415,2269,4036,2134
4920445705299200,2194,1852,2415,2270,4028,2131
4920445705320900,2192,1852,2416,2271,4033,2134
4920445705340700,2193,1850,2415,2271,4032,2132
4920445705360300,2206,1851,2414,2271,4029,2134
4920445705380000,2194,1854,2415,2271,4034,2132
4920445705400400,2194,1852,2423,2270,4033,2128
4920445705429600,2194,1852,2416,2271,4032,2132
4920445705450000,2196,1851,2416,2272,4031,2133
4920445705470100,2194,1852,2416,2270,4032,2132
4920445705491200,2194,1852,2416,2270,4033,2131
4920445705512200,2318,1851,2416,2269,4035,2132
4920445705535400,2193,1851,2416,2270,4029,2131
4920445705554900,2195,1853,2416,2271,4030,2131
4920445705574800,2195,1851,2415,2270,4033,2134
4920445705596900,2196,1852,2416,2270,4050,2129
4920445705615700,2195,1852,2416,2270,4029,2133
4920445705634500,2195,1852,2416,2269,4032,2130
4920445705653200,2195,1852,2416,2270,4030,2179
4920445705673700,2194,1850,2414,2270,4095,2133
4920445705690800,2196,1852,2416,2271,4034,2130
4920445705710700,2196,1852,2416,2272,4032,2132
4920445705728400,2195,1852,2417,2271,4032,2132
4920445705745600,2194,1853,2416,2270,4033,2133
4920445705762700,2194,1853,2416,2270,4034,2132
4920445705779900,2194,1854,2414,2270,4034,2130
4920445705797500,2196,1852,2416,2270,4032,2132
4920445705814800,2197,1852,2414,2269,4031,2131
4920445705832200,2194,1851,2416,2271,4031,2133
4920445705849400,2195,1852,2416,2271,4030,2132
4920445705870300,2196,1852,2415,2268,4045,2133
4920445705887500,2195,1853,2413,2271,4031,2130
4920445705904600,2195,1853,2416,2270,4034,2131
4920445705921800,2194,1854,2415,2269,4034,2131
4920445705939000,2195,1855,2417,2272,4030,2134
4920445705957200,2196,1853,2415,2269,4054,2133
4920445705974600,2194,1852,2416,2270,4032,2132
4920445705991700,2196,1851,2416,2270,4032,2132
4920445706011100,2194,1852,2415,2269,4030,2134
4920445706029700,2195,1852,2414,2271,4030,2133
4920445706048100,2194,1853,2415,2269,4031,2134
4920445706067600,2196,1852,2416,2270,4030,2132
4920445706086500,2193,1862,2416,2272,4033,2223
4920445706105300,2194,1706,2415,2270,4052,2133
4920445706124300,2196,1852,2415,2270,4031,2132
4920445706143100,2193,1853,2414,2270,4029,2131
4920445706163900,2196,1853,2415,2269,4035,2131
4920445706185000,2194,1853,2417,2270,4032,2167
4920445706206300,2195,1853,2420,2271,4028,2133
4920445706227800,2196,1851,2414,2271,4031,2132
4920445706250100,2194,1853,2415,2269,4028,2133
4920445706278000,2193,1852,2415,2270,4032,2131
4920445706297300,2193,1852,2416,2269,4032,2154
4920445706315700,2196,1851,2415,2270,4033,2131
4920445706334300,2197,1853,2415,2267,4031,2132
4920445706352900,2195,1851,2416,2271,4032,2132
4920445706371300,2194,1851,2419,2270,4030,2131
4920445706389900,2196,1852,2416,2269,4027,2133
4920445706408500,2194,1847,2415,2270,4045,2133
4920445706427500,2190,1852,2414,2270,4028,2130
4920445706445900,2195,1858,2417,2270,4033,2133
4920445706466500,2195,1852,2415,2272,4029,2134
4920445706485500,2197,1851,2413,2271,4031,2132
4920445706504000,2195,1854,2416,2270,4036,2133
4920445706522900,2196,1852,2416,2271,4032,2131
4920445706541700,2195,1852,2416,2271,4033,2132
4920445706564100,2193,1861,2417,2271,4032,2133
4920445706584100,2212,1852,2413,2270,4031,2133
4920445706602700,2196,1852,2415,2270,4036,2132
4920445706621400,2196,1851,2425,2272,4034,2128
4920445706640300,2195,1851,2415,2272,4030,2133
4920445706658900,2196,1852,2416,2271,4035,2131
4920445706681600,2195,1852,2416,2271,4038,2132
4920445706705900,2195,1852,2416,2271,4034,2131
4920445706732900,2316,1853,2416,2269,4033,2132
4920445706756700,2195,1853,2416,2271,4031,2132
4920445706775100,2196,1853,2416,2270,4034,2132
4920445706793400,2194,1852,2415,2269,4033,2133
4920445706814100,2195,1852,2416,2270,4052,2133
4920445706833900,2196,1853,2416,2273,4033,2132
4920445706853600,2196,1852,2416,2270,4036,2131
4920445706877400,2197,1853,2416,2269,4030,2183
4920445706900600,2195,1853,2414,2270,4095,2131
4920445706926100,2196,1852,2416,2269,4029,2130
4920445706948500,2195,1854,2414,2272,4033,2132
4920445706971900,2196,1852,2415,2271,4032,2133
4920445706993800,2195,1854,2415,2272,4029,2132
4920445707015400,2196,1851,2416,2269,4034,2133
4920445707038900,2196,1853,2415,2268,4022,2132
4920445707057300,2196,1856,2415,2271,4030,2131
4920445707075700,2197,1852,2414,2270,4033,2133
4920445707097600,2193,1852,2416,2270,4030,2132
4920445707114400,2195,1853,2414,2270,4032,2132
4920445707131200,2196,1853,2415,2268,4052,2132
4920445707147800,2196,1852,2414,2271,4032,2132
4920445707164700,2196,1854,2415,2270,4035,2130
4920445707181700,2195,1852,2416,2270,4033,2133
4920445707198600,2197,1856,2415,2269,4032,2133
4920445707216700,2196,1853,2415,2271,4054,2134
4920445707233300,2196,1851,2417,2270,4030,2135
4920445707251500,2195,1851,2416,2270,4029,2132
4920445707267400,2195,1852,2414,2269,4062,2133
4920445707285600,2196,1853,2414,2270,4030,2133
4920445707303000,2195,1853,2416,2270,4033,2132
4920445707319600,2196,1853,2413,2268,4034,2133
4920445707336400,2195,1870,2416,2271,4032,2134
4920445707353200,2196,1707,2415,2269,4058,2133
4920445707371300,2198,1852,2415,2272,4032,2134
4920445707387000,2196,1851,2415,2270,4032,2131
4920445707405700,2195,1853,2414,2270,4040,2133
4920445707423200,2196,1853,2416,2270,4032,2176
4920445707438400,2197,1852,2421,2271,4028,2132
4920445707453500,2196,1852,2415,2271,4031,2131
4920445707468700,2196,1851,2415,2270,4030,2133
4920445707483900,2194,1853,2414,2269,4033,2133
4920445707499000,2196,1854,2415,2271,4028,2157
4920445707514000,2196,1851,2414,2271,4029,2130
4920445707528900,2197,1853,2415,2269,4033,2134
4920445707544000,2194,1853,2414,2269,4028,2133
4920445707559200,2196,1852,2421,2270,4034,2130
4920445707574300,2194,1852,2416,2270,4031,2133
4920445707603500,2194,1853,2416,2271,4043,2134
4920445707618500,2192,1853,2416,2272,4034,2132
4920445707633800,2196,1852,2415,2271,4032,2131
4920445707649000,2194,1852,2416,2269,4034,2131
4920445707664000,2195,1851,2413,2271,4034,2131
4920445707679000,2196,1853,2416,2270,4034,2132
4920445707694200,2197,1853,2415,2269,4032,2132
4920445707709500,2197,1852,2416,2271,4033,2131
4920445707724500,2194,1869,2417,2271,4030,2132
4920445707739500,2216,1852,2414,2270,4031,2133
4920445707754700,2196,1852,2415,2272,4036,2130
4920445707769900,2196,1852,2426,2271,4036,2127
4920445707785500,2196,1853,2415,2273,4034,2133
4920445707801600,2195,1852,2416,2272,4031,2131
4920445707816700,2196,1851,2417,2270,4032,2130
4920445707832000,2196,1854,2417,2269,4034,2132
4920445707847000,2318,1853,2415,2270,4035,2132
4920445707864200,2194,1852,2416,2270,4033,2131
4920445707880600,2194,1851,2415,2271,4032,2131
4920445707897700,2197,1852,2415,2270,4036,2132
4920445707914000,2196,1854,2415,2270,4010,2133
4920445707930400,2196,1852,2416,2271,4030,2132
4920445707946700,2195,1851,2415,2270,4036,2132
4920446271965000,2195,1853,2416,2269,4029,2184
4920446272237900,2197,1852,2415,2270,4095,2133
4920446272294400,2195,1852,2415,2271,4029,2132
4920446272341500,2196,1853,2416,2272,4032,2132
4920446272388000,2195,1852,2417,2271,4030,2132
4920446272430000,2195,1853,2415,2271,4028,2134
4920446272481800,2197,1852,2416,2272,4030,2133
4920446272551800,2195,1853,2415,2269,4062,2132
4920446272581500,2196,1854,2415,2270,4032,2132
4920446272603200,2198,1852,2414,2269,4030,2133
4920446272619300,2193,1852,2415,2270,4032,2133
4920446272635000,2197,1851,2415,2280,4033,2132
4920446272651500,2197,1853,2414,2269,4033,2133
4920446272666900,2196,1851,2416,2271,4032,2132
4920446272685700,2196,1853,2416,2270,4030,2132
4920446272701300,2196,1854,2415,2268,4034,2131
4920446272724900,2195,1855,2415,2270,4034,2134
4920446272742100,2195,1852,2415,2269,4058,2131
4920446272759400,2195,1853,2417,2268,4034,2132
4920446272776300,2196,1852,2416,2270,4032,2132
4920446272795700,2197,1853,2415,2270,4030,2133
4920446272812000,2197,1853,2414,2271,4026,2133
4920446272828300,2196,1848,2416,2270,4028,2133
4920446272844600,2195,1852,2416,2271,4032,2131
4920446272865900,2196,1870,2417,2270,4033,2282
4920446272881600,2196,1706,2415,2268,4054,2134
4920446272897400,2197,1851,2415,2271,4034,2132
4920446272913300,2195,1852,2416,2270,4032,2133
4920446272929600,2196,1852,2415,2270,4037,2132
4920446272947200,2194,1853,2416,2271,4028,2175
4920446272963000,2195,1852,2421,2271,4031,2132
4920446272979200,2196,1852,2414,2270,4031,2132
4920446272996200,2197,1852,2415,2269,4032,2133
4920446273012200,2196,1852,2416,2272,4029,2133
4920446273027600,2195,1852,2416,2269,4032,2156
4920446273042900,2195,1853,2415,2270,4031,2132
4920446273058200,2196,1853,2415,2269,4033,2134
4920446273073500,2196,1852,2415,2271,4033,2133
4920446273088800,2196,1852,2419,2270,4032,2132
4920446273105300,2196,1851,2416,2271,4032,2132
4920446273123100,2200,1853,2415,2269,4047,2133
4920446273138700,2193,1851,2414,2270,4033,2132
4920446273153700,2196,1853,2414,2270,4033,2132
4920446273168700,2196,1850,2415,2272,4029,2133
4920446273183700,2195,1852,2414,2275,4031,2132
4920446273201300,2195,1854,2415,2269,4036,2133
4920446273217500,2197,1853,2415,2270,4028,2132
4920446273234000,2195,1852,2417,2271,4031,2133
4920446273250200,2195,1869,2415,2270,4032,2132
4920446273266600,2213,1852,2414,2270,4030,2131
4920446273283900,2196,1852,2415,2272,4037,2131
4920446273300000,2195,1852,2425,2269,4033,2128
4920446273316400,2197,1853,2414,2271,4033,2131
4920446273334800,2195,1853,2415,2270,4031,2132
4920446273352500,2196,1854,2415,2270,4028,2132
4920446273372300,2196,1852,2417,2270,4033,2131
4920446273387900,2316,1852,2416,2270,4031,2132
4920446273403600,2194,1852,2416,2270,4031,2132
4920446273422000,2196,1852,2416,2271,4030,2131
4920446273438800,2195,1853,2415,2270,4030,2133
4920446273455300,2196,1851,2414,2270,4016,2132
4920446273474600,2196,1853,2416,2271,4032,2132
4920446273491600,2196,1852,2415,2269,4032,2131
4920446273508600,2195,1852,2416,2269,4034,2182
4920446273525500,2196,1851,2414,2270,4095,2132
4920446273542600,2195,1851,2416,2271,4031,2132
4920446273560400,2197,1852,2416,2270,4036,2132
4920446273578400,2196,1852,2417,2271,4033,2132
4920446273594600,2196,1853,2415,2271,4034,2132
4920446273609900,2196,1853,2416,2270,4033,2131
4920446273629700,2195,1853,2415,2269,4056,2132
4920446273647700,2196,1856,2415,2272,4028,2133
4920446273668100,2199,1852,2414,2272,4031,2130
4920446273687200,2196,1852,2415,2271,4033,2132
4920446273706400,2197,1851,2416,2282,4032,2132
4920446273730600,2194,1853,2415,2268,4054,2133
4920446273750800,2197,1851,2416,2271,4032,2131
4920446273771300,2197,1853,2417,2271,4033,2132
4920446273791400,2197,1853,2415,2269,4034,2132
4920446273812700,2196,1856,2415,2269,4033,2134
4920446273830800,2195,1851,2415,2268,4054,2133
4920446273849200,2196,1852,2415,2270,4033,2132
4920446273867500,2195,1852,2416,2271,4028,2132
4920446273886000,2195,1852,2415,2269,4032,2133
4920446273910800,2195,1853,2413,2270,4032,2132
4920446273927700,2196,1852,2415,2270,4032,2134
4920446273947200,2194,1852,2413,2272,4032,2131
4920446273973300,2194,1872,2416,2270,4031,2286
4920446273997000,2195,1708,2415,2272,4054,2133
4920446274018900,2198,1853,2415,2271,4029,2132
4920446274037200,2195,1852,2416,2270,4032,2133
4920446274055700,2197,1852,2415,2270,4034,2131
4920446274077200,2196,1853,2416,2270,4032,2176
4920446274095600,2197,1851,2421,2268,4033,2132
4920446274114200,2195,1854,2416,2271,4031,2132
4920446274132900,2196,1853,2415,2269,4032,2132
4920446274151500,2196,1853,2414,2270,4032,2133
4920446274174300,2195,1852,2416,2269,4032,2155
4920446274190900,2196,1852,2415,2270,4031,2131
4920446274207500,2196,1849,2415,2269,4033,2133
4920446274224000,2196,1853,2415,2269,4032,2133
4920446274240600,2194,1853,2418,2268,4033,2132
4920446274259700,2196,1852,2416,2270,4032,2132
4920446274281500,2195,1851,2417,2272,4050,2134
4920446274297200,2196,1852,2414,2272,4032,2131
4920446274313200,2195,1857,2415,2271,4029,2132
4920446274328300,2196,1852,2415,2270,4032,2133
4920446274343300,2196,1852,2415,2270,4031,2132
4920446274358500,2193,1853,2416,2270,4034,2134
4920446274373600,2196,1852,2415,2270,4033,2131
4920446274388500,2196,1852,2416,2271,4031,2132
4920446274403500,2194,1867,2417,2271,4032,2133
4920446274418500,2214,1851,2414,2272,4028,2131
4920446274433600,2196,1853,2415,2270,4036,2132
4920446274448600,2197,1851,2425,2270,4033,2128
4920446274463700,2195,1852,2415,2271,4031,2131
4920446274478800,2193,1852,2415,2270,4035,2131
4920446274495300,2195,1852,2416,2271,4034,2132
4920446274510700,2196,1853,2417,2271,4035,2131
4920446274525700,2318,1851,2416,2270,4031,2131
4920446274540600,2194,1853,2416,2271,4033,2131
4920446274555700,2195,1852,2416,2270,4034,2131
4920446274570800,2196,1853,2415,2270,4035,2132
4920446274586700,2195,1853,2415,2270,4013,2132
4920446274602000,2195,1853,2416,2272,4026,2132
4920446274617300,2194,1852,2416,2269,4032,2132
4920446274634800,2196,1853,2416,2270,4029,2182
4920446274650500,2196,1853,2415,2270,4095,2133
4920446274666100,2197,1852,2416,2271,4033,2129
4920446274683600,2196,1852,2416,2270,4034,2132
4920446274699000,2197,1852,2417,2270,4032,2134
4920446274714100,2196,1853,2415,2272,4032,2132
4920446274729200,2195,1852,2416,2270,4031,2131
4920446274744200,2194,1853,2415,2268,4026,2132
4920446274761800,2196,1856,2416,2270,4032,2131
4920446274778600,2198,1852,2414,2272,4034,2131
4920446274796700,2196,1853,2416,2271,4032,2132
4920446274816300,2194,1853,2414,2272,4030,2133
4920446274832700,2195,1853,2415,2269,4050,2134
4920446274849100,2195,1853,2414,2271,4030,2131
4920446274868000,2196,1852,2416,2270,4031,2132
4920446274883900,2196,1854,2415,2268,4030,2133
4920446274901500,2196,1853,2414,2270,4032,2133
4920446274918000,2194,1852,2414,2270,4058,2133
4920446274934100,2194,1853,2417,2270,4030,2132
4920446274950500,2196,1852,2416,2270,4028,2132
4920446274967000,2197,1851,2416,2270,4030,2133
4920446274983400,2195,1853,2416,2270,4032,2132
4920446275002000,2195,1853,2415,2270,4032,2132
4920446275017000,2197,1853,2413,2270,4031,2131
4920446275033300,2196,1870,2416,2269,4034,2134
4920446275050200,2196,1708,2415,2270,4053,2133
4920446275066400,2197,1852,2415,2270,4034,2133
4920446275082500,2196,1853,2415,2270,4030,2132
4920446275098900,2196,1852,2415,2270,4031,2134
4920446275118400,2196,1851,2416,2271,4028,2174
4920446275133700,2195,1853,2422,2271,4031,2132
4920446275152200,2195,1852,2414,2272,4029,2133
4920446275168600,2195,1853,2415,2270,4030,2133
4920446275185100,2195,1853,2414,2270,4030,2132
4920446275202900,2195,1853,2416,2270,4028,2154
4920446275219100,2195,1852,2416,2270,4033,2132
4920446275235300,2196,1852,2415,2272,4031,2134
4920446275251800,2197,1853,2414,2270,4028,2133
4920446275268100,2196,1853,2418,2270,4032,2131
4920446275284300,2194,1853,2416,2270,4031,2132
4920446275300600,2196,1853,2416,2270,4043,2134
4920446275316900,2193,1852,2416,2269,4032,2131
4920446275333700,2196,1852,2415,2270,4038,2133
4920446275349900,2195,1852,2415,2270,4031,2132
4920446275366100,2194,1853,2414,2271,4035,2130
4920446275382500,2196,1852,2415,2269,4040,2132
4920446275398800,2196,1852,2415,2271,4029,2131
4920446275415100,2197,1852,2416,2271,4029,2131
4920446275431400,2196,1862,2415,2271,4033,2133
4920446275449300,2213,1853,2414,2272,4028,2133
4920446275464300,2196,1851,2415,2270,4036,2131
4920446275479500,2197,1852,2424,2270,4034,2128
4920446275495700,2197,1851,2415,2270,4033,2133
4920446275510600,2197,1852,2416,2272,4031,2133
4920446275526300,2195,1852,2417,2269,4036,2132
4920446275541300,2196,1853,2416,2269,4031,2132
4920446275556400,2318,1851,2416,2270,4032,2132
4920446275571300,2194,1852,2416,2270,4029,2136
4920446275587900,2197,1853,2414,2270,4034,2132
4920446275602800,2196,1852,2416,2270,4034,2134
4920446275617900,2196,1854,2416,2271,4054,2133
4920446275632900,2196,1852,2417,2272,4031,2132
4920446275650200,2196,1853,2415,2270,4036,2132
4920446275665300,2195,1852,2414,2268,4032,2180
4920446275680600,2197,1851,2414,2270,4095,2132
4920446275695600,2195,1851,2415,2271,4031,2132
4920446275710500,2196,1852,2416,2270,4032,2132
4920446275725700,2197,1852,2415,2271,4032,2133
4920446275740700,2195,1853,2416,2271,4032,2132
4920446275755800,2196,1854,2416,2270,4033,2133
4920446275771600,2196,1852,2416,2269,4048,2132
4920446275786900,2196,1854,2415,2270,4028,2132
4920446275801800,2198,1852,2414,2270,4034,2132
4920446275816700,2195,1852,2416,2270,4033,2131
4920446275831800,2196,1851,2416,2272,4033,2132
4920446275846800,2196,1852,2414,2269,4035,2133
4920446275861900,2195,1853,2414,2271,4032,2132
4920446275877800,2197,1853,2416,2271,4034,2132
4920446275892800,2197,1854,2414,2269,4031,2132
4920446275907800,2196,1855,2415,2269,4033,2134
4920446275923300,2196,1852,2415,2270,4054,2133
4920446275938300,2194,1852,2417,2270,4030,2132
4920446275953400,2194,1853,2416,2270,4032,2132
4920446275968200,2196,1852,2415,2268,4033,2133
4920446275983300,2196,1853,2414,2270,4030,2134
4920446275998100,2196,1852,2416,2270,4032,2133
4920446276013000,2196,1852,2413,2272,4034,2131
4920446276028100,2195,1869,2415,2270,4034,2133
4920446276047200,2194,1708,2415,2270,4050,2133
4920446276063500,2198,1852,2415,2270,4034,2132
4920446276079800,2196,1853,2416,2270,4033,2133
4920446276095900,2196,1852,2415,2270,4030,2132
4920446276112500,2196,1853,2416,2270,4032,2167
4920446276128600,2196,1853,2420,2271,4033,2132
4920446276145000,2196,1853,2416,2270,4033,2131
4920446276161300,2197,1852,2415,2268,4035,2134
4920446276177500,2194,1853,2414,2270,4031,2133
4920446276196000,2194,1852,2415,2269,4032,2155
4920446276211200,2197,1853,2414,2270,4034,2133
4920446276228900,2196,1852,2417,2269,4031,2133
4920446276245400,2195,1852,2415,2270,4033,2131
4920446276261900,2196,1852,2419,2270,4030,2134
4920446276283800,2196,1852,2416,2269,4027,2132
4920446276300800,2197,1852,2415,2273,4043,2133
4920446276319500,2193,1851,2416,2270,4031,2131
4920446276338300,2195,1857,2415,2272,4032,2133
4920446276358600,2194,1852,2415,2272,4033,2134
4920446276379000,2196,1853,2415,2269,4035,2132
4920446276397400,2197,1854,2415,2270,4036,2132
4920446276415500,2196,1852,2416,2270,4028,2132
4920446276433500,2196,1858,2416,2271,4031,2133
4920446276451700,2194,1864,2417,2270,4029,2174
4920446276471400,2212,1853,2415,2272,4031,2131
4920446276490300,2197,1851,2415,2271,4034,2132
4920446276508900,2197,1851,2424,2271,4033,2127
4920446276527500,2198,1853,2416,2271,4034,2132
4920446276546200,2194,1854,2415,2270,4030,2131
4920446276565400,2198,1853,2415,2269,4036,2132
4920446276582100,2195,1853,2416,2271,4033,2132
4920446276602100,2318,1855,2416,2270,4035,2130
4920446276620100,2195,1853,2414,2272,4029,2133
4920446276638000,2196,1854,2415,2272,4034,2131
4920446276657600,2197,1852,2415,2270,4032,2133
4920446276674000,2195,1853,2416,2270,4056,2133
4920446276691900,2195,1853,2416,2271,4027,2133
4920446276709400,2196,1852,2415,2270,4032,2132
4920446276725900,2197,1853,2415,2269,4032,2181
4920446276743700,2195,1853,2413,2269,4095,2133
4920446276760900,2195,1852,2415,2272,4031,2132
4920446276777800,2196,1852,2414,2270,4034,2131
4920446276798500,2196,1855,2418,2271,4032,2133
4920446276816600,2195,1851,2416,2271,4032,2132
4920446276835000,2198,1852,2417,2271,4031,2132
4920446276854600,2198,1852,2415,2268,4020,2132
4920446276873200,2196,1854,2415,2271,4032,2133
4920446276891600,2198,1852,2414,2272,4031,2133
4920446276910000,2195,1851,2416,2271,4033,2132
4920446276930400,2195,1854,2415,2271,4032,2131
4920446276946600,2195,1853,2413,2268,4048,2133
4920446276962800,2196,1852,2413,2271,4032,2133
4920446276979000,2197,1853,2416,2271,4031,2132
4920446276997200,2196,1854,2414,2269,4031,2133
4920446277015200,2196,1856,2415,2270,4032,2134
4920446277032800,2195,1852,2415,2270,4052,2132
4920446277049100,2196,1853,2417,2270,4030,2131
4920446277065200,2196,1852,2416,2270,4033,2131
4920446277081500,2195,1853,2415,2269,4031,2132
4920446277100700,2196,1852,2413,2268,4032,2131
4920446277118100,2197,1852,2415,2271,4032,2134
4920446277137600,2197,1852,2413,2271,4032,2131
4920446277153800,2196,1867,2418,2268,4038,2133
4920446277170000,2196,1707,2415,2270,4053,2133
4920446277188000,2198,1853,2415,2271,4032,2131
4920446277208600,2197,1852,2416,2271,4033,2132
4920446277230100,2196,1852,2414,2270,4039,2133
4920446277246200,2196,1852,2416,2269,4032,2171
4920446277263000,2196,1854,2420,2271,4031,2132
4920446839564100,2198,1851,2415,2271,4031,2131
4920446839644600,2197,1853,2415,2269,4031,2133
4920446839669800,2196,1852,2416,2270,4031,2133
4920446839694000,2195,1852,2416,2270,4032,2154
4920446839724000,2200,1852,2415,2269,4035,2131
4920446839748100,2196,1853,2415,2269,4034,2132
4920446839775400,2197,1852,2416,2270,4032,2132
4920446839799400,2197,1853,2417,2270,4034,2131
4920446839823300,2196,1852,2414,2271,4027,2133
4920446839866300,2197,1851,2416,2270,4047,2134
4920446839887400,2194,1853,2416,2270,4031,2132
4920446839908600,2196,1852,2415,2270,4032,2132
4920446839929500,2197,1852,2415,2270,4033,2132
4920446839955300,2198,1851,2413,2272,4030,2135
4920446839976500,2196,1853,2417,2270,4036,2131
4920446839997900,2196,1853,2415,2270,4032,2131
4920446840019000,2197,1852,2416,2271,4033,2131
4920446840040000,2194,1860,2415,2269,4032,2131
4920446840061500,2216,1852,2414,2270,4032,2132
4920446840082500,2197,1852,2415,2271,4036,2133
4920446840103400,2195,1852,2424,2271,4034,2128
4920446840124400,2197,1852,2415,2270,4034,2132
4920446840146400,2195,1852,2415,2270,4033,2132
4920446840167400,2195,1852,2416,2269,4036,2132
4920446840188300,2196,1853,2416,2270,4033,2132
4920446840209500,2319,1852,2416,2273,4030,2133
4920446840230500,2194,1854,2414,2272,4034,2132
4920446840251300,2196,1854,2415,2268,4032,2132
4920446840275700,2197,1853,2416,2270,4029,2133
4920446840296900,2195,1852,2416,2270,4056,2131
4920446840317900,2197,1852,2417,2271,4031,2132
4920446840339500,2195,1852,2416,2269,4032,2132
4920446840360400,2196,1852,2416,2270,4028,2182
4920446840381400,2197,1851,2415,2270,4095,2133
4920446840402500,2197,1853,2415,2271,4035,2132
4920446840423600,2198,1854,2416,2272,4034,2132
4920446840444500,2196,1853,2417,2271,4032,2133
4920446840465600,2198,1853,2415,2271,4034,2132
4920446840486500,2198,1851,2416,2272,4033,2132
4920446840507600,2196,1851,2415,2269,4050,2131
4920446840530900,2197,1853,2415,2270,4032,2132
4920446840553200,2200,1851,2413,2268,4034,2132
4920446840573600,2196,1852,2415,2270,4030,2132
4920446840594000,2196,1852,2415,2270,4028,2133
4920446840614800,2198,1853,2414,2268,4034,2133
4920446840635300,2198,1854,2414,2271,4030,2133
4920446840655900,2195,1853,2416,2271,4033,2131
4920446840677400,2196,1854,2416,2272,4033,2133
4920446840697900,2197,1854,2415,2268,4030,2133
4920446840718400,2196,1853,2415,2269,4056,2133
4920446840738700,2196,1853,2417,2270,4030,2133
4920446840759200,2196,1852,2416,2270,4030,2132
4920446840779800,2196,1853,2415,2269,4031,2132
4920446840800400,2198,1853,2414,2271,4032,2131
4920446840820800,2197,1853,2415,2272,4032,2133
4920446840841400,2196,1852,2415,2270,4032,2131
4920446840862500,2195,1866,2415,2272,4032,2132
4920446840883000,2196,1706,2415,2272,4056,2133
4920446840903400,2200,1852,2415,2270,4034,2133
4920446840924900,2196,1852,2414,2270,4033,2131
4920446840945300,2197,1851,2415,2270,4033,2134
4920446840965900,2196,1853,2416,2269,4032,2170
4920446840986400,2196,1851,2420,2271,4029,2132
4920446841006700,2196,1853,2416,2270,4031,2130
4920446841027100,2197,1853,2415,2270,4032,2134
4920446841047600,2196,1852,2415,2270,4032,2131
4920446841068000,2196,1853,2416,2268,4032,2156
4920446841088300,2198,1851,2414,2271,4029,2132
4920446841108700,2198,1852,2415,2270,4033,2133
4920446841129700,2196,1853,2416,2270,4032,2132
4920446841150000,2198,1853,2419,2271,4032,2133
4920446841170400,2197,1852,2416,2270,4033,2133
4920446841193000,2197,1853,2416,2272,4046,2134
4920446841214400,2194,1852,2414,2272,4031,2132
4920446841236000,2196,1853,2416,2271,4032,2133
4920446841257500,2197,1852,2416,2269,4032,2131
4920446841291600,2196,1851,2416,2271,4031,2132
4920446841314500,2197,1852,2415,2270,4036,2133
4920446841336100,2197,1853,2416,2270,4032,2132
4920446841357800,2197,1852,2416,2271,4033,2132
4920446841379500,2196,1858,2417,2271,4032,2132
4920446841401000,2213,1852,2414,2269,4031,2131
4920446841423400,2197,1853,2415,2271,4034,2132
4920446841444800,2196,1852,2425,2269,4035,2129
4920446841466300,2196,1853,2414,2271,4032,2132
4920446841487900,2197,1854,2414,2270,4034,2131
4920446841509600,2197,1851,2417,2270,4032,2132
4920446841531200,2198,1852,2417,2270,4028,2132
4920446841552900,2318,1853,2416,2271,4031,2133
4920446841574500,2195,1852,2416,2269,4031,2132
4920446841597100,2197,1854,2416,2270,4034,2131
4920446841618700,2196,1853,2415,2271,4033,2129
4920446841643500,2197,1853,2414,2270,4013,2132
4920446841666300,2196,1852,2417,2271,4032,2132
4920446841689600,2198,1852,2415,2272,4032,2132
4920446841713500,2196,1852,2415,2271,4028,2180
4920446841736400,2198,1852,2415,2270,4095,2133
4920446841759100,2196,1853,2415,2271,4030,2132
4920446841782300,2197,1854,2416,2272,4032,2133
4920446841805200,2197,1853,2415,2271,4033,2132
4920446841831900,2197,1853,2415,2271,4030,2132
4920446841854700,2197,1853,2416,2269,4033,2132
4920446841877500,2196,1853,2414,2269,4048,2132
4920446841900400,2198,1853,2415,2272,4034,2134
4920446841923300,2198,1851,2414,2272,4030,2134
4920446841946200,2196,1852,2416,2271,4033,2131
4920446841969200,2197,1851,2414,2266,4029,2131
4920446841992600,2200,1851,2414,2269,4036,2133
4920446842015900,2196,1852,2414,2271,4034,2131
4920446842038700,2197,1854,2416,2270,4030,2132
4920446842061600,2195,1853,2415,2270,4033,2133
4920446842084400,2198,1855,2416,2270,4030,2132
4920446842107300,2196,1852,2414,2270,4058,2132
4920446842131300,2198,1854,2417,2269,4034,2130
4920446842155500,2197,1853,2416,2270,4028,2132
4920446842178300,2198,1853,2415,2268,4031,2133
4920446842201500,2199,1852,2413,2271,4028,2133
4920446842224600,2198,1854,2416,2272,4035,2133
4920446842249800,2196,1853,2413,2270,4032,2131
4920446842274000,2197,1867,2416,2269,4029,2260
4920446842299000,2193,1707,2415,2271,4056,2132
4920446842326000,2201,1852,2417,2270,4036,2131
4920446842350300,2196,1851,2416,2270,4030,2133
4920446842374700,2197,1853,2415,2272,4033,2134
4920446842401300,2197,1853,2414,2269,4034,2170
4920446842425900,2197,1853,2420,2271,4033,2133
4920446842450300,2197,1852,2415,2271,4032,2132
4920446842474600,2198,1852,2415,2270,4032,2133
4920446842498900,2197,1853,2414,2269,4033,2133
4920446842523200,2197,1854,2416,2270,4028,2154
4920446842547600,2198,1852,2415,2270,4030,2131
4920446842573200,2197,1853,2415,2274,4033,2133
4920446842599500,2197,1853,2415,2270,4028,2133
4920446842624300,2196,1854,2420,2271,4027,2132
4920446842650500,2198,1850,2416,2271,4029,2133
4920446842673000,2197,1853,2415,2270,4045,2133
4920446842695100,2194,1852,2414,2270,4033,2133
4920446842717400,2196,1853,2415,2271,4028,2134
4920446842739700,2197,1851,2415,2270,4035,2134
4920446842762100,2197,1853,2415,2267,4036,2132
4920446842784400,2198,1852,2415,2270,4036,2133
4920446842806600,2196,1854,2415,2270,4032,2132
4920446842829000,2198,1852,2416,2272,4030,2131
4920446842851400,2197,1860,2417,2270,4029,2173
4920446842873800,2214,1853,2414,2272,4031,2133
4920446842896700,2197,1853,2415,2270,4036,2132
4920446842919000,2198,1852,2423,2271,4031,2129
4920446842941200,2197,1853,2415,2270,4034,2131
4920446842963500,2197,1853,2415,2269,4033,2131
4920446842985800,2196,1853,2417,2269,4038,2131
4920446843009200,2197,1853,2416,2269,4035,2133
4920446843031600,2318,1852,2416,2271,4031,2130
4920446843053900,2196,1853,2416,2271,4031,2132
4920446843075900,2197,1855,2415,2271,4036,2132
4920446843098200,2197,1852,2415,2268,4035,2134
4920446843120200,2198,1853,2416,2269,4054,2131
4920446843142200,2198,1852,2416,2270,4031,2132
4920446843164300,2199,1852,2415,2270,4034,2131
4920446843192100,2198,1851,2414,2272,4029,2181
4920446843214400,2199,1852,2415,2270,4095,2131
4920446843236700,2197,1852,2416,2269,4033,2131
4920446843259000,2198,1853,2414,2270,4034,2132
4920446843286900,2199,1852,2416,2269,4032,2132
4920446843309900,2198,1853,2415,2272,4029,2132
4920446843332300,2198,1852,2416,2272,4027,2133
4920446843354800,2197,1853,2415,2269,4048,2131
4920446843377200,2200,1852,2415,2270,4034,2132
4920446843399600,2200,1852,2414,2270,4034,2133
4920446843423100,2197,1853,2415,2270,4033,2132
4920446843445400,2197,1853,2414,2271,4032,2131
4920446843468000,2198,1852,2415,2269,4044,2134
4920446843489400,2200,1852,2414,2270,4032,2131
4920446843509200,2198,1853,2416,2270,4031,2132
4920446843527200,2198,1854,2415,2270,4034,2133
4920446843546200,2197,1856,2413,2269,4033,2135
4920446843564300,2196,1852,2415,2270,4054,2134
4920446843582500,2200,1852,2415,2269,4033,2133
4920446843600700,2198,1852,2416,2270,4032,2132
4920446843618700,2198,1852,2414,2269,4056,2133
4920446843636800,2200,1853,2414,2271,4032,2134
4920446843655000,2199,1854,2416,2270,4031,2132
4920446843673000,2200,1853,2415,2270,4030,2132
4920446843691000,2197,1866,2416,2269,4034,2133
4920446843709800,2200,1706,2415,2270,4052,2133
4920446843728000,2201,1852,2415,2272,4034,2132
4920446843746200,2198,1853,2416,2270,4033,2133
4920446843765200,2199,1853,2415,2270,4034,2131
4920446843783400,2200,1852,2417,2271,4028,2166
4920446843801500,2200,1853,2420,2271,4031,2132
4920446843821500,2199,1852,2415,2270,4030,2131
4920446843837700,2199,1853,2415,2272,4031,2133
4920446843856700,2196,1852,2414,2270,4030,2131
4920446843873000,2198,1853,2416,2269,4032,2154
4920446843889300,2199,1851,2415,2270,4032,2131
4920446843905600,2199,1853,2417,2271,4036,2133
4920446843921900,2197,1854,2415,2271,4028,2133
4920446843938500,2198,1853,2417,2269,4032,2133
4920446843954800,2198,1852,2416,2272,4032,2132
4920446843970900,2200,1852,2415,2269,4046,2133
4920446843987100,2196,1851,2413,2270,4034,2132
4920446844003300,2198,1853,2416,2269,4034,2132
4920446844019500,2199,1852,2415,2271,4031,2132
4920446844035700,2200,1853,2414,2271,4033,2133
4920446844051900,2200,1852,2417,2270,4036,2131
4920446844068700,2200,1854,2415,2271,4034,2131
4920446844084900,2198,1853,2416,2271,4031,2132
4920446844101000,2198,1859,2415,2269,4032,2132
4920446844117300,2216,1854,2415,2270,4031,2132
4920446844133900,2198,1855,2415,2270,4036,2133
4920446844150000,2199,1851,2424,2271,4034,2127
4920446844166300,2199,1854,2415,2271,4029,2132
4920446844182400,2199,1852,2415,2268,4031,2132
4920446844198600,2198,1853,2417,2269,4034,2132
4920446844214900,2197,1852,2416,2270,4029,2131
4920446844231000,2321,1853,2415,2272,4034,2132
4920446844247200,2198,1852,2416,2272,4029,2132
4920446844263500,2200,1852,2415,2271,4036,2131
4920446844280300,2200,1852,2415,2270,4035,2133
4920446844296700,2200,1852,2416,2270,4054,2133
4920446844312900,2200,1853,2416,2271,4030,2132
4920446844330800,2200,1852,2414,2270,4032,2132
4920446844347500,2199,1852,2416,2268,4033,2181
4920446844363900,2199,1852,2414,2270,4095,2132
4920446844381000,2197,1852,2416,2271,4031,2132
4920446844397300,2200,1854,2415,2270,4033,2132
4920446844413600,2200,1852,2417,2270,4034,2134
4920446844429800,2198,1853,2416,2270,4032,2133
4920446844446100,2200,1853,2416,2271,4029,2133
4920446844465100,2200,1852,2415,2268,4028,2131
4920446844480100,2198,1854,2415,2269,4033,2133
4920446844495100,2202,1851,2414,2270,4034,2133
4920446844510100,2199,1852,2416,2271,4033,2132
4920446844525100,2199,1854,2416,2270,4034,2132
4920446844540000,2198,1852,2415,2269,4043,2132
4920446844555300,2199,1853,2414,2270,4029,2133
4920446844570300,2199,1852,2415,2272,4033,2132
4920446844585400,2199,1854,2415,2269,4030,2132
4920446844600400,2199,1855,2415,2270,4030,2133
4920446844615400,2198,1852,2415,2270,4050,2133
4920446844630400,2200,1852,2416,2270,4032,2132
4920446844645400,2198,1851,2416,2270,4032,2133
4920446844661300,2199,1852,2415,2270,4030,2133
4920446844676600,2198,1853,2413,2273,4028,2132
4920446844691500,2201,1852,2415,2270,4031,2133
4920446844706800,2200,1852,2413,2270,4030,2131
4920446844721700,2201,1865,2415,2269,4034,2133
4920446844737100,2198,1708,2415,2271,4052,2133
4920446844752000,2200,1851,2415,2270,4034,2131
4920446844767000,2199,1853,2416,2269,4032,2133
4920446844782000,2199,1851,2415,2272,4029,2131
4920446844797100,2199,1852,2416,2270,4026,2175
4920446844811900,2199,1853,2420,2271,4032,2132
4920446844826800,2200,1852,2415,2271,4032,2131
4920446844841900,2199,1852,2415,2270,4027,2133
4920446844856900,2200,1853,2414,2270,4034,2132
4920446844871800,2198,1852,2416,2271,4032,2154
4920446844886800,2199,1852,2414,2272,4030,2131
4920446844901700,2198,1852,2415,2271,4033,2131
4920446844916700,2200,1852,2416,2271,4028,2133
4920446844936100,2198,1852,2420,2270,4035,2132
4920446844951300,2199,1852,2416,2271,4032,2133
4920446844966200,2200,1851,2415,2269,4048,2134
4920446844981400,2196,1851,2416,2270,4035,2131
4920446844996300,2197,1857,2415,2270,4034,2133
4920446845011400,2199,1852,2416,2270,4029,2132
4920446845029500,2200,1853,2415,2272,4031,2131
4920446845044600,2198,1853,2415,2270,4040,2132
4920446845059600,2200,1852,2416,2271,4029,2132
4920446845075800,2199,1854,2416,2271,4031,2131
4920446845090700,2198,1862,2415,2271,4028,2163
4920446845105600,2214,1853,2415,2272,4029,2131
4920446845120400,2199,1852,2415,2272,4033,2132
4920446845135800,2200,1852,2424,2271,4030,2128
4920446845150700,2198,1852,2415,2271,4032,2132
4920446845165700,2199,1852,2415,2270,4031,2130
4920446845180500,2199,1852,2416,2269,4036,2132
4920446845195300,2198,1852,2416,2268,4033,2132
4920446845210400,2320,1852,2416,2271,4031,2132
4920446845225400,2198,1853,2414,2271,4031,2131
4920446845240200,2199,1852,2415,2270,4034,2131
4920446845255200,2198,1853,2415,2270,4029,2132
4920446845270300,2198,1852,2414,2270,4014,2132
4920446845287900,2199,1852,2416,2271,4032,2132
4920447408758700,2198,1852,2417,2270,4034,2132
4920447408831200,2199,1852,2415,2269,4032,2182
4920447408854800,2199,1853,2414,2270,4095,2133
4920447408876900,2199,1852,2415,2271,4031,2132
4920447408898700,2200,1851,2415,2271,4034,2132
4920447408922200,2200,1852,2417,2271,4032,2132
4920447408941600,2198,1852,2415,2270,4032,2132
4920447408961200,2200,1849,2415,2420,4030,2132
4920447408984000,2200,1852,2415,2269,4050,2131
4920447409008700,2200,1853,2415,2270,4029,2133
4920447409027900,2201,1853,2413,2270,4034,2133
4920447409046600,2198,1852,2415,2270,4033,2131
4920447409065400,2199,1853,2416,2270,4030,2132
4920447409084300,2200,1853,2415,2268,4055,2134
4920447409103300,2200,1853,2413,2269,4031,2132
4920447409133700,2198,1853,2416,2270,4034,2132
4920447409153900,2198,1854,2414,2269,4032,2131
4920447409173900,2200,1854,2416,2269,4033,2133
4920447409194200,2199,1852,2415,2270,4052,2133
4920447409214600,2200,1853,2415,2272,4033,2132
4920447409237800,2197,1852,2416,2270,4029,2132
4920447409259700,2199,1851,2415,2269,4030,2133
4920447409281900,2198,1853,2414,2270,4030,2133
4920447409304100,2201,1853,2415,2270,4032,2132
4920447409325700,2200,1851,2413,2272,4031,2132
4920447409347500,2198,1867,2417,2269,4031,2255
4920447409369200,2198,1707,2415,2270,4052,2132
4920447409393400,2200,1852,2415,2271,4032,2132
4920447409414200,2200,1853,2416,2270,4032,2133
4920447409438000,2199,1852,2414,2270,4034,2132
4920447409457800,2199,1853,2416,2269,4032,2168
4920447409478100,2200,1852,2420,2271,4032,2132
4920447409497900,2199,1852,2415,2271,4028,2132
4920447409526300,2200,1853,2415,2269,4033,2134
4920447409546200,2199,1852,2414,2269,4031,2133
4920447409567300,2199,1853,2416,2269,4032,2155
4920447409586200,2200,1851,2414,2270,4035,2132
4920447409607300,2199,1852,2415,2270,4035,2133
4920447409627900,2201,1851,2415,2269,4032,2132
4920447409648500,2200,1853,2418,2271,4029,2132
4920447409671300,2200,1852,2416,2270,4032,2132
4920447409690500,2200,1852,2416,2270,4043,2134
4920447409709400,2198,1851,2416,2270,4033,2132
4920447409728300,2198,1854,2415,2271,4032,2132
4920447409747900,2198,1852,2415,2270,4032,2132
4920447409767100,2199,1852,2414,2270,4031,2132
4920447409788300,2200,1852,2415,2269,4040,2134
4920447409808900,2199,1851,2415,2269,4032,2132
4920447409829500,2200,1851,2416,2271,4031,2132
4920447409852400,2198,1863,2415,2269,4033,2132
4920447409873900,2217,1852,2415,2270,4032,2132
4920447409895400,2199,1851,2415,2272,4036,2132
4920447409917300,2200,1852,2424,2271,4031,2128
4920447409939400,2200,1852,2415,2270,4032,2133
4920447409981000,2198,1853,2416,2269,4036,2131
4920447410003500,2200,1852,2416,2270,4034,2130
4920447410032000,2199,1852,2416,2271,4033,2132
4920447410054200,2322,1852,2416,2272,4029,2131
4920447410076100,2197,1854,2416,2271,4033,2131
4920447410097700,2200,1852,2415,2271,4036,2132
4920447410119600,2200,1852,2415,2270,4033,2133
4920447410142300,2198,1853,2416,2272,4052,2132
4920447410164500,2200,1852,2417,2271,4030,2133
4920447410186600,2200,1853,2415,2270,4032,2132
4920447410208200,2198,1853,2415,2271,4030,2181
4920447410230100,2200,1854,2415,2269,4095,2132
4920447410254900,2199,1852,2416,2271,4029,2132
4920447410277700,2200,1853,2416,2272,4030,2132
4920447410300000,2200,1852,2417,2271,4032,2132
4920447410322300,2199,1853,2415,2271,4032,2132
4920447410364200,2200,1852,2416,2270,4033,2132
4920447410388700,2199,1853,2414,2269,4046,2130
4920447410409900,2201,1856,2415,2270,4032,2133
4920447410431200,2201,1852,2415,2270,4034,2132
4920447410452400,2198,1852,2416,2271,4031,2131
4920447410473800,2201,1850,2416,2278,4031,2133
4920447410494900,2199,1853,2415,2269,4052,2133
4920447410516100,2200,1851,2414,2271,4032,2134
4920447410537500,2200,1853,2416,2271,4031,2131
4920447410558800,2200,1852,2415,2269,4032,2133
4920447410579700,2198,1856,2415,2268,4030,2133
4920447410600700,2196,1853,2415,2270,4058,2132
4920447410623800,2199,1853,2416,2270,4031,2132
4920447410642800,2198,1851,2414,2271,4029,2132
4920447410661700,2200,1852,2415,2269,4034,2132
4920447410681000,2198,1851,2414,2271,4032,2133
4920447410700000,2199,1852,2416,2270,4032,2133
4920447410719000,2201,1851,2413,2271,4032,2130
4920447410738000,2200,1866,2415,2271,4030,2133
4920447410757100,2198,1707,2415,2270,4054,2133
4920447410776200,2200,1852,2415,2271,4032,2132
4920447410795800,2202,1851,2416,2271,4029,2133
4920447410814700,2199,1853,2415,2269,4031,2131
4920447410833800,2199,1853,2416,2270,4032,2170
4920447410852600,2199,1853,2421,2273,4032,2131
4920447410874200,2200,1851,2414,2271,4033,2132
4920447410893100,2198,1853,2415,2270,4027,2135
4920447410912000,2198,1852,2414,2268,4031,2131
4920447410931000,2198,1853,2414,2270,4032,2156
4920447410949700,2199,1852,2414,2271,4031,2132
4920447410968500,2200,1853,2415,2271,4031,2133
4920447410987700,2200,1853,2415,2271,4032,2133
4920447411006800,2200,1853,2418,2270,4032,2132
4920447411028100,2198,1852,2412,2270,4030,2132
4920447411047200,2201,1852,2416,2268,4048,2133
4920447411065800,2197,1852,2414,2270,4031,2131
4920447411084400,2200,1851,2415,2273,4032,2132
4920447411106600,2200,1852,2415,2270,4032,2134
4920447411127100,2200,1853,2415,2270,4033,2132
4920447411147900,2199,1852,2415,2269,4036,2133
4920447411171100,2201,1852,2416,2271,4032,2132
4920447411190100,2198,1852,2415,2271,4029,2133
4920447411209300,2202,1862,2415,2271,4032,2132
4920447411228400,2214,1853,2414,2272,4034,2131
4920447411247400,2200,1852,2415,2271,4035,2132
4920447411266200,2199,1853,2424,2270,4031,2128
4920447411285100,2200,1852,2414,2273,4033,2131
4920447411304100,2198,1853,2414,2270,4031,2132
4920447411323000,2198,1853,2416,2270,4032,2132
4920447411342000,2200,1853,2416,2271,4029,2132
4920447411361200,2322,1853,2415,2272,4033,2132
4920447411380200,2196,1853,2416,2271,4033,2132
4920447411399600,2198,1853,2415,2270,4034,2131
4920447411418600,2199,1853,2415,2270,4032,2133
4920447411437900,2198,1853,2414,2268,4010,2131
4920447411457000,2199,1852,2416,2271,4033,2132
4920447411475800,2200,1853,2416,2269,4032,2131
4920447411494600,2199,1852,2415,2269,4032,2181
4920447411513500,2200,1852,2415,2270,4095,2133
4920447411541600,2197,1854,2416,2272,4031,2133
4920447411565800,2199,1852,2415,2270,4032,2131
4920447411586900,2199,1853,2418,2271,4029,2132
4920447411607600,2201,1853,2415,2270,4032,2134
4920447411627900,2200,1853,2416,2270,4033,2133
4920447411648400,2200,1852,2415,2269,4050,2131
4920447411669000,2200,1852,2416,2270,4032,2132
4920447411689400,2202,1851,2414,2269,4034,2132
4920447411709900,2198,1852,2415,2270,4035,2131
4920447411730400,2199,1853,2416,2271,4034,2132
4920447411751100,2198,1852,2415,2269,4048,2132
4920447411771700,2200,1853,2413,2271,4026,2132
4920447411791900,2198,1852,2416,2270,4035,2133
4920447411812300,2198,1854,2414,2270,4033,2132
4920447411832700,2201,1854,2415,2270,4033,2134
4920447411852800,2200,1852,2414,2270,4054,2132
4920447411873100,2200,1852,2417,2269,4034,2131
4920447411893400,2198,1852,2416,2270,4032,2133
4920447411918100,2199,1853,2415,2269,4031,2132
4920447411939500,2200,1852,2414,2270,4031,2132
4920447411957800,2199,1851,2416,2270,4033,2133
4920447411976300,2199,1852,2415,2272,4031,2131
4920447411994800,2199,1866,2415,2269,4033,2267
4920447412013200,2198,1706,2415,2270,4054,2132
4920447412031500,2201,1852,2415,2271,4031,2132
4920447412050200,2198,1854,2414,2270,4028,2131
4920447412068900,2200,1853,2414,2269,4036,2131
4920447412087500,2198,1852,2416,2270,4032,2167
4920447412108100,2199,1852,2419,2271,4029,2132
4920447412129700,2200,1852,2415,2271,4031,2131
4920447412149900,2199,1853,2415,2270,4032,2134
4920447412170300,2200,1853,2414,2269,4031,2132
4920447412190500,2199,1853,2416,2269,4032,2154
4920447412210900,2201,1850,2415,2272,4033,2130
4920447412232000,2199,1853,2415,2269,4036,2133
4920447412252900,2199,1852,2415,2270,4032,2132
4920447412274200,2198,1853,2420,2270,4029,2132
4920447412297600,2200,1851,2415,2271,4035,2132
4920447412319800,2200,1850,2416,2268,4048,2131
4920447412340200,2196,1852,2414,2270,4032,2132
4920447412361900,2198,1851,2416,2270,4032,2133
4920447412383000,2197,1852,2415,2271,4031,2132
4920447412404200,2197,1852,2415,2270,4031,2131
4920447412426600,2200,1853,2415,2269,4036,2133
4920447412449800,2200,1853,2415,2271,4029,2132
4920447412471400,2199,1851,2417,2271,4030,2131
4920447412493000,2200,1860,2415,2270,4033,2133
4920447412515200,2216,1853,2414,2269,4031,2131
4920447412537100,2199,1851,2415,2272,4036,2134
4920447412558600,2201,1852,2423,2271,4030,2128
4920447412580000,2200,1854,2414,2272,4033,2132
4920447412601500,2200,1852,2415,2269,4035,2131
4920447412623100,2198,1852,2417,2270,4034,2132
4920447412644500,2200,1853,2416,2269,4033,2131
4920447412667800,2321,1852,2416,2271,4035,2132
4920447412687500,2198,1853,2416,2270,4033,2130
4920447412710800,2200,1853,2415,2269,4036,2132
4920447412730500,2200,1852,2417,2270,4033,2132
4920447412749600,2200,1853,2414,2269,4016,2131
4920447412768600,2198,1853,2416,2271,4028,2131
4920447412789400,2199,1852,2415,2270,4034,2130
4920447412809500,2201,1852,2415,2270,4029,2182
4920447412828500,2199,1854,2411,2269,4095,2131
4920447412847700,2199,1851,2415,2271,4031,2131
4920447412866700,2200,1853,2416,2272,4032,2131
4920447412885600,2200,1852,2417,2271,4032,2134
4920447412905600,2199,1853,2415,2272,4029,2133
4920447412924600,2195,1853,2416,2270,4029,2131
4920447412945300,2200,1852,2415,2268,4022,2131
4920447412962900,2201,1854,2416,2270,4033,2132
4920447412980500,2202,1854,2413,2272,4030,2132
4920447412998100,2198,1851,2416,2270,4034,2132
4920447413015800,2198,1850,2415,2275,4031,2130
4920447413036000,2199,1852,2415,2269,4050,2133
4920447413087400,2200,1853,2413,2271,4028,2134
4920447413125900,2200,1854,2416,2271,4031,2131
4920447413146300,2200,1853,2416,2269,4034,2133
4920447413166400,2200,1856,2416,2270,4032,2134
4920447413186000,2198,1854,2415,2269,4056,2132
4920447413208600,2200,1852,2417,2268,4035,2132
4920447413228500,2199,1852,2416,2270,4030,2133
4920447413258300,2199,1853,2415,2269,4034,2133
4920447413277700,2200,1852,2414,2270,4030,2134
4920447413296900,2201,1852,2414,2269,4031,2134
4920447413319400,2200,1852,2413,2272,4033,2131
4920447413339600,2198,1866,2416,2270,4031,2257
4920447413358200,2196,1708,2414,2270,4051,2133
4920447413377200,2202,1852,2415,2270,4034,2130
4920447413395800,2199,1850,2415,2270,4032,2131
4920447413416100,2200,1853,2414,2272,4037,2132
4920447413434100,2199,1853,2416,2269,4032,2169
4920447413451600,2200,1852,2420,2271,4029,2133
4920447413469200,2198,1852,2414,2270,4030,2127
4920447413486900,2200,1853,2415,2269,4030,2132
4920447413504400,2200,1854,2414,2270,4032,2132
4920447413522200,2198,1853,2416,2271,4032,2154
4920447413553500,2205,1851,2415,2270,4033,2130
4920447413572400,2200,1852,2415,2271,4031,2132
4920447413591300,2200,1853,2415,2271,4032,2132
4920447413610000,2200,1853,2419,2271,4028,2132
4920447413629200,2200,1853,2416,2270,4030,2132
4920447413650700,2198,1852,2414,2272,4044,2133
4920447413672800,2196,1853,2414,2270,4034,2132
4920447413690000,2199,1858,2415,2270,4034,2132
4920447413707800,2199,1850,2415,2270,4028,2132
4920447413728600,2200,1852,2414,2271,4033,2133
4920447413747600,2200,1853,2416,2270,4036,2133
4920447413766500,2198,1852,2416,2274,4028,2131
4920447413785300,2200,1850,2416,2271,4029,2132
4920447413804300,2198,1860,2417,2270,4032,2131
4920447413822900,2217,1855,2413,2270,4031,2132
4920447413841900,2200,1852,2415,2270,4033,2134
4920447413862700,2201,1852,2424,2271,4031,2129
4920447413884500,2200,1851,2415,2270,4031,2131
4920447413902000,2199,1853,2415,2269,4035,2131
4920447413921500,2199,1855,2416,2270,4034,2131
4920447413937700,2200,1853,2417,2269,4031,2133
4920447413954100,2320,1852,2416,2272,4031,2133
4920447413971800,2199,1852,2414,2270,4031,2131
4920447413988000,2199,1851,2415,2270,4034,2132
4920447414005200,2201,1851,2416,2270,4032,2132
4920447414022000,2201,1852,2415,2269,4014,2132
4920447414038300,2200,1854,2416,2271,4032,2132
4920447414054500,2200,1852,2415,2270,4036,2132
4920447414070800,2200,1852,2415,2272,4032,2182
4920447414087200,2200,1852,2415,2272,4095,2133
4920447414103400,2198,1852,2415,2271,4031,2132
4920447414119600,2200,1852,2415,2270,4034,2132
4920447414135900,2198,1853,2417,2271,4028,2133
4920447414152100,2198,1853,2416,2271,4030,2133
4920447414168200,2202,1852,2416,2272,4034,2133
4920447414184900,2200,1852,2415,2270,4034,2132
4920447414201000,2201,1853,2414,2272,4032,2132
4920447414217100,2203,1852,2414,2270,4034,2133
4920447414233200,2200,1851,2415,2270,4034,2132
4920447414249500,2198,1854,2416,2270,4032,2132
4920447414265800,2200,1853,2415,2269,4052,2133
4920447414281900,2198,1851,2414,2271,4032,2133
4920447414298200,2200,1854,2416,2271,4035,2132
4920447414315400,2199,1854,2414,2270,4034,2133
4920447414331600,2198,1854,2415,2269,4028,2134
4920447414347700,2198,1853,2414,2272,4052,2132
4920447414364300,2198,1852,2417,2269,4028,2132
4920447414380500,2199,1852,2416,2270,4032,2132
4920447414396700,2200,1851,2415,2269,4031,2134
4920447414413800,2201,1853,2413,2271,4028,2131
4920447414430100,2200,1852,2415,2269,4030,2134
4920447414446100,2201,1851,2413,2270,4032,2131
4920447414462400,2199,1867,2417,2269,4029,2274
4920447414478500,2198,1706,2415,2271,4054,2132
4920447414497000,2199,1852,2415,2271,4034,2132
4920447414513800,2199,1852,2416,2270,4032,2133
4920447414531000,2198,1852,2416,2270,4031,2131
4920447414548100,2200,1853,2416,2270,4028,2170
4920447414565100,2198,1853,2419,2271,4034,2131
4920447976289300,2200,1847,2414,2271,4032,2133
4920447976451600,2200,1854,2415,2270,4031,2134
4920447976511900,2197,1854,2415,2270,4030,2133
4920447976561700,2198,1852,2415,2269,4032,2157
4920447976610400,2200,1853,2415,2270,4029,2131
4920447976659100,2200,1854,2415,2270,4032,2133
4920447976708400,2200,1853,2415,2269,4029,2133
4920447976763200,2198,1853,2418,2270,4032,2131
4920447976829600,2200,1850,2416,2270,4033,2133
4920447976878700,2199,1852,2416,2270,4048,2133
4920447976927500,2198,1851,2414,2272,4035,2131
4920447976976000,2200,1853,2415,2270,4034,2132
4920447977024200,2198,1852,2415,2270,4030,2132
4920447977074900,2200,1854,2415,2271,4031,2131
4920447977146800,2199,1853,2414,2270,4040,2133
4920447977205500,2199,1853,2415,2269,4033,2132
4920447977255700,2200,1852,2416,2274,4031,2131
4920447977305100,2198,1871,2417,2271,4032,2132
4920447977354300,2214,1853,2413,2271,4033,2132
4920447977403400,2200,1851,2415,2272,4034,2132
4920447977455600,2200,1852,2425,2270,4034,2128
4920447977504600,2198,1853,2415,2271,4031,2132
4920447977554100,2198,1853,2416,2269,4033,2131
4920447977603700,2200,1851,2416,2270,4032,2132
4920447977652900,2200,1853,2416,2271,4030,2132
4920447977701900,2321,1853,2416,2272,4031,2132
4920447977750500,2198,1853,2416,2270,4029,2132
4920447977799700,2199,1854,2415,2270,4030,2132
4920447977848000,2199,1854,2415,2270,4035,2132
4920447977896400,2200,1852,2416,2270,4054,2133
4920447977944700,2200,1853,2416,2270,4032,2131
4920447978196000,2198,1852,2416,2270,4033,2133
4920447978247900,2201,1854,2415,2268,4030,2181
4920447978308300,2198,1853,2415,2270,4095,2132
4920447978350200,2198,1852,2416,2271,4032,2132
4920447978392500,2200,1853,2415,2272,4030,2132
4920447978434200,2197,1852,2417,2271,4030,2131
4920447978475500,2200,1852,2415,2271,4030,2131
4920447978519200,2199,1853,2416,2270,4031,2131
4920447978560500,2200,1853,2415,2270,4030,2132
4920447978602000,2200,1854,2415,2270,4032,2131
4920447978643700,2200,1852,2414,2270,4029,2132
4920447978685100,2200,1852,2415,2271,4033,2131
4920447978726700,2199,1852,2416,2273,4029,2131
4920447978768300,2198,1854,2415,2270,4048,2133
4920447978810800,2198,1852,2414,2271,4032,2130
4920447978852600,2200,1852,2416,2270,4033,2131
4920447978894700,2200,1854,2414,2269,4032,2132
4920447978937600,2201,1854,2415,2270,4030,2133
4920447978979000,2200,1852,2415,2269,4058,2133
4920447979039400,2200,1852,2415,2270,4030,2131
4920447979080200,2199,1852,2416,2270,4032,2131
4920447979121400,2199,1852,2415,2269,4031,2133
4920447979162400,2198,1853,2413,2271,4031,2134
4920447979203300,2199,1852,2415,2270,4035,2133
4920447979244600,2200,1852,2413,2270,4031,2130
4920447979288500,2197,1868,2415,2269,4034,2132
4920447979329900,2197,1708,2415,2271,4052,2133
4920447979370600,2201,1852,2415,2271,4030,2132
4920447979412100,2200,1852,2416,2270,4029,2132
4920447979454600,2199,1854,2415,2272,4031,2132
4920447979489900,2199,1854,2417,2269,4032,2170
4920447979525600,2200,1853,2420,2271,4032,2132
4920447979560900,2200,1852,2414,2271,4031,2131
4920447979596600,2198,1853,2415,2270,4032,2132
4920447979633400,2198,1852,2414,2272,4030,2133
4920447979668800,2199,1853,2416,2269,4032,2156
4920447979704500,2201,1851,2415,2270,4033,2132
4920447979739800,2201,1854,2415,2269,4033,2135
4920447979775400,2201,1852,2416,2270,4028,2134
4920447979810700,2199,1853,2421,2271,4032,2132
4920447979858600,2198,1851,2416,2271,4033,2132
4920447979891200,2200,1852,2415,2270,4046,2134
4920447979923900,2196,1853,2413,2270,4031,2131
4920447979958600,2200,1852,2416,2270,4034,2132
4920447979992800,2199,1852,2415,2270,4032,2133
4920447980025400,2199,1853,2414,2271,4033,2133
4920447980058200,2200,1853,2415,2270,4040,2131
4920447980090900,2199,1852,2416,2271,4028,2132
4920447980123500,2200,1852,2416,2271,4029,2131
4920447980155900,2198,1864,2417,2271,4032,2132
4920447980191500,2217,1852,2413,2271,4030,2133
4920447980225100,2201,1851,2415,2272,4038,2132
4920447980257600,2199,1851,2425,2271,4036,2128
4920447980290000,2200,1852,2414,2270,4034,2131
4920447980322500,2200,1852,2416,2272,4031,2132
4920447980355200,2201,1851,2417,2269,4034,2132
4920447980387800,2201,1852,2417,2271,4031,2132
4920447980420100,2321,1853,2416,2273,4033,2132
4920447980452600,2198,1852,2416,2271,4033,2131
4920447980485200,2200,1854,2415,2270,4030,2132
4920447980517600,2199,1853,2415,2270,4033,2133
4920447980547700,2199,1853,2416,2269,4055,2132
4920447980575800,2200,1853,2416,2272,4031,2132
4920447980602700,2200,1853,2417,2268,4032,2132
4920447980629500,2199,1852,2416,2269,4032,2180
4920447980656400,2200,1852,2415,2270,4095,2132
4920447980683300,2199,1853,2416,2269,4034,2132
4920447980710100,2201,1854,2415,2270,4034,2132
4920447980737900,2200,1852,2417,2271,4029,2133
4920447980764800,2199,1853,2415,2271,4034,2132
4920447980791600,2198,1852,2417,2271,4033,2131
4920447980818200,2198,1852,2416,2269,4052,2130
4920447980846400,2201,1852,2416,2269,4033,2133
4920447980873200,2201,1853,2414,2270,4036,2133
4920447980900100,2198,1852,2415,2270,4035,2133
4920447980926800,2199,1852,2416,2270,4034,2131
4920447980953600,2201,1852,2416,2269,4030,2132
4920447980980300,2200,1852,2414,2271,4032,2132
4920447981007500,2201,1852,2416,2271,4035,2132
4920447981034200,2200,1852,2414,2270,4031,2133
4920447981069400,2199,1856,2415,2270,4033,2135
4920447981096400,2198,1852,2415,2270,4054,2129
4920447981123300,2198,1852,2417,2269,4034,2132
4920447981150100,2197,1851,2416,2271,4027,2133
4920447981177500,2201,1853,2415,2270,4028,2133
4920447981205200,2199,1851,2414,2270,4032,2133
4920447981233400,2200,1852,2415,2271,4032,2133
4920447981255700,2200,1852,2413,2270,4029,2132
4920447981278300,2197,1868,2415,2265,4033,2267
4920447981300600,2198,1708,2415,2270,4054,2132
4920447981323200,2202,1852,2415,2270,4031,2131
4920447981345500,2197,1851,2416,2273,4032,2133
4920447981367900,2198,1853,2417,2269,4015,2131
4920447981390200,2200,1852,2416,2269,4033,2173
4920447981412500,2199,1853,2420,2271,4031,2132
4920447981434800,2200,1852,2416,2269,4031,2132
4920447981457300,2201,1852,2415,2269,4032,2134
4920447981479600,2197,1854,2414,2272,4030,2134
4920447981505200,2198,1853,2416,2269,4032,2154
4920447981527600,2201,1851,2415,2270,4033,2131
4920447981549700,2200,1852,2415,2269,4034,2132
4920447981571800,2199,1853,2414,2270,4032,2135
4920447981595600,2199,1852,2420,2271,4029,2132
4920447981616100,2200,1852,2415,2271,4032,2133
4920447981636600,2198,1854,2415,2271,4043,2132
4920447981657100,2196,1851,2416,2270,4033,2132
4920447981679100,2198,1854,2415,2269,4032,2132
4920447981703300,2200,1851,2415,2270,4032,2132
4920447981723800,2202,1853,2414,2272,4034,2131
4920447981744600,2202,1853,2415,2268,4040,2132
4920447981765200,2198,1853,2415,2270,4028,2132
4920447981786200,2200,1852,2416,2271,4031,2133
4920447981806900,2198,1863,2415,2271,4029,2173
4920447981832600,2216,1852,2415,2270,4032,2132
4920447981854300,2198,1852,2415,2271,4035,2131
4920447981875100,2199,1852,2424,2271,4033,2128
4920447981896900,2199,1853,2415,2271,4033,2132
4920447981917600,2200,1854,2414,2270,4035,2132
4920447981938200,2200,1856,2416,2269,4034,2132
4920447981959500,2201,1853,2416,2270,4031,2132
4920447981980100,2320,1852,2414,2270,4034,2132
4920447982000700,2197,1854,2416,2270,4034,2131
4920447982021300,2199,1854,2415,2270,4034,2129
4920447982041700,2199,1852,2415,2270,4033,2134
4920447982062000,2199,1853,2416,2270,4052,2131
4920447982082400,2200,1851,2417,2271,4033,2132
4920447982102900,2200,1853,2415,2270,4036,2130
4920447982123400,2199,1852,2416,2269,4031,2181
4920447982143800,2200,1853,2414,2269,4095,2131
4920447982165400,2200,1851,2416,2270,4033,2131
4920447982186000,2201,1854,2414,2272,4034,2130
4920447982206600,2200,1853,2417,2271,4032,2132
4920447982227000,2200,1853,2416,2271,4032,2132
4920447982247500,2200,1853,2416,2270,4028,2132
4920447982268300,2199,1853,2415,2270,4032,2132
4920447982290000,2200,1854,2415,2270,4030,2132
4920447982311300,2202,1852,2415,2270,4030,2132
4920447982331900,2198,1852,2415,2270,4033,2132
4920447982352400,2199,1851,2416,2280,4034,2131
4920447982372800,2200,1852,2415,2269,4047,2134
4920447982393500,2200,1853,2414,2271,4031,2133
4920447982414600,2201,1852,2416,2271,4031,2134
4920447982431500,2199,1852,2415,2268,4030,2133
4920447982448500,2199,1855,2415,2269,4032,2134
4920447982465500,2199,1853,2415,2270,4054,2133
4920447982483900,2201,1852,2416,2271,4032,2132
4920447982500900,2197,1852,2415,2270,4030,2132
4920447982517800,2201,1851,2415,2268,4034,2133
4920447982534700,2200,1853,2414,2271,4032,2132
4920447982551800,2199,1853,2415,2270,4033,2134
4920447982568600,2199,1853,2413,2272,4030,2132
4920447982585500,2199,1869,2416,2269,4032,2136
4920447982602400,2198,1708,2415,2270,4054,2132
4920447982620900,2201,1851,2415,2271,4034,2133
4920447982637700,2198,1852,2416,2271,4032,2133
4920447982654700,2200,1853,2415,2273,4030,2133
4920447982671700,2199,1849,2416,2269,4032,2167
4920447982688600,2199,1853,2420,2271,4032,2131
4920447982705500,2200,1853,2414,2270,4031,2133
4920447982722500,2198,1853,2413,2270,4029,2133
4920447982739500,2198,1853,2414,2270,4027,2132
4920447982758500,2199,1853,2416,2269,4032,2154
4920447982773800,2200,1852,2414,2270,4033,2132
4920447982789000,2198,1853,2415,2270,4031,2133
4920447982804300,2200,1853,2415,2270,4032,2132
4920447982819500,2199,1852,2422,2270,4029,2131
4920447982834800,2199,1852,2416,2271,4029,2131
4920447982850000,2198,1852,2415,2270,4050,2134
4920447982865200,2197,1852,2413,2270,4033,2133
4920447982880500,2199,1858,2416,2270,4032,2131
4920447982896200,2201,1850,2415,2269,4031,2132
4920447982912400,2200,1853,2414,2272,4029,2132
4920447982928400,2199,1852,2415,2270,4032,2134
4920447982943600,2199,1852,2415,2270,4032,2131
4920447982958800,2200,1851,2416,2271,4031,2131
4920447982974100,2199,1864,2415,2271,4029,2174
4920447982989600,2216,1852,2413,2270,4032,2132
4920447983004900,2199,1853,2415,2271,4034,2132
4920447983020100,2200,1852,2425,2271,4031,2128
4920447983035300,2199,1851,2413,2272,4033,2135
4920447983050800,2199,1854,2415,2268,4031,2132
4920447983066000,2200,1852,2416,2270,4032,2132
4920447983081400,2200,1852,2416,2270,4031,2131
4920447983096700,2320,1852,2416,2272,4029,2132
4920447983112100,2198,1854,2414,2270,4033,2132
4920447983127400,2199,1852,2416,2271,4036,2132
4920447983142700,2199,1851,2417,2270,4032,2133
4920447983158400,2199,1853,2416,2270,4052,2133
4920447983173800,2199,1853,2416,2273,4029,2132
4920447983189800,2200,1852,2415,2270,4034,2132
4920447983205200,2199,1853,2415,2269,4029,2182
4920447983220600,2198,1852,2413,2270,4095,2133
4920447983236100,2198,1851,2416,2270,4035,2133
4920447983252900,2200,1854,2416,2272,4034,2132
4920447983268200,2200,1853,2417,2271,4032,2132
4920447983283500,2200,1853,2415,2270,4032,2132
4920447983301300,2200,1852,2416,2271,4029,2133
4920447983316600,2199,1852,2414,2270,4036,2132
4920447983331900,2199,1854,2416,2270,4032,2132
4920447983349000,2202,1852,2414,2270,4035,2135
4920447983365400,2198,1852,2415,2271,4029,2132
4920447983381800,2199,1851,2416,2270,4030,2133
4920447983398100,2200,1853,2414,2269,4034,2133
4920447983414600,2200,1853,2413,2270,4030,2133
4920447983431500,2200,1851,2416,2272,4033,2132
4920447983449200,2199,1854,2415,2270,4032,2132
4920447983464000,2200,1854,2415,2270,4033,2135
4920447983479700,2199,1852,2415,2269,4054,2133
4920447983494700,2201,1852,2416,2271,4034,2132
4920447983509600,2198,1852,2416,2270,4032,2131
4920447983524600,2200,1853,2415,2270,4038,2132
4920447983539600,2198,1853,2414,2271,4030,2133
4920447983554500,2199,1853,2416,2271,4028,2134
4920447983569700,2197,1854,2413,2272,4029,2133
4920447983590000,2198,1867,2415,2269,4032,2132
4920447983605000,2198,1706,2415,2269,4056,2132
4920447983620100,2199,1853,2415,2271,4029,2132
4920447983635000,2199,1853,2416,2269,4033,2133
4920447983650100,2200,1853,2414,2270,4038,2132
4920447983665200,2199,1853,2416,2269,4032,2170
4920447983680200,2197,1853,2419,2270,4033,2134
4920447983695700,2199,1852,2415,2271,4033,2132
4920447983710700,2201,1853,2415,2269,4030,2134
4920447983725700,2198,1852,2414,2270,4033,2132
4920447983740700,2200,1852,2416,2269,4032,2159
4920447983755600,2202,1851,2415,2272,4030,2132
4920447983771300,2200,1853,2415,2270,4030,2132
4920447983786300,2200,1853,2414,2270,4028,2133
4920447983801500,2198,1851,2420,2270,4032,2133
4920447983816400,2200,1852,2416,2271,4028,2132
4920447983831500,2197,1853,2416,2272,4048,2132
4920447983846600,2196,1852,2414,2272,4031,2133
4920447983861600,2199,1858,2415,2270,4032,2132
4920447983876500,2198,1852,2415,2270,4029,2133
4920447983891500,2200,1853,2414,2271,4030,2133
4920447983906500,2198,1853,2415,2270,4036,2133
4920447983921600,2198,1853,2415,2271,4028,2132
4920447983936600,2200,1852,2417,2271,4028,2131
4920447983952200,2200,1857,2417,2272,4025,2132
4920447983967000,2214,1852,2414,2269,4032,2132
4920447983982000,2199,1852,2415,2270,4034,2131
4920447983998300,2199,1852,2423,2271,4034,2127
4920447984013400,2198,1853,2415,2270,4028,2131
4920447984028300,2199,1853,2415,2269,4034,2131
4920447984044200,2199,1852,2415,2270,4034,2132
4920447984059200,2199,1853,2416,2270,4033,2132
4920447984074200,2322,1852,2414,2272,4033,2131
4920447984089300,2198,1852,2414,2270,4031,2131
4920447984104300,2200,1853,2415,2272,4034,2132
4920447984119200,2199,1853,2415,2270,4030,2134
4920447984134100,2199,1852,2415,2269,4016,2132
4920447984149000,2200,1853,2416,2270,4031,2132
4920448545936000,2200,1852,2415,2269,4032,2132
4920448546020300,2200,1852,2416,2270,4029,2182
4920448546042400,2199,1852,2415,2269,4095,2131
4920448546064200,2198,1853,2415,2270,4034,2130
4920448546089200,2200,1854,2414,2270,4030,2131
4920448546110500,2200,1853,2417,2269,4030,2133
4920448546131800,2198,1853,2415,2272,4028,2132
4920448546152900,2200,1853,2415,2419,4033,2131
4920448546175200,2200,1851,2415,2270,4030,2133
4920448546197500,2199,1852,2415,2272,4032,2132
4920448546217700,2201,1853,2415,2271,4031,2132
4920448546236900,2197,1852,2415,2271,4031,2131
4920448546255900,2200,1852,2414,2270,4032,2131
4920448546275200,2199,1853,2415,2269,4048,2133
4920448546297300,2198,1853,2414,2271,4032,2132
4920448546315900,2201,1852,2416,2271,4031,2130
4920448546335400,2200,1854,2415,2269,4034,2132
4920448546354700,2199,1855,2415,2270,4033,2135
4920448546373400,2198,1852,2415,2272,4054,2133
4920448546392400,2200,1852,2416,2269,4028,2131
4920448546411100,2199,1851,2415,2271,4032,2130
4920448546429900,2199,1853,2415,2269,4033,2132
4920448546448700,2199,1852,2412,2271,4034,2131
4920448546470200,2198,1852,2415,2270,4031,2134
4920448546487600,2200,1853,2413,2272,4029,2131
4920448546505000,2200,1866,2415,2270,4032,2133
4920448546522700,2198,1707,2415,2270,4050,2133
4920448546540500,2202,1850,2415,2272,4030,2133
4920448546558700,2200,1853,2416,2270,4029,2132
4920448546576200,2199,1853,2415,2270,4031,2132
4920448546593900,2200,1853,2416,2267,4032,2168
4920448546611800,2198,1852,2420,2271,4029,2132
4920448546631900,2200,1852,2414,2270,4028,2130
4920448546648300,2200,1852,2415,2270,4031,2134
4920448546664500,2198,1853,2414,2269,4034,2132
4920448546680900,2198,1854,2414,2269,4033,2154
4920448546697100,2201,1850,2414,2271,4029,2132
4920448546713100,2200,1852,2415,2270,4033,2134
4920448546730400,2200,1852,2415,2270,4032,2132
4920448546746600,2197,1854,2421,2270,4035,2132
4920448546762600,2200,1852,2415,2271,4029,2133
4920448546778700,2200,1851,2416,2270,4046,2134
4920448546794900,2196,1851,2416,2271,4031,2132
4920448546811200,2200,1853,2415,2270,4028,2133
4920448546827500,2198,1852,2415,2270,4032,2136
4920448546843700,2199,1852,2414,2271,4031,2132
4920448546859900,2199,1852,2415,2269,4037,2133
4920448546877400,2200,1853,2416,2271,4033,2131
4920448546893700,2199,1852,2416,2271,4033,2131
4920448546909600,2200,1864,2417,2271,4032,2134
4920448546925600,2216,1852,2413,2270,4030,2131
4920448546941600,2201,1853,2415,2272,4034,2131
4920448546958100,2198,1851,2424,2271,4030,2130
4920448546974200,2200,1851,2415,2270,4032,2133
4920448546990200,2200,1851,2415,2270,4034,2132
4920448547006600,2200,1853,2417,2268,4032,2132
4920448547022800,2200,1851,2416,2271,4033,2132
4920448547039100,2319,1852,2416,2270,4033,2131
4920448547055200,2197,1853,2416,2270,4033,2131
4920448547071400,2198,1852,2416,2271,4034,2132
4920448547087400,2200,1852,2415,2270,4033,2134
4920448547103500,2197,1853,2414,2269,4016,2132
4920448547120400,2200,1853,2417,2271,4031,2132
4920448547136400,2200,1852,2417,2271,4032,2132
4920448547152700,2199,1853,2415,2269,4032,2183
4920448547170200,2200,1852,2414,2270,4095,2132
4920448547186800,2198,1852,2416,2271,4033,2132
4920448547203300,2199,1851,2416,2272,4032,2132
4920448547219600,2200,1852,2415,2271,4028,2132
4920448547235800,2198,1853,2415,2271,4029,2133
4920448547252000,2199,1853,2416,2270,4027,2132
4920448547268000,2199,1852,2415,2269,4048,2132
4920448547284200,2200,1856,2416,2270,4031,2133
4920448547300600,2200,1854,2413,2272,4030,2132
4920448547316700,2198,1852,2415,2271,4033,2132
4920448547332800,2199,1851,2416,2274,4033,2132
4920448547349300,2200,1853,2414,2270,4035,2131
4920448547365500,2200,1853,2413,2270,4028,2133
4920448547381600,2200,1853,2416,2270,4033,2131
4920448547397800,2198,1854,2414,2269,4032,2132
4920448547413800,2201,1855,2415,2270,4033,2135
4920448547432800,2197,1853,2415,2270,4058,2132
4920448547448600,2200,1853,2415,2270,4029,2133
4920448547465200,2200,1853,2416,2270,4032,2131
4920448547481100,2199,1851,2415,2270,4035,2132
4920448547496900,2202,1853,2416,2271,4032,2131
4920448547512700,2200,1853,2416,2270,4027,2133
4920448547529200,2199,1852,2413,2270,4033,2131
4920448547545100,2199,1868,2415,2270,4032,2134
4920448547561000,2198,1706,2415,2269,4056,2131
4920448547577500,2201,1853,2415,2270,4034,2133
4920448547593300,2200,1852,2416,2269,4032,2133
4920448547609100,2200,1852,2414,2270,4036,2133
4920448547892400,2194,1852,2416,2271,4028,2171
4920448547913800,2198,1854,2420,2271,4032,2132
4920448547932800,2199,1852,2414,2270,4031,2132
4920448547951200,2196,1853,2415,2270,4029,2134
4920448547969700,2198,1851,2413,2269,4032,2132
4920448547988300,2200,1851,2416,2269,4034,2155
4920448548007000,2201,1852,2415,2270,4033,2131
4920448548025200,2199,1853,2415,2270,4033,2133
4920448548046400,2200,1853,2415,2270,4033,2133
4920448548064800,2198,1853,2420,2271,4032,2131
4920448548083000,2199,1852,2416,2270,4033,2132
4920448548101500,2200,1853,2416,2270,4045,2133
4920448548121000,2196,1853,2414,2270,4033,2132
4920448548136800,2200,1853,2415,2270,4032,2132
4920448548152500,2199,1852,2415,2268,4033,2130
4920448548168400,2199,1852,2415,2272,4031,2132
4920448548184400,2200,1853,2415,2270,4032,2132
4920448548200000,2200,1852,2414,2269,4028,2132
4920448548217700,2199,1852,2415,2271,4031,2132
4920448548233200,2198,1855,2415,2270,4032,2131
4920448548248600,2221,1852,2413,2268,4030,2133
4920448548263900,2200,1851,2416,2270,4038,2131
4920448548279300,2200,1851,2424,2270,4033,2129
4920448548294800,2198,1851,2415,2271,4032,2131
4920448548310300,2198,1851,2415,2272,4033,2132
4920448548325800,2198,1851,2417,2270,4032,2132
4920448548342300,2197,1853,2416,2271,4030,2132
4920448548357800,2320,1853,2415,2271,4033,2131
4920448548373100,2196,1853,2416,2270,4033,2132
4920448548388700,2199,1852,2415,2270,4036,2131
4920448548404300,2198,1853,2415,2269,4033,2132
4920448548419700,2200,1852,2415,2270,4012,2133
4920448548435400,2199,1853,2416,2271,4028,2132
4920448548451200,2200,1852,2415,2269,4032,2132
4920448548466700,2198,1854,2415,2270,4035,2180
4920448548482500,2200,1852,2415,2269,4095,2129
4920448548498200,2199,1852,2416,2271,4032,2132
4920448548513900,2201,1852,2416,2272,4032,2132
4920448548529600,2200,1851,2417,2271,4034,2133
4920448548546300,2199,1853,2415,2272,4028,2132
4920448548562100,2199,1853,2416,2270,4031,2132
4920448548577700,2197,1853,2415,2270,4030,2133
4920448548593300,2199,1852,2416,2272,4028,2133
4920448548608800,2201,1852,2414,2272,4033,2133
4920448548625100,2198,1852,2415,2270,4033,2131
4920448548641700,2200,1851,2414,2271,4032,2132
4920448548657300,2199,1852,2413,2269,4052,2132
4920448548672900,2199,1853,2414,2269,4027,2132
4920448548688300,2198,1852,2416,2271,4031,2132
4920448548703700,2198,1853,2415,2270,4034,2134
4920448548719200,2200,1855,2415,2270,4032,2133
4920448548734700,2200,1851,2415,2271,4052,2131
4920448548750000,2198,1852,2415,2270,4031,2132
4920448548765600,2198,1852,2416,2270,4027,2132
4920448548781100,2200,1854,2415,2270,4034,2131
4920448548796800,2203,1852,2414,2270,4034,2131
4920448548812200,2200,1852,2416,2269,4032,2133
4920448548827600,2200,1852,2413,2271,4032,2132
4920448548843300,2202,1866,2415,2269,4033,2274
4920448548858900,2199,1707,2415,2270,4052,2132
4920448548874600,2202,1852,2415,2271,4033,2132
4920448548890400,2200,1853,2414,2269,4032,2130
4920448548905800,2198,1853,2413,2270,4017,2132
4920448548922100,2200,1852,2416,2270,4029,2170
4920448548937500,2199,1852,2418,2271,4033,2133
4920448548952800,2200,1852,2416,2271,4029,2132
4920448548968200,2200,1852,2415,2269,4032,2132
4920448548983600,2200,1852,2414,2272,4029,2133
4920448548998900,2199,1853,2415,2269,4032,2156
4920448549015100,2199,1851,2415,2270,4035,2130
4920448549063400,2200,1853,2415,2271,4034,2132
4920448549080700,2200,1854,2414,2271,4032,2133
4920448549100800,2200,1853,2418,2270,4033,2131
4920448549117100,2199,1851,2416,2270,4032,2133
4920448549133400,2198,1855,2414,2269,4048,2133
4920448549152400,2196,1852,2414,2272,4031,2131
4920448549169500,2200,1853,2416,2269,4030,2133
4920448549195200,2199,1851,2415,2270,4032,2132
4920448549212800,2199,1852,2414,2272,4034,2132
4920448549230700,2199,1853,2415,2270,4036,2132
4920448549251700,2202,1853,2415,2269,4032,2131
4920448549270000,2199,1853,2416,2271,4030,2131
4920448549286000,2202,1864,2417,2270,4032,2132
4920448549304700,2213,1851,2414,2272,4033,2131
4920448549322300,2200,1851,2415,2270,4034,2132
4920448549342600,2201,1851,2424,2271,4031,2128
4920448549361700,2199,1851,2415,2271,4036,2132
4920448549380800,2200,1852,2415,2270,4029,2131
4920448549399800,2201,1851,2416,2271,4037,2130
4920448549419000,2199,1852,2416,2271,4030,2132
4920448549438100,2322,1852,2416,2272,4034,2132
4920448549478700,2198,1852,2416,2272,4027,2131
4920448549496500,2199,1853,2414,2270,4036,2132
4920448549583100,2200,1852,2414,2270,4029,2134
4920448549607300,2198,1852,2415,2272,4011,2132
4920448549629400,2199,1852,2416,2271,4029,2132
4920448549649600,2200,1853,2415,2271,4032,2132
4920448549670000,2199,1852,2416,2269,4030,2181
4920448549690300,2200,1851,2414,2270,4095,2133
4920448549714200,2197,1852,2416,2271,4031,2131
4920448549734300,2199,1852,2413,2270,4032,2131
4920448549763300,2201,1852,2415,2271,4032,2134
4920448549784200,2200,1851,2415,2270,4032,2131
4920448549804800,2200,1851,2416,2270,4034,2132
4920448549825600,2199,1852,2415,2268,4028,2131
4920448549847300,2201,1853,2414,2270,4033,2135
4920448549865500,2201,1854,2414,2272,4033,2133
4920448549884000,2198,1852,2415,2269,4031,2133
4920448549905300,2199,1853,2414,2271,4035,2131
4920448549931100,2198,1855,2413,2269,4046,2134
4920448549949300,2199,1852,2411,2271,4030,2133
4920448549967600,2200,1852,2416,2270,4033,2131
4920448549986000,2199,1853,2414,2270,4029,2133
4920448550004300,2201,1854,2415,2270,4030,2132
4920448550022400,2198,1852,2415,2270,4056,2133
4920448550040800,2198,1853,2416,2270,4033,2132
4920448550059200,2200,1852,2416,2270,4033,2133
4920448550080700,2199,1853,2415,2270,4033,2133
4920448550098700,2198,1853,2412,2271,4033,2134
4920448550115000,2200,1853,2415,2270,4032,2133
4920448550131500,2200,1853,2413,2271,4030,2131
4920448550154700,2198,1867,2415,2272,4034,2134
4920448550172700,2200,1706,2415,2268,4050,2131
4920448550190600,2202,1851,2415,2271,4034,2132
4920448550209700,2200,1853,2414,2270,4032,2131
4920448550231100,2200,1852,2414,2271,4033,2134
4920448550249100,2199,1852,2415,2269,4034,2168
4920448550267100,2199,1851,2422,2271,4030,2132
4920448550284800,2200,1852,2416,2271,4031,2131
4920448550312000,2201,1853,2415,2269,4034,2134
4920448550328600,2198,1853,2414,2270,4032,2133
4920448550348100,2198,1852,2416,2269,4032,2154
4920448550363900,2201,1851,2414,2271,4033,2132
4920448550382500,2200,1852,2415,2271,4033,2134
4920448550398900,2200,1852,2415,2270,4033,2132
4920448550415400,2199,1853,2420,2270,4032,2132
4920448550435400,2200,1850,2416,2270,4031,2133
4920448550451500,2198,1853,2416,2269,4042,2132
4920448550469100,2196,1852,2414,2270,4034,2133
4920448550486400,2200,1852,2415,2270,4033,2132
4920448550503700,2198,1852,2414,2270,4031,2133
4920448550523300,2200,1852,2414,2271,4031,2132
4920448550541200,2200,1853,2415,2269,4040,2134
4920448550559100,2199,1852,2415,2270,4032,2132
4920448550580000,2200,1852,2416,2271,4031,2132
4920448550598300,2198,1860,2417,2271,4032,2132
4920448550616600,2216,1852,2414,2272,4032,2131
4920448550634800,2201,1852,2415,2270,4036,2132
4920448550653100,2201,1852,2423,2271,4033,2128
4920448550672600,2198,1852,2415,2270,4033,2133
4920448550689200,2200,1853,2415,2270,4034,2131
4920448550705900,2200,1852,2415,2270,4030,2129
4920448550722400,2200,1852,2416,2269,4031,2132
4920448550739300,2320,1853,2415,2271,4031,2132
4920448550760100,2198,1852,2416,2271,4031,2132
4920448550778500,2200,1853,2415,2270,4034,2133
4920448550796600,2199,1852,2415,2270,4034,2132
4920448550814800,2200,1853,2414,2270,4013,2133
4920448550833000,2200,1852,2416,2270,4033,2132
4920448550851300,2199,1854,2415,2269,4028,2128
4920448550869600,2200,1852,2416,2272,4033,2180
4920448550887800,2200,1852,2413,2270,4095,2132
4920448550906300,2199,1852,2416,2271,4030,2131
4920448550926400,2200,1853,2414,2272,4030,2132
4920448550942600,2201,1853,2415,2271,4028,2132
4920448550958900,2199,1853,2415,2271,4033,2132
4920448550975100,2201,1851,2416,2270,4031,2133
4920448550994700,2198,1852,2415,2270,4030,2132
4920448551012500,2199,1856,2414,2270,4032,2133
4920448551032300,2201,1852,2415,2272,4033,2133
4920448551071000,2198,1852,2415,2271,4033,2132
4920448551097900,2199,1853,2414,2271,4034,2132
4920448551141800,2201,1852,2413,2269,4052,2133
4920448551165800,2200,1853,2414,2271,4030,2133
4920448551187600,2200,1853,2416,2272,4029,2132
4920448551211300,2200,1853,2415,2269,4036,2132
4920448551237900,2200,1855,2415,2270,4029,2134
4920448551264400,2198,1853,2414,2269,4056,2132
4920448551301700,2200,1852,2415,2270,4031,2131
4920448551324900,2198,1851,2416,2271,4028,2133
4920448551348700,2200,1853,2415,2270,4035,2133
4920448551374200,2198,1853,2413,2271,4031,2132
4920448551394700,2198,1852,2415,2270,4032,2130
4920448551417900,2200,1853,2413,2270,4032,2133
4920448551437000,2199,1867,2415,2269,4030,2132
4920448551458300,2198,1707,2415,2270,4054,2133
4920448551478800,2202,1852,2415,2271,4032,2132
4920448551501200,2199,1853,2414,2272,4030,2131
4920448551524000,2199,1853,2415,2270,4036,2132
4920448551547600,2200,1851,2417,2270,4032,2166
4920448551572300,2199,1853,2420,2270,4033,2133
4920449113243200,2200,1852,2414,2270,4033,2131
