Time_Sec,CH0-ThumbLow,CH1-ThumbUp,CH2-Pointer,CH3-Middle,CH4-Ring,CH5-Pinky
4920818001975100,2357,1827,2074,1905,4028,1968
4920818002507100,2357,1828,2074,1905,4030,1970
4920818003108100,2363,1827,2074,1905,4031,1969
4920818003566800,2358,1828,2074,1904,4036,2024
4920818004010300,2359,1827,2073,1906,4028,1969
4920818004443800,2357,1829,2075,1905,4031,1969
4920818004878200,2357,1828,2074,1905,4028,1969
4920818005288300,2357,1828,2072,1905,4032,1976
4920818005742800,2357,1828,2074,1905,4028,1969
4920818006150000,2356,1828,2075,1905,4095,1970
4920818006522600,2356,1826,2074,1912,4030,1968
4920818007221600,2356,1828,2076,1904,4029,1970
4920818007652600,2359,1826,2074,1904,4032,1969
4920818007969600,2356,1828,2073,1906,4028,1969
4920818008306100,2357,1828,2074,1906,4029,1969
4920818008622200,2358,1828,2075,1905,4029,1969
4920818008857700,2357,1827,2076,1905,4030,1968
4920818009166600,2356,1886,2076,1905,4032,1969
4920818009301400,2390,1827,2073,1902,4030,1967
4920818009373900,2357,1827,2073,1907,4035,1969
4920818009438800,2357,1826,2097,1906,4029,1969
4920818009512300,2359,1827,2074,1905,4030,1969
4920818009584400,2357,1826,2074,1908,4033,1969
4920818009859200,2357,1827,2075,1905,4044,1968
4920818009965800,2357,1828,2078,1906,4033,1967
4920818010032200,2475,1827,2075,1908,4028,1969
4920818010152400,2356,1828,2076,1904,4031,1968
4920818010481000,2358,1828,2075,1905,4032,1969
4920818010777900,2358,1828,2075,1906,4032,1970
4920818010903800,2358,1827,2074,1905,4028,1969
4920818011079500,2357,1828,2074,1905,4030,1968
4920818011298600,2358,1827,2075,1904,4032,1970
4920818011377400,2358,1828,2075,1904,4034,2021
4920818011536300,2357,1827,2073,1904,4095,1969
4920818011607500,2357,1828,2074,1904,4033,1969
4920818011761300,2358,1827,2074,1906,4032,1968
4920818011828400,2357,1827,2077,1905,4030,1968
4920818012048800,2358,1828,2075,1906,4032,1968
4920818012104000,2356,1828,2076,1748,4034,1968
4920818012247300,2357,1828,2074,1904,4032,1969
4920818012303500,2357,1838,2075,1905,4025,1969
4920818012439600,2361,1828,2074,1905,4030,1968
4920818012495500,2356,1827,2055,1905,4034,1968
4920818012633300,2357,1827,2075,1905,4031,1968
4920818012687700,2358,1828,2075,1904,4074,1970
4920818012757200,2356,1829,2086,1906,4027,1969
4920818012883300,2357,1827,2075,1905,4033,1969
4920818012940800,2357,1829,2074,1905,4032,1969
4920818013028500,2358,1828,2075,1905,4033,1971
4920818013091600,2356,1828,2074,1906,4080,1969
4920818013178600,2357,1827,2075,1904,4034,1968
4920818013302500,2358,1826,2076,1904,4030,1968
4920818013389400,2358,1827,2075,1904,4030,1969
4920818013634300,2358,1828,2085,1906,4028,1970
4920818013998000,2357,1828,2075,1904,4028,1970
4920818014091900,2357,1827,2073,1905,4034,1969
4920818014301600,2356,1856,2075,1904,4028,1969
4920818014398700,2357,1681,2074,1904,4082,1968
4920818014619000,2360,1827,2075,1908,4030,1968
4920818014738500,2357,1828,2074,1906,4029,1969
4920818014823900,2357,1828,2074,1905,4086,1969
4920818015091300,2357,1827,2076,1906,4032,2035
4920818015206900,2358,1826,2089,1906,4032,1966
4920818015280700,2358,1828,2074,1906,4032,1969
4920818015337500,2358,1828,2074,1906,4032,1970
4920818015484100,2363,1828,2073,1904,4033,1968
4920818015604100,2358,1828,2076,1904,4040,2028
4920818015724100,2358,1827,2074,1905,4031,1968
4920818015784000,2357,1828,2075,1905,4032,1969
4920818015905300,2357,1828,2075,1905,4032,1969
4920818015999500,2358,1828,2074,1905,4029,1976
4920818016139300,2358,1827,2074,1905,4031,1968
4920818016194300,2356,1828,2075,1905,4095,1970
4920818016422000,2357,1827,2074,1913,4031,1967
4920818016609400,2356,1828,2075,1905,4030,1968
4920818016675700,2357,1827,2073,1905,4031,1969
4920818016761000,2356,1828,2073,1906,4031,1968
4920818016860300,2356,1828,2074,1906,4032,1968
4920818017085200,2358,1828,2075,1905,4032,1969
4920818017292400,2357,1827,2075,1906,4029,1969
4920818017505600,2356,1893,2075,1905,4032,1969
4920818017706200,2395,1827,2074,1904,4031,1967
4920818017845100,2357,1827,2073,1906,4036,1969
4920818017934600,2357,1827,2100,1905,4029,1970
4920818018003900,2357,1827,2074,1907,4034,1969
4920818018186900,2357,1827,2074,1908,4033,1969
4920818018273300,2358,1829,2076,1905,4044,1968
4920818018355200,2357,1828,2078,1905,4031,1969
4920818018623700,2474,1827,2074,1908,4027,1969
4920818018868700,2355,1827,2076,1906,4031,1968
4920818019078400,2356,1829,2075,1904,4032,1967
4920818019362900,2357,1828,2074,1905,4035,1970
4920818019629200,2357,1828,2074,1905,4032,1971
4920818020411700,2356,1827,2074,1905,4029,1968
4920818020552900,2359,1827,2074,1905,4030,1969
4920818020843800,2358,1827,2074,1905,4032,2024
4920818021084600,2358,1828,2074,1904,4095,1969
4920818021252300,2357,1827,2075,1905,4031,1968
4920818021349300,2358,1827,2074,1906,4030,1968
4920818021432100,2357,1829,2076,1905,4032,1969
4920818021552700,2359,1827,2075,1905,4032,1969
4920818021920300,2357,1827,2075,1748,4030,1968
4920818022010700,2357,1827,2074,1904,4029,1968
4920818022134500,2357,1840,2075,1905,4024,1969
4920818022616700,2362,1827,2074,1906,4030,1968
4920818022755800,2356,1827,2054,1905,4031,1968
4920818022911000,2357,1827,2075,1905,4031,1968
4920818023051300,2359,1827,2074,1904,4033,1970
4920818023265500,2356,1827,2085,1905,4027,1969
4920818023398400,2358,1827,2076,1906,4031,1968
4920818023476300,2358,1828,2074,1904,4030,1969
4920818023576100,2356,1828,2075,1904,4032,1969
4920818023658300,2356,1827,2075,1906,4080,1970
4920818023927500,2356,1827,2075,1905,4032,1969
4920818024031100,2356,1827,2076,1905,4032,1968
4920818024120200,2357,1827,2075,1904,4034,1970
4920818024188000,2358,1827,2084,1905,4028,1968
4920818024257900,2357,1829,2075,1904,4030,1970
4920818024320200,2356,1828,2073,1904,4032,1968
4920818024371300,2355,1858,2075,1905,4032,1969
4920818024422700,2356,1680,2075,1904,4080,1969
4920818024507500,2362,1827,2076,1905,4034,1968
4920818024629900,2358,1828,2074,1905,4032,1969
4920818024698100,2358,1828,2071,1904,4033,1967
4920818024765800,2357,1828,2075,1905,4036,2046
4920818024828700,2356,1827,2089,1906,4027,1966
4920818024916100,2358,1827,2074,1905,4029,1970
4920818025265500,2358,1827,2074,1905,4032,1969
4920818025551600,2362,1829,2073,1904,4029,1969
4920818025646000,2358,1827,2075,1904,4034,2036
4920818025881900,2358,1827,2074,1906,4031,1969
4920818025957800,2358,1827,2075,1905,4031,1969
4920818026208300,2356,1827,2075,1904,4032,1970
4920818026527300,2357,1827,2076,1904,4032,1974
4920818026630800,2356,1827,2075,1906,4031,1968
4920818026817900,2356,1827,2074,1905,4095,1970
4920818026899700,2356,1827,2074,1912,4034,1967
4920818027157200,2356,1828,2076,1904,4026,1969
4920818027516000,2357,1824,2075,1905,4032,1970
4920818027598800,2357,1827,2074,1905,4031,1969
4920818027660900,2358,1830,2075,1905,4032,1969
4920818027779600,2357,1828,2075,1904,4032,1970
4920818027840400,2357,1827,2076,1907,4029,1969
4920818027899200,2356,1891,2075,1906,4032,1968
4920818027971100,2393,1828,2073,1902,4030,1969
4920818028062200,2358,1828,2074,1906,4036,1968
4920818028139900,2358,1827,2099,1855,4033,1969
4920818028209400,2358,1827,2073,1906,4031,1968
4920818028326900,2357,1828,2074,1908,4028,1969
4920818028411700,2358,1827,2075,1906,4032,1970
4920818028505500,2358,1827,2078,1905,4027,1969
4920818028628600,2474,1828,2074,1908,4031,1968
4920818028735600,2356,1827,2077,1906,4031,1968
4920818028807600,2357,1829,2075,1905,4032,1968
4920818028866100,2357,1827,2075,1905,4032,1970
4920818029158400,2356,1827,2075,1904,4029,1969
4920818029223400,2357,1828,2075,1904,4032,1968
4920818029280800,2358,1826,2075,1905,4028,1969
4920818029333300,2358,1828,2075,1904,4032,2022
4920818029434900,2360,1828,2074,1904,4095,1969
4920818029570800,2357,1827,2076,1905,4031,1968
4920818029716200,2358,1827,2074,1906,4032,1968
4920818029816500,2356,1827,2077,1905,4028,1969
4920818029905500,2358,1828,2075,1904,4032,1968
4920818029984600,2357,1828,2076,1748,4033,1968
4920818030051300,2358,1827,2074,1904,4032,1968
4920818030114200,2358,1840,2075,1905,4021,1970
4920818030172600,2362,1828,2073,1906,4030,1969
4920818030229200,2356,1828,2057,1905,4035,1968
4920818030304600,2356,1828,2074,1923,4029,1968
4920818030549900,2357,1828,2075,1904,4066,1970
4920818030610400,2357,1828,2084,1906,4032,1969
4920818030661400,2356,1827,2074,1904,4032,1968
4920818030745800,2357,1829,2075,1904,4030,1969
4920818030818300,2356,1827,2075,1905,4028,1969
4920818030910600,2357,1828,2075,1904,4078,1968
4920818030983700,2356,1828,2074,1904,4030,1969
4920818031043800,2357,1827,2076,1906,4032,1968
4920818031107700,2357,1828,2075,1904,4033,1969
4920818031162000,2358,1829,2086,1907,4030,1968
4920818031229000,2358,1828,2075,1905,4031,1969
4920818031288100,2357,1827,2073,1905,4032,1968
4920818031346700,2357,1855,2075,1904,4031,2180
4920818031415000,2356,1681,2073,1905,4081,1968
4920818031474800,2362,1826,2076,1905,4030,1968
4920818031524400,2358,1828,2074,1906,4030,1968
4920818031574200,2356,1826,2075,1903,4033,1968
4920818031626800,2359,1826,2075,1905,4032,2043
4920818031681300,2357,1827,2088,1906,4031,1966
4920818031737500,2358,1826,2074,1906,4031,1969
4920818031791900,2358,1827,2075,1905,4032,1969
4920818031898000,2362,1827,2074,1905,4028,1969
4920818031950900,2356,1828,2075,1903,4033,2027
4920818032013500,2358,1827,2074,1905,4029,1969
4920818032065500,2357,1828,2075,1907,4029,1970
4920818032125700,2357,1828,2074,1905,4029,1969
4920818032180000,2357,1828,2072,1904,4030,1973
4920818032231800,2358,1828,2075,1905,4029,1968
4920818032285400,2354,1827,2076,1906,4095,1970
4920818032562700,2356,1827,2074,1910,4034,1969
4920818032655300,2360,1827,2076,1904,4028,1969
4920818032714000,2357,1826,2074,1905,4027,1969
4920818032867100,2358,1828,2073,1906,4028,1969
4920818032954600,2359,1828,2076,1906,4026,1970
4920818033248600,2358,1827,2076,1906,4032,1970
4920818033533900,2358,1827,2076,1907,4029,1969
4920818033649000,2356,1879,2076,1905,4028,2012
4920818034183200,2388,1828,2073,1902,4026,1967
4920818034471600,2357,1826,2074,1906,4034,1968
4920818034607900,2357,1826,2093,1905,4033,1968
4920818034787700,2357,1828,2074,1906,4033,1968
4920818034935800,2358,1828,2075,1908,4029,1969
4920818035064900,2358,1827,2076,1906,4028,1969
4920818035179300,2357,1828,2077,1905,4031,1968
4920818035282900,2474,1828,2075,1908,4031,1969
4920818035406300,2355,1827,2076,1905,4031,1969
4920818035492900,2356,1829,2075,1905,4028,1969
4920818035583500,2357,1828,2075,1904,4032,1969
4920818035691200,2358,1828,2075,1905,4026,1969
4920818035945100,2356,1828,2074,1905,4028,1970
4920818036024000,2358,1828,2074,1905,4032,1970
4920818036086000,2359,1828,2075,1905,4032,2017
4920818036157500,2357,1827,2074,1904,4095,1968
4920818036263400,2357,1828,2074,1906,4029,1969
4920818036342300,2358,1828,2074,1905,4032,1967
4920818036446200,2357,1828,2076,1905,4032,1968
4920818036730000,2356,1829,2075,1905,4030,1968
4920818037038900,2358,1828,2076,1747,4031,1968
4920818037141200,2357,1827,2075,1904,4034,1968
4920818037214600,2356,1835,2074,1906,4021,1969
4920818037274200,2362,1828,2074,1904,4031,1969
4920818037486200,2357,1827,2052,1904,4033,1969
4920818037581400,2357,1827,2074,1906,4028,1968
4920818037683500,2358,1828,2075,1904,4062,1970
4920818037783400,2358,1826,2081,1906,4030,1967
4920818037861300,2358,1828,2076,1905,4028,1968
4920818037918800,2357,1828,2074,1904,4030,1969
4920818037977100,2358,1827,2075,1904,4033,1971
4920818038036200,2356,1827,2074,1904,4060,1969
4920818038091100,2356,1828,2075,1904,4032,1968
4920818038145600,2355,1827,2075,1906,4026,1970
4920818038218000,2356,1828,2075,1904,4032,1969
4920818038284400,2358,1829,2082,1905,4029,1969
4920818038575500,2358,1827,2075,1904,4030,1969
4920818038703200,2357,1827,2073,1905,4034,1969
4920818038802200,2357,1849,2075,1905,4028,1970
4920818038893700,2356,1681,2075,1904,4068,1969
4920818039331400,2362,1827,2075,1905,4032,1968
4920818039437900,2356,1828,2074,1904,4032,1968
4920818039536700,2358,1827,2075,1904,4036,1969
4920818039727900,2358,1827,2075,1904,4029,2024
4920818039820400,2357,1828,2081,1907,4030,1966
4920818039894800,2358,1827,2074,1906,4028,1969
4920818040145600,2356,1828,2074,1905,4030,1969
4920818040265800,2360,1828,2074,1904,4031,1967
4920818040348400,2356,1828,2076,1905,4034,2009
4920818040507200,2359,1827,2074,1906,4031,1968
4920818040645900,2357,1828,2075,1904,4031,1968
4920818040889500,2357,1827,2075,1906,4029,1969
4920818041002500,2357,1828,2072,1905,4030,1973
4920818041139800,2357,1827,2074,1905,4030,1969
4920818041234200,2356,1827,2075,1906,4076,1970
4920818041310100,2356,1828,2074,1912,4029,1969
4920818041385100,2356,1828,2076,1904,4029,1969
4920818041498000,2358,1826,2074,1904,4032,1969
4920818041608300,2359,1827,2074,1906,4030,1970
4920818041711700,2357,1828,2075,1904,4028,1969
4920818041799700,2358,1828,2075,1905,4029,1968
4920818041868100,2357,1827,2076,1906,4029,1969
4920818042142700,2358,1860,2075,1906,4028,2003
4920818042282200,2380,1827,2074,1904,4029,1969
4920818042396600,2359,1826,2074,1906,4035,1968
4920818042492800,2358,1827,2089,1905,4032,1969
4920818042606100,2358,1828,2074,1905,4036,1969
4920818042720100,2356,1828,2074,1905,4035,1967
4920818042816600,2358,1827,2076,1904,4032,1969
4920818042899100,2358,1828,2076,1904,4027,1969
4920818043120000,2475,1828,2074,1905,4029,1969
4920818043288700,2356,1828,2075,1906,4031,1969
4920818043413200,2357,1829,2075,1905,4032,1968
4920818043529000,2357,1828,2075,1905,4032,1970
4920818043629700,2357,1827,2075,1904,4030,1968
4920818570816200,2356,1828,2074,1905,4033,1968
4920818571290800,2358,1828,2076,1904,4032,1969
4920818571655700,2357,1829,2075,1904,4028,2014
4920818571998800,2357,1828,2073,1904,4095,1969
4920818572425900,2356,1826,2076,1906,4029,1969
4920818572813200,2358,1828,2074,1906,4029,1969
4920818573297000,2357,1828,2076,1905,4032,1969
4920818573454300,2357,1827,2075,1904,4032,1969
4920818574046300,2356,1828,2076,1748,4034,1968
4920818574416200,2357,1828,2075,1904,4030,1966
4920818574549000,2358,1832,2075,1905,4024,1969
4920818574644600,2361,1828,2074,1905,4031,1968
4920818575094900,2357,1826,2053,1904,4033,1968
4920818575285700,2358,1826,2075,1906,4030,1968
4920818575385900,2359,1828,2074,1904,4033,1969
4920818575634700,2357,1829,2080,1906,4027,1969
4920818575771900,2359,1827,2076,1904,4033,1970
4920818576093700,2357,1828,2075,1904,4032,1970
4920818576175700,2357,1827,2075,1904,4032,1971
4920818576249000,2356,1828,2075,1904,4056,1969
4920818576355900,2358,1828,2075,1905,4032,1969
4920818576629100,2355,1827,2075,1906,4027,1969
4920818577060800,2357,1827,2075,1904,4031,1968
4920818577189000,2358,1828,2078,1903,4030,1969
4920818577304600,2356,1829,2075,1904,4030,1970
4920818577448200,2357,1826,2073,1906,4030,1969
4920818577807000,2357,1842,2075,1905,4029,2094
4920818578119000,2357,1680,2075,1904,4058,1968
4920818578497500,2362,1827,2075,1903,4032,1968
4920818578833900,2356,1827,2074,1904,4032,1968
4920818579095000,2359,1828,2074,1904,4055,1968
4920818579223800,2356,1829,2076,1904,4032,2013
4920818579511800,2356,1828,2080,1906,4030,1968
4920818579698500,2358,1827,2074,1905,4029,1969
4920818579810700,2358,1827,2075,1906,4027,1970
4920818579898400,2360,1828,2074,1904,4031,1968
4920818580047800,2356,1828,2075,1905,4032,2005
4920818580201700,2358,1827,2073,1906,4029,1968
4920818580349200,2357,1827,2075,1905,4033,1970
4920818580478800,2358,1828,2074,1905,4029,1969
4920818580731300,2357,1828,2072,1906,4032,1972
4920818580846400,2358,1827,2074,1904,4030,1967
4920818580939500,2356,1829,2075,1905,4073,1970
4920818581030000,2356,1827,2074,1908,4033,1967
4920818581147100,2358,1828,2076,1905,4030,1970
4920818581241400,2356,1827,2075,1905,4031,1970
4920818581321100,2356,1827,2075,1905,4031,1968
4920818581418200,2357,1828,2075,1904,4032,1969
4920818581641200,2357,1828,2076,1905,4032,1968
4920818581868900,2358,1827,2075,1908,4031,1968
4920818582015000,2356,1860,2076,1904,4032,1969
4920818582106500,2378,1826,2074,1904,4034,1967
4920818582245500,2358,1828,2074,1906,4036,1968
4920818582370700,2358,1826,2092,1906,4029,1968
4920818582474100,2358,1828,2074,1907,4031,1968
4920818582581600,2357,1828,2075,1905,4032,1968
4920818582689500,2357,1828,2075,1905,4038,1968
4920818582763500,2358,1827,2077,1905,4027,1968
4920818582830000,2478,1827,2075,1903,4030,1969
4920818583094000,2357,1827,2076,1906,4027,1968
4920818583213600,2357,1828,2074,1905,4032,1968
4920818583343100,2356,1827,2075,1905,4032,1969
4920818583565800,2357,1828,2074,1903,4033,1969
4920818583669300,2357,1828,2074,1905,4031,1968
4920818583777900,2357,1827,2075,1904,4030,1969
4920818583886600,2357,1827,2075,1904,4029,2014
4920818584005100,2357,1828,2074,1904,4095,1968
4920818584118400,2357,1827,2076,1905,4031,1968
4920818584226700,2358,1827,2074,1906,4034,1968
4920818584317500,2358,1828,2075,1905,4028,1970
4920818584439900,2357,1828,2075,1905,4032,1969
4920818584522700,2358,1828,2075,1748,4029,1968
4920818584790100,2356,1827,2074,1904,4030,1968
4920818584933400,2359,1833,2075,1906,4024,1972
4920818585037600,2363,1828,2074,1904,4026,1969
4920818585160700,2356,1828,2051,1905,4032,1969
4920818585507300,2355,1827,2074,1905,4032,1968
4920818585660800,2358,1828,2074,1904,4031,1970
4920818585790400,2356,1828,2080,1905,4027,1969
4920818585922800,2358,1827,2075,1906,4031,1968
4920818586031000,2357,1829,2075,1903,4033,1969
4920818586147400,2357,1828,2075,1904,4030,1971
4920818586283800,2354,1827,2075,1905,4060,1969
4920818586392400,2358,1828,2075,1905,4030,1969
4920818586558300,2357,1827,2076,1904,4029,1968
4920818586885000,2358,1828,2074,1904,4058,1969
4920818587045400,2358,1827,2078,1906,4029,1969
4920818587148400,2356,1827,2075,1905,4028,1969
4920818587429700,2357,1828,2073,1906,4030,1968
4920818587545900,2355,1846,2075,1906,4029,2110
4920818587661800,2356,1678,2075,1905,4064,1969
4920818587790200,2360,1826,2075,1904,4030,1968
4920818587877000,2357,1828,2075,1903,4032,1967
4920818588096000,2358,1828,2074,1905,4053,1969
4920818588407900,2358,1828,2076,1903,4030,2018
4920818588713900,2359,1827,2080,1906,4030,1965
4920818588835100,2358,1827,2074,1906,4029,1968
4920818589174900,2358,1828,2075,1905,4032,1969
4920818589316600,2360,1829,2074,1905,4031,1969
4920818589397100,2357,1827,2076,1904,4033,2004
4920818589711200,2358,1827,2074,1905,4032,1969
4920818589841100,2356,1828,2075,1905,4031,1969
4920818590202200,2356,1827,2074,1905,4032,1969
4920818590328800,2357,1827,2070,1904,4032,1972
4920818590454500,2357,1826,2074,1905,4028,1969
4920818590750300,2356,1829,2075,1905,4076,1969
4920818591002300,2357,1827,2074,1910,4031,1969
4920818591326000,2357,1832,2077,1905,4029,1969
4920818591520700,2357,1827,2073,1905,4034,1969
4920818591723800,2358,1827,2074,1906,4031,1968
4920818591845200,2357,1829,2074,1905,4028,1970
4920818591941200,2357,1827,2075,1903,4029,1968
4920818592056600,2357,1828,2076,1906,4029,1968
4920818592167800,2357,1856,2076,1905,4032,1968
4920818592320800,2377,1827,2073,1904,4031,1967
4920818592464400,2358,1828,2074,1905,4034,1969
4920818592658500,2357,1828,2089,1905,4031,1969
4920818592783100,2356,1828,2074,1906,4031,1968
4920818592898400,2358,1828,2074,1906,4029,1968
4920818593179500,2358,1827,2076,1905,4034,1970
4920818593260900,2358,1827,2077,1905,4027,1968
4920818593335800,2476,1828,2075,1902,4033,1967
4920818593615600,2356,1828,2074,1906,4031,1968
4920818593939400,2356,1829,2074,1905,4032,1968
4920818594192400,2358,1828,2075,1905,4033,1970
4920818594315800,2357,1827,2074,1906,4028,1969
4920818594531200,2357,1829,2075,1906,4028,1969
4920818594883000,2357,1828,2074,1905,4032,1966
4920818595025000,2358,1828,2076,1905,4028,2013
4920818595188500,2359,1828,2074,1904,4095,1969
4920818595307100,2357,1828,2076,1905,4029,1968
4920818595433700,2358,1827,2074,1906,4032,1968
4920818595553700,2358,1827,2077,1905,4032,1968
4920818595659400,2356,1828,2075,1905,4033,1969
4920818595753400,2358,1827,2075,1746,4032,1969
4920818595869800,2358,1827,2074,1904,4030,1968
4920818596013500,2358,1830,2075,1906,4024,1968
4920818596110500,2362,1828,2074,1904,4034,1970
4920818596193400,2358,1828,2050,1905,4028,1968
4920818596290800,2358,1827,2074,1905,4029,1968
4920818596387000,2356,1826,2075,1904,4047,1970
4920818596476200,2357,1829,2077,1904,4028,1969
4920818596586300,2359,1827,2075,1906,4031,1968
4920818596720100,2355,1828,2074,1904,4032,1968
4920818597062000,2357,1828,2075,1904,4032,1971
4920818597382200,2356,1828,2075,1904,4052,1968
4920818597664600,2358,1828,2074,1905,4034,1968
4920818597811700,2356,1827,2076,1905,4032,1968
4920818597954600,2358,1827,2075,1904,4031,1969
4920818598364900,2358,1828,2076,1906,4028,1969
4920818598520300,2358,1828,2075,1904,4032,1970
4920818598642300,2356,1827,2073,1904,4032,1968
4920818598746000,2356,1838,2075,1904,4032,1970
4920818598820800,2356,1681,2075,1904,4054,1969
4920818598892900,2360,1828,2075,1905,4034,1968
4920818598961500,2357,1828,2074,1905,4028,1968
4920818599059800,2357,1828,2075,1905,4031,1969
4920818599188600,2357,1829,2075,1905,4028,2014
4920818599274100,2358,1829,2078,1907,4028,1966
4920818599360000,2357,1826,2074,1906,4030,1969
4920818599471700,2357,1827,2075,1905,4028,1970
4920818599570100,2357,1828,2074,1904,4033,1969
4920818599678300,2356,1827,2075,1904,4032,2006
4920818599766200,2359,1828,2075,1904,4032,1969
4920818599834700,2357,1828,2075,1904,4031,1970
4920818599902300,2358,1828,2075,1905,4032,1970
4920818599971500,2357,1828,2068,1906,4027,1972
4920818600074600,2357,1827,2075,1904,4031,1971
4920818600160800,2356,1827,2075,1907,4052,1969
4920818600230000,2356,1827,2074,1906,4031,1969
4920818600296600,2358,1828,2076,1906,4026,1970
4920818600366900,2357,1828,2073,1904,4032,1969
4920818600432800,2357,1828,2073,1905,4029,1969
4920818600502100,2358,1828,2075,1904,4032,1970
4920818600566800,2357,1828,2075,1905,4030,1968
4920818600640800,2358,1827,2075,1906,4028,1968
4920818600704500,2358,1833,2075,1903,4032,1970
4920818600766700,2364,1827,2073,1904,4030,1967
4920818600829100,2357,1827,2074,1906,4031,1968
4920818600913900,2358,1828,2084,1906,4031,1968
4920818600984300,2357,1828,2074,1906,4030,1970
4920818601046400,2357,1828,2074,1904,4029,1968
4920818601108500,2356,1828,2075,1905,4028,1969
4920818601197400,2358,1828,2074,1905,4033,1968
4920818601289900,2477,1828,2075,1903,4031,1969
4920818601355600,2356,1828,2074,1905,4029,1968
4920818601470000,2358,1827,2074,1904,4034,1968
4920818601567700,2357,1827,2074,1905,4033,1970
4920818601670600,2358,1828,2074,1905,4032,1969
4920818602027300,2357,1828,2075,1905,4029,1969
4920818602349800,2358,1828,2075,1904,4030,1968
4920818602469900,2357,1826,2075,1904,4032,2012
4920818602558300,2358,1828,2073,1904,4095,1970
4920818602628300,2357,1827,2076,1904,4031,1968
4920818602693800,2359,1827,2074,1906,4031,1968
4920818602761600,2358,1828,2075,1905,4028,1969
4920818602829500,2358,1828,2075,1905,4032,1969
4920818602907400,2358,1827,2076,1748,4031,1968
4920818602992600,2357,1828,2074,1904,4029,1968
4920818603060100,2359,1828,2076,1905,4026,1969
4920818603153800,2362,1826,2074,1904,4028,1967
4920818603445600,2356,1828,2052,1904,4032,1968
4920818603582500,2357,1827,2075,1905,4029,1968
4920818603762800,2359,1827,2075,1904,4044,1970
4920818603926200,2358,1826,2074,1905,4032,1970
4920818604033500,2357,1827,2076,1906,4031,1968
4920818604141900,2358,1829,2075,1905,4029,1969
4920818604448000,2357,1827,2075,1904,4032,1971
4920818604587900,2356,1827,2075,1904,4050,1969
4920818604711000,2358,1828,2074,1904,4032,1968
4920818604852200,2357,1828,2074,1904,4030,1968
4920818604949200,2358,1828,2075,1904,4032,1969
4920818605024900,2356,1828,2074,1903,4030,1969
4920818605243200,2357,1828,2076,1905,4031,1970
4920818605377200,2357,1827,2073,1905,4031,1969
4920818605500600,2357,1837,2074,1904,4036,1971
4920818605639000,2356,1681,2075,1905,4056,1968
4920818605743900,2361,1827,2075,1904,4032,1968
4920818605827000,2357,1828,2074,1905,4030,1969
4920818605913700,2355,1829,2071,1902,4031,1969
4920818605999000,2358,1827,2075,1904,4032,2017
4920818606141100,2358,1828,2078,1906,4031,1966
4920818606283700,2357,1828,2074,1906,4029,1969
4920818606471000,2358,1828,2075,1904,4030,1970
4920818606586300,2357,1828,2074,1904,4032,1969
4920818606678800,2356,1828,2075,1905,4032,2003
4920818606760200,2358,1827,2075,1905,4031,1969
4920818606822700,2357,1828,2075,1906,4031,1968
4920818607004400,2357,1827,2075,1904,4032,1969
4920818607138900,2357,1829,2066,1905,4026,1972
4920818607425300,2357,1827,2076,1906,4028,1969
4920818607528100,2356,1828,2075,1905,4056,1970
4920818607641800,2357,1828,2074,1906,4032,1969
4920818607738200,2358,1828,2076,1904,4030,1969
4920818607870100,2358,1827,2074,1904,4031,1969
4920818608039000,2356,1828,2075,1906,4029,1969
4920818608175300,2357,1827,2075,1904,4032,1970
4920818608277100,2358,1828,2075,1904,4032,1970
4920818608397100,2356,1826,2076,1907,4029,1969
4920818608519000,2356,1839,2075,1905,4032,1968
4920818608648500,2368,1827,2074,1904,4027,1970
4920818608759400,2357,1827,2074,1906,4030,1968
4920818608877800,2358,1828,2085,1905,4029,1969
4920818609029700,2356,1826,2074,1906,4033,1969
4920818609157900,2357,1828,2075,1904,4030,1969
4920818609292300,2359,1827,2076,1905,4034,1968
4920818609493200,2358,1829,2076,1904,4033,1968
4920818609656600,2478,1827,2075,1903,4031,1969
4920818609813500,2357,1828,2075,1906,4031,1969
4920818609950300,2358,1827,2075,1905,4036,1967
4920818610215100,2357,1828,2075,1904,4032,1970
4920818610387300,2357,1827,2074,1904,4032,1969
4920818610588400,2357,1828,2075,1904,4030,1969
4920818610746600,2358,1826,2075,1905,4028,1969
4920818610837800,2357,1827,2074,1904,4032,2012
4920818610966200,2357,1828,2074,1904,4095,1970
4920818611305100,2356,1828,2076,1905,4032,1969
4920818611506200,2359,1829,2074,1904,4031,1969
4920818611705400,2356,1828,2075,1905,4027,1970
4920818612028200,2357,1827,2074,1906,4032,1968
4920818612161200,2358,1827,2076,1747,4033,1968
4920818612247800,2356,1828,2075,1904,4028,1969
4920818612505800,2359,1826,2075,1905,4025,1969
4920818612827600,2361,1828,2074,1904,4028,1968
4920818612962800,2356,1828,2049,1906,4029,1969
4920818613047000,2357,1827,2074,1906,4029,1968
4920818613158200,2357,1827,2073,1904,4042,1968
4920818613240300,2358,1827,2074,1906,4027,1969
4920818613308500,2357,1828,2075,1905,4031,1968
4920818613433500,2358,1827,2074,1904,4032,1968
4920818613548400,2356,1828,2075,1904,4032,1970
4920818613635700,2356,1826,2075,1904,4050,1969
4920818613707800,2356,1828,2075,1905,4032,1969
4920818613772300,2357,1828,2075,1906,4032,1968
4920818613845700,2356,1828,2075,1904,4029,1969
4920818613912200,2358,1828,2074,1905,4030,1969
4920818614066300,2358,1828,2075,1903,4030,1970
4920818614355500,2358,1827,2073,1905,4031,1968
4920818614678700,2357,1832,2077,1904,4034,1971
4920818615011700,2356,1680,2075,1905,4052,1971
4920818615144000,2360,1827,2075,1906,4031,1968
4920818615279700,2359,1827,2075,1904,4030,1968
4920818615414600,2359,1827,2075,1904,4033,1970
4920818615518500,2358,1827,2073,1904,4028,2016
4920819138336100,2358,1827,2078,1906,4028,1966
4920819138729400,2357,1828,2074,1906,4029,1969
4920819139107600,2358,1828,2075,1904,4032,1969
4920819139492900,2356,1828,2075,1904,4034,1969
4920819139656600,2357,1827,2076,1904,4028,2003
4920819139806400,2357,1827,2074,1905,4028,1968
4920819140114600,2357,1828,2075,1906,4031,1969
4920819140190900,2358,1827,2075,1905,4032,1970
4920819140359300,2358,1828,2064,1905,4029,1972
4920819140522300,2357,1827,2075,1905,4031,1969
4920819140768300,2356,1828,2075,1906,4047,1970
4920819140850100,2357,1829,2074,1906,4033,1969
4920819140974500,2357,1832,2077,1904,4032,1970
4920819141028300,2357,1826,2074,1904,4031,1969
4920819141084700,2358,1828,2073,1905,4031,1970
4920819141142700,2358,1828,2075,1904,4032,1970
4920819141265800,2357,1828,2075,1905,4028,1969
4920819141511100,2358,1827,2075,1906,4031,1969
4920819141600100,2358,1825,2075,1905,4032,1969
4920819141668600,2364,1826,2074,1902,4034,1969
4920819141737800,2358,1827,2074,1906,4031,1968
4920819141819200,2358,1826,2084,1905,4031,1968
4920819142005400,2358,1828,2074,1907,4034,1969
4920819142069300,2357,1828,2074,1906,4034,1968
4920819142124300,2358,1827,2076,1904,4032,1969
4920819142178600,2357,1827,2074,1905,4031,1969
4920819142232900,2479,1828,2074,1902,4031,1969
4920819142417700,2356,1828,2074,1905,4032,1968
4920819142489900,2358,1827,2075,1905,4033,1968
4920819142544500,2357,1827,2074,1906,4032,1970
4920819142598500,2358,1828,2076,1904,4030,1969
4920819142653500,2357,1828,2074,1904,4031,1969
4920819142707800,2357,1828,2074,1904,4028,1969
4920819142761500,2357,1828,2074,1904,4028,2013
4920819142815000,2357,1827,2074,1904,4095,1969
4920819142869100,2355,1828,2074,1905,4033,1969
4920819142950000,2358,1826,2075,1906,4030,1969
4920819143018400,2357,1827,2075,1905,4029,1969
4920819143074400,2356,1828,2075,1906,4032,1968
4920819143124500,2359,1828,2075,1747,4032,1968
4920819143174100,2357,1828,2074,1904,4028,1968
4920819143226000,2356,1828,2074,1906,4024,1969
4920819143275800,2361,1828,2074,1904,4030,1968
4920819143388600,2357,1826,2049,1904,4032,1969
4920819143456300,2358,1827,2075,1906,4029,1968
4920819143642500,2360,1828,2074,1904,4033,1969
4920819143867000,2358,1827,2074,1906,4031,1969
4920819144181000,2357,1827,2074,1904,4033,1969
4920819144258000,2354,1828,2074,1905,4032,1968
4920819144565300,2358,1827,2075,1905,4033,1971
4920819144667100,2357,1826,2075,1904,4048,1969
4920819144754000,2356,1828,2074,1904,4032,1969
4920819144821000,2357,1826,2076,1905,4033,1968
4920819145118200,2358,1828,2075,1904,4031,1969
4920819145350800,2357,1828,2074,1904,4030,1969
4920819145434300,2356,1827,2075,1904,4032,1969
4920819145726300,2357,1827,2073,1905,4030,1968
4920819146043000,2357,1830,2075,1905,4029,2032
4920819146265100,2356,1680,2075,1904,4054,1969
4920819146361200,2361,1827,2076,1903,4032,1968
4920819146557300,2356,1828,2074,1906,4028,1968
4920819146642100,2357,1828,2074,1905,4043,1969
4920819146833700,2357,1827,2076,1905,4032,2016
4920819146916000,2358,1828,2078,1906,4032,1968
4920819147100300,2358,1827,2074,1906,4031,1968
4920819147221400,2357,1829,2074,1906,4029,1971
4920819147280300,2360,1827,2073,1904,4033,1968
4920819147353300,2356,1828,2076,1905,4032,2004
4920819147606500,2357,1826,2075,1906,4029,1969
4920819147684400,2359,1828,2075,1905,4032,1968
4920819147923300,2356,1826,2075,1905,4026,1968
4920819147994200,2358,1827,2067,1906,4027,1972
4920819148079400,2357,1828,2075,1905,4029,1969
4920819148222000,2358,1826,2075,1905,4048,1970
4920819148434100,2356,1826,2074,1906,4028,1969
4920819148543200,2356,1828,2076,1904,4029,1968
4920819148643200,2355,1826,2075,1905,4030,1969
4920819148744100,2358,1828,2073,1906,4031,1968
4920819148876700,2358,1827,2076,1905,4032,1969
4920819149010200,2358,1828,2075,1903,4028,1968
4920819149135000,2356,1827,2075,1906,4032,1969
4920819149402100,2356,1830,2075,1906,4027,1938
4920819149531100,2364,1828,2073,1905,4026,1970
4920819149620900,2357,1827,2074,1905,4036,1969
4920819149689100,2357,1826,2083,1905,4031,1968
4920819149773700,2357,1827,2074,1906,4034,1968
4920819149868200,2357,1828,2075,1905,4029,1969
4920819149953400,2357,1826,2076,1905,4032,1969
4920819150018700,2357,1827,2074,1906,4031,1969
4920819150080400,2479,1827,2075,1903,4031,1969
4920819150142700,2356,1827,2074,1905,4029,1969
4920819150204000,2357,1829,2075,1904,4030,1968
4920819150262200,2357,1827,2075,1905,4029,1968
4920819150368900,2357,1827,2074,1904,4032,1969
4920819150449800,2357,1828,2074,1905,4033,1968
4920819150520200,2357,1828,2075,1905,4032,1969
4920819150604300,2357,1827,2075,1904,4029,2012
4920819150682600,2357,1828,2073,1904,4095,1969
4920819150745200,2357,1828,2074,1905,4032,1969
4920819150808500,2356,1828,2074,1905,4028,1968
4920819150866500,2356,1828,2075,1905,4028,1969
4920819150966100,2358,1828,2075,1905,4032,1969
4920819151038600,2357,1828,2074,1748,4029,1968
4920819151100600,2357,1827,2074,1904,4032,1968
4920819151158500,2356,1828,2075,1902,4024,1969
4920819151216300,2361,1826,2073,1904,4032,1970
4920819151276300,2358,1827,2052,1905,4029,1969
4920819151333100,2358,1828,2074,1916,4031,1967
4920819151390800,2358,1829,2073,1904,4040,1969
4920819151448400,2358,1828,2074,1905,4030,1970
4920819151520000,2358,1828,2076,1905,4031,1968
4920819151587000,2358,1827,2074,1904,4032,1968
4920819151645700,2358,1828,2074,1904,4032,1970
4920819151705000,2356,1828,2075,1904,4050,1969
4920819151766000,2358,1828,2075,1904,4036,1968
4920819151824600,2358,1826,2076,1905,4030,1968
4920819151883700,2358,1828,2074,1904,4048,1969
4920819152048200,2358,1828,2074,1905,4028,1967
4920819152109800,2356,1827,2075,1904,4030,1968
4920819152172500,2358,1827,2073,1906,4035,1968
4920819152228900,2357,1834,2075,1905,4032,1970
4920819152285100,2357,1681,2075,1904,4054,1969
4920819152360900,2361,1827,2075,1905,4032,1968
4920819152429000,2357,1827,2074,1905,4028,1969
4920819152492100,2357,1828,2075,1904,4033,1969
4920819152552900,2357,1827,2076,1905,4029,2016
4920819152614500,2356,1828,2078,1909,4031,1966
4920819152677400,2357,1827,2074,1906,4031,1968
4920819152746200,2358,1826,2075,1906,4028,1970
4920819152812000,2358,1827,2073,1905,4030,1969
4920819152873000,2356,1828,2075,1905,4032,2004
4920819152929500,2358,1827,2074,1906,4029,1969
4920819152988300,2357,1827,2074,1906,4034,1970
4920819153046000,2357,1827,2075,1905,4026,1969
4920819153204600,2358,1828,2066,1905,4030,1971
4920819153313600,2358,1828,2074,1905,4032,1968
4920819153430800,2356,1827,2076,1905,4050,1970
4920819153511200,2356,1827,2074,1907,4031,1969
4920819153608900,2358,1828,2076,1904,4029,1970
4920819153687400,2357,1826,2074,1905,4027,1970
4920819153746700,2358,1826,2075,1905,4033,1968
4920819153832400,2357,1829,2074,1906,4028,1969
4920819153905600,2359,1828,2075,1904,4032,1968
4920819153979500,2357,1827,2074,1907,4033,1968
4920819154084500,2356,1834,2075,1905,4028,2000
4920819154145600,2368,1828,2073,1903,4030,1969
4920819154205800,2358,1827,2074,1905,4033,1969
4920819154295600,2358,1827,2084,1905,4031,1969
4920819154360800,2357,1827,2075,1905,4033,1968
4920819154456600,2357,1828,2075,1904,4032,1969
4920819154535200,2358,1827,2076,1905,4032,1969
4920819154630700,2357,1826,2075,1905,4031,1968
4920819154764600,2479,1828,2075,1904,4030,1969
4920819154836000,2357,1828,2074,1906,4028,1968
4920819155179000,2356,1829,2074,1905,4032,1969
4920819155357300,2358,1827,2075,1905,4032,1970
4920819155450300,2357,1827,2076,1905,4028,1969
4920819155566400,2357,1827,2074,1904,4031,1968
4920819155660400,2357,1826,2075,1905,4028,1969
4920819155760200,2358,1827,2075,1904,4029,2013
4920819155826000,2357,1827,2073,1904,4095,1970
4920819155890300,2356,1828,2075,1905,4033,1968
4920819156032600,2358,1828,2074,1905,4032,1969
4920819156095800,2356,1827,2076,1905,4029,1970
4920819156177100,2358,1828,2076,1906,4033,1969
4920819156247200,2357,1828,2074,1747,4034,1968
4920819156304900,2357,1828,2075,1903,4032,1967
4920819156367000,2357,1828,2075,1905,4022,1968
4920819156423900,2361,1827,2074,1904,4032,1969
4920819156487100,2357,1826,2053,1907,4029,1968
4920819156547400,2357,1827,2074,1904,4032,1969
4920819156606300,2356,1828,2075,1904,4045,1970
4920819156670500,2358,1828,2076,1905,4028,1968
4920819156732000,2358,1827,2076,1905,4031,1968
4920819156793100,2358,1828,2074,1904,4032,1968
4920819156851800,2358,1828,2075,1904,4029,1971
4920819156907500,2356,1828,2074,1905,4050,1969
4920819156973000,2356,1828,2075,1905,4030,1968
4920819157036300,2355,1827,2075,1905,4030,1968
4920819157097600,2357,1828,2074,1904,4050,1969
4920819157154200,2357,1828,2076,1907,4029,1970
4920819157211300,2356,1826,2075,1904,4029,1968
4920819157289400,2357,1827,2073,1905,4033,1968
4920819157348400,2357,1838,2075,1902,4032,1969
4920819157406400,2356,1681,2074,1905,4056,1969
4920819157468400,2361,1827,2075,1906,4028,1969
4920819157527100,2357,1828,2074,1904,4030,1969
4920819157589500,2357,1828,2074,1905,4044,1969
4920819157654900,2356,1827,2075,1905,4030,2016
4920819157709900,2357,1828,2078,1906,4028,1964
4920819157768400,2357,1827,2074,1907,4033,1968
4920819157835400,2357,1829,2075,1904,4030,1970
4920819157896200,2357,1828,2074,1904,4028,1969
4920819158045300,2355,1828,2075,1904,4032,2003
4920819158105300,2358,1827,2074,1906,4029,1969
4920819158160200,2357,1828,2075,1904,4031,1970
4920819158214000,2358,1828,2075,1904,4030,1970
4920819158301200,2358,1827,2070,1905,4032,1972
4920819158390100,2358,1826,2075,1902,4028,1969
4920819158508600,2355,1828,2075,1904,4059,1969
4920819158592900,2358,1827,2074,1908,4031,1969
4920819158679300,2358,1828,2076,1903,4029,1969
4920819158745700,2358,1826,2075,1903,4032,1969
4920819158828700,2359,1828,2073,1905,4031,1969
4920819158898700,2357,1827,2075,1904,4032,1970
4920819158955900,2358,1828,2076,1905,4029,1968
4920819159045100,2358,1826,2076,1906,4031,1968
4920819159266200,2358,1850,2077,1906,4032,1969
4920819159364200,2374,1827,2074,1904,4030,1967
4920819159480000,2357,1827,2073,1906,4031,1968
4920819159564900,2358,1826,2086,1905,4029,1968
4920819159638600,2357,1827,2074,1906,4035,1970
4920819159739600,2357,1828,2075,1904,4033,1968
4920819159830500,2358,1827,2076,1904,4032,1969
4920819159891600,2358,1828,2076,1905,4033,1969
4920819159966100,2478,1827,2075,1902,4028,1969
4920819160031000,2357,1828,2076,1906,4031,1968
4920819160090100,2356,1829,2075,1905,4032,1967
4920819160165500,2356,1827,2075,1906,4032,1970
4920819160227100,2356,1828,2074,1904,4033,1969
4920819160287900,2357,1827,2075,1905,4029,1969
4920819160346900,2357,1826,2075,1906,4034,1969
4920819160405500,2357,1828,2075,1904,4028,2012
4920819160476400,2357,1828,2074,1904,4095,1968
4920819160544300,2357,1828,2076,1906,4031,1968
4920819160621100,2358,1828,2074,1904,4030,1968
4920819160701200,2357,1828,2076,1905,4028,1969
4920819160762700,2358,1828,2075,1904,4036,1968
4920819160821800,2360,1827,2075,1748,4032,1969
4920819160880800,2357,1827,2074,1904,4030,1968
4920819160947000,2357,1832,2075,1904,4024,1970
4920819161010900,2361,1825,2074,1904,4033,1968
4920819161074900,2357,1826,2054,1906,4031,1968
4920819161137000,2357,1827,2075,1905,4030,1968
4920819161198800,2358,1828,2074,1904,4031,1970
4920819161269900,2358,1827,2078,1906,4029,1968
4920819161333000,2356,1828,2075,1906,4031,1968
4920819161390900,2358,1828,2074,1904,4032,1969
4920819161453000,2357,1827,2075,1904,4032,1971
4920819161513800,2356,1828,2075,1905,4060,1968
4920819161572000,2356,1829,2075,1905,4030,1969
4920819161629200,2357,1826,2076,1905,4030,1969
4920819161755300,2357,1827,2075,1904,4031,1970
4920819161859500,2356,1828,2080,1907,4027,1969
4920819161937400,2357,1828,2076,1904,4029,1970
4920819162041500,2357,1829,2073,1905,4034,1968
4920819162152600,2358,1847,2076,1905,4032,1970
4920819162291700,2357,1681,2075,1904,4064,1968
4920819162387400,2361,1827,2076,1904,4034,1968
4920819162489000,2358,1828,2074,1904,4028,1968
4920819162588900,2356,1827,2075,1905,4032,1969
4920819162671200,2358,1828,2076,1905,4028,2022
4920819162779900,2358,1828,2081,1906,4032,1965
4920819162889800,2358,1827,2074,1908,4031,1969
4920819162968400,2357,1828,2075,1905,4032,1969
4920819163070800,2360,1826,2074,1904,4033,1969
4920819163172100,2357,1828,2075,1905,4036,2010
4920819163311200,2358,1827,2074,1906,4028,1969
4920819163386300,2357,1828,2075,1905,4031,1968
4920819163451100,2357,1828,2074,1905,4029,1969
4920819163520500,2357,1827,2072,1906,4027,1974
4920819163596700,2356,1826,2074,1907,4030,1969
4920819163665900,2356,1827,2075,1905,4080,1970
4920819163729800,2356,1827,2074,1910,4033,1969
4920819163806400,2357,1832,2076,1905,4032,1969
4920819163879700,2358,1826,2074,1904,4032,1970
4920819163960500,2358,1824,2074,1908,4030,1969
4920819164085800,2357,1828,2075,1904,4032,1970
4920819164166500,2358,1829,2075,1904,4029,1969
4920819164234400,2357,1826,2076,1907,4036,1969
4920819164312000,2357,1873,2075,1905,4032,1970
4920819164376100,2385,1828,2073,1904,4028,1967
4920819164433500,2358,1827,2074,1906,4032,1969
4920819164514900,2359,1826,2089,1905,4033,1968
4920819164588000,2357,1827,2075,1906,4034,1968
4920819164669800,2356,1828,2074,1907,4033,1969
4920819164721100,2356,1827,2076,1906,4032,1969
4920819164773500,2357,1826,2076,1906,4031,1969
4920819164820900,2475,1827,2074,1906,4031,1970
4920819164873300,2356,1828,2076,1905,4031,1968
4920819164926400,2357,1829,2074,1906,4030,1959
4920819164977300,2358,1828,2075,1905,4032,1970
4920819165042200,2357,1827,2074,1903,4032,1969
4920819707277300,2358,1827,2074,1906,4030,1969
4920819707675800,2358,1827,2075,1906,4038,1969
4920819707938700,2359,1826,2075,1904,4029,2016
4920819708004800,2357,1828,2074,1904,4095,1969
4920819708087100,2356,1826,2075,1905,4031,1968
4920819708590500,2360,1829,2074,1906,4029,1968
4920819708723000,2357,1827,2075,1905,4028,1969
4920819708813800,2358,1828,2075,1906,4033,1969
4920819709080700,2358,1827,2076,1749,4031,1967
4920819709161400,2356,1828,2074,1904,4030,1970
4920819709225700,2359,1834,2075,1904,4024,1969
4920819709407700,2361,1828,2074,1904,4032,1969
4920819709511900,2357,1828,2055,1904,4033,1969
4920819709846400,2358,1827,2075,1906,4030,1968
4920819710083200,2358,1827,2074,1904,4035,1970
4920819710198600,2357,1828,2080,1906,4028,1969
4920819710642700,2358,1827,2076,1905,4029,1968
4920819710946800,2356,1828,2074,1905,4032,1969
4920819711041100,2359,1829,2075,1905,4029,1971
4920819711347900,2356,1828,2074,1904,4070,1969
4920819711415900,2357,1827,2075,1905,4033,1969
4920819711923200,2357,1827,2076,1905,4032,1968
4920819712029900,2358,1828,2074,1904,4066,1970
4920819712391800,2357,1828,2082,1905,4030,1969
4920819712816700,2358,1826,2075,1904,4030,1969
4920819713093500,2356,1827,2073,1904,4031,1968
4920819713322000,2357,1852,2076,1905,4032,1970
4920819713645100,2356,1680,2075,1905,4068,1969
4920819713727700,2361,1827,2075,1906,4032,1968
4920819713919700,2356,1827,2074,1907,4029,1969
4920819714197600,2358,1828,2075,1904,4033,1969
4920819714276500,2359,1828,2076,1905,4030,2026
4920819714346600,2358,1826,2084,1907,4028,1965
4920819714625400,2358,1827,2074,1906,4030,1969
4920819714772100,2356,1828,2075,1904,4030,1970
4920819715317000,2360,1828,2074,1904,4032,1969
4920819715649200,2357,1827,2074,1905,4032,2014
4920819715757800,2358,1826,2074,1906,4031,1968
4920819715894400,2357,1827,2074,1905,4044,1969
4920819715947000,2358,1829,2075,1905,4028,1970
4920819716398700,2356,1829,2073,1905,4032,1974
4920819716512500,2357,1827,2074,1905,4029,1969
4920819716815600,2355,1828,2074,1905,4080,1969
4920819717143800,2357,1827,2074,1912,4030,1969
4920819717444900,2356,1828,2076,1904,4032,1969
4920819717647900,2356,1826,2074,1904,4032,1970
4920819717762400,2357,1828,2073,1905,4029,1968
4920819717866800,2357,1827,2075,1904,4032,1969
4920819717935000,2357,1827,2076,1904,4032,1968
4920819718245100,2357,1826,2076,1907,4029,1968
4920819718328100,2356,1869,2075,1906,4032,1969
4920819718430100,2382,1828,2074,1901,4031,1967
4920819718710100,2357,1827,2073,1907,4033,1969
4920819718774500,2355,1826,2094,1905,4031,1968
4920819718849200,2357,1827,2074,1906,4032,1969
4920819718907200,2357,1828,2074,1908,4034,1968
4920819719115700,2357,1827,2076,1904,4032,1970
4920819719177300,2357,1827,2076,1906,4027,1969
4920819719444300,2474,1828,2074,1906,4031,1969
4920819719534000,2356,1828,2076,1905,4031,1969
4920819719608600,2357,1828,2075,1906,4033,1966
4920819719677400,2356,1829,2075,1905,4033,1969
4920819719730900,2356,1828,2074,1904,4032,1970
4920819719782900,2357,1828,2074,1905,4029,1969
4920819719835800,2358,1826,2074,1905,4028,1969
4920819719888800,2358,1826,2076,1905,4029,2017
4920819719944600,2358,1828,2074,1904,4095,1969
4920819720001000,2357,1827,2076,1906,4031,1968
4920819720058400,2358,1827,2074,1907,4028,1969
4920819720114900,2359,1827,2077,1905,4032,1968
4920819720186000,2357,1828,2075,1906,4032,1969
4920819720245700,2357,1829,2076,1748,4034,1968
4920819720300900,2359,1827,2074,1904,4032,1968
4920819720362200,2358,1833,2075,1905,4022,1969
4920819720412400,2362,1828,2074,1905,4032,1968
4920819720463200,2356,1828,2057,1904,4032,1969
4920819720514200,2356,1828,2076,1920,4031,1968
4920819720567000,2358,1827,2073,1904,4066,1969
4920819720616700,2357,1827,2080,1906,4032,1970
4920819720666300,2357,1828,2074,1905,4031,1969
4920819720719600,2356,1828,2075,1904,4034,1969
4920819720880600,2357,1828,2074,1904,4033,1971
4920819721146800,2356,1827,2075,1904,4072,1968
4920819721219100,2358,1828,2075,1904,4032,1969
4920819721275400,2356,1826,2076,1906,4027,1968
4920819721329900,2357,1827,2075,1905,4031,1967
4920819721375900,2358,1828,2082,1906,4032,1968
4920819721421600,2357,1827,2075,1905,4030,1970
4920819721467800,2357,1828,2073,1905,4031,1968
4920819721515500,2357,1849,2075,1904,4032,1970
4920819721571100,2358,1680,2075,1905,4069,1969
4920819721624500,2362,1827,2075,1906,4031,1968
4920819721673100,2358,1828,2074,1905,4030,1968
4920819721745300,2358,1828,2075,1906,4029,1969
4920819721798900,2356,1828,2076,1904,4032,2031
4920819721852200,2357,1827,2083,1907,4032,1966
4920819721911600,2358,1826,2074,1905,4029,1970
4920819721958900,2358,1828,2075,1906,4029,1970
4920819722009900,2361,1828,2074,1905,4029,1969
4920819722065700,2357,1828,2076,1904,4034,2016
4920819722119800,2358,1826,2074,1906,4029,1969
4920819722413900,2357,1827,2074,1905,4048,1968
4920819722512300,2357,1827,2074,1906,4032,1969
4920819722579400,2357,1830,2072,1905,4032,1974
4920819722719600,2358,1827,2075,1905,4030,1969
4920819722907200,2357,1828,2076,1906,4091,1970
4920819723034700,2356,1827,2074,1910,4034,1969
4920819723106700,2358,1828,2075,1903,4026,1969
4920819723175000,2358,1826,2073,1905,4030,1970
4920819723359600,2358,1827,2075,1906,4029,1969
4920819723485600,2357,1828,2075,1904,4032,1969
4920819723576300,2358,1828,2075,1905,4032,1969
4920819723712300,2358,1827,2075,1906,4029,1969
4920819723837800,2356,1878,2075,1906,4032,1969
4920819723969100,2388,1828,2073,1904,4030,1967
4920819724108700,2358,1828,2074,1906,4034,1968
4920819724314600,2357,1827,2096,1905,4032,1968
4920819724418500,2359,1827,2074,1906,4032,1969
4920819724527300,2358,1828,2075,1907,4035,1969
4920819724635000,2357,1826,2075,1905,4042,1969
4920819724755900,2358,1828,2078,1906,4033,1970
4920819724879500,2475,1828,2075,1907,4033,1969
4920819725043000,2356,1828,2076,1906,4029,1968
4920819725107800,2357,1828,2075,1906,4030,1968
4920819725177800,2357,1828,2075,1905,4033,1969
4920819725244700,2358,1828,2074,1904,4030,1970
4920819725303800,2358,1827,2074,1905,4028,1969
4920819725368900,2358,1827,2075,1904,4032,1969
4920819725444500,2356,1828,2075,1905,4032,2018
4920819725512300,2358,1828,2073,1904,4095,1968
4920819725569500,2357,1828,2075,1904,4032,1968
4920819725631300,2357,1828,2074,1906,4034,1968
4920819725711400,2357,1828,2076,1905,4032,1970
4920819725776800,2357,1827,2075,1906,4032,1969
4920819725832600,2356,1828,2076,1748,4029,1969
4920819725889400,2356,1827,2073,1904,4032,1968
4920819725945200,2359,1836,2075,1905,4022,1968
4920819726002200,2363,1828,2074,1905,4032,1969
4920819726244300,2356,1828,2053,1905,4032,1969
4920819726323400,2358,1827,2076,1905,4030,1968
4920819726380700,2356,1828,2075,1904,4072,1969
4920819726435600,2357,1827,2082,1905,4028,1968
4920819726488300,2358,1827,2076,1905,4031,1968
4920819726600900,2359,1828,2075,1904,4028,1969
4920819726666100,2358,1827,2075,1905,4029,1971
4920819726724000,2356,1828,2075,1905,4070,1969
4920819726786500,2357,1828,2075,1905,4032,1970
4920819726853400,2358,1827,2076,1905,4030,1968
4920819726913200,2358,1828,2075,1904,4034,1970
4920819726982200,2358,1828,2083,1905,4030,1969
4920819727040800,2357,1827,2075,1904,4030,1969
4920819727092500,2356,1827,2073,1905,4029,1969
4920819727232300,2358,1852,2077,1904,4034,1972
4920819727349700,2358,1681,2075,1904,4074,1969
4920819727740400,2362,1827,2075,1905,4032,1969
4920819727955900,2358,1827,2074,1904,4035,1968
4920819728028300,2357,1828,2075,1904,4029,1969
4920819728087300,2358,1828,2075,1905,4029,2032
4920819728203300,2357,1826,2086,1907,4030,1966
4920819728310600,2357,1827,2074,1905,4029,1969
4920819728399500,2358,1827,2073,1905,4028,1969
4920819728463900,2362,1828,2074,1905,4032,1968
4920819728523100,2357,1828,2075,1905,4034,2020
4920819728604100,2359,1827,2074,1905,4029,1969
4920819728675300,2357,1827,2074,1906,4048,1969
4920819728745900,2357,1828,2074,1904,4030,1969
4920819728839600,2357,1827,2074,1906,4030,1974
4920819728904100,2356,1827,2075,1904,4028,1969
4920819729012600,2355,1828,2074,1905,4094,1971
4920819729085700,2356,1827,2074,1912,4031,1969
4920819729142200,2358,1827,2076,1904,4028,1969
4920819729197000,2357,1827,2075,1904,4030,1969
4920819729251700,2356,1827,2075,1906,4029,1969
4920819729306400,2357,1828,2075,1905,4028,1971
4920819729399200,2357,1828,2073,1904,4032,1969
4920819729479100,2357,1827,2076,1907,4029,1969
4920819729637000,2358,1877,2075,1905,4032,1969
4920819729695400,2392,1827,2074,1904,4029,1967
4920819729784400,2357,1827,2074,1907,4033,1969
4920819729867900,2358,1827,2097,1905,4029,1969
4920819729954000,2357,1827,2076,1906,4033,1968
4920819730067500,2358,1828,2075,1907,4033,1967
4920819730150600,2359,1828,2076,1904,4029,1969
4920819730230100,2357,1827,2077,1905,4027,1969
4920819730328400,2475,1828,2075,1906,4033,1969
4920819730406000,2357,1826,2078,1906,4033,1967
4920819730487900,2356,1829,2075,1904,4032,1968
4920819730820000,2356,1828,2075,1905,4033,1970
4920819730911000,2357,1828,2074,1905,4030,1968
4920819730969200,2357,1827,2074,1905,4029,1969
4920819731026300,2357,1828,2075,1905,4032,1969
4920819731163000,2358,1827,2075,1904,4032,2018
4920819731230800,2359,1828,2074,1904,4095,1969
4920819731285200,2357,1826,2076,1905,4030,1969
4920819731336700,2356,1828,2074,1905,4030,1969
4920819731390100,2357,1828,2076,1905,4030,1969
4920819731619600,2357,1829,2075,1906,4032,1969
4920819731698200,2358,1827,2076,1749,4032,1969
4920819731756100,2357,1828,2074,1904,4029,1967
4920819731811000,2358,1835,2074,1904,4024,1969
4920819731861800,2363,1828,2074,1904,4031,1969
4920819731916100,2356,1826,2056,1905,4029,1968
4920819731967000,2357,1827,2076,1905,4032,1968
4920819732018400,2358,1826,2075,1904,4062,1969
4920819732073500,2357,1827,2082,1906,4030,1969
4920819732128500,2358,1827,2076,1905,4033,1969
4920819732518900,2357,1829,2074,1904,4033,1969
4920819732645100,2357,1827,2075,1904,4028,1971
4920819732714000,2354,1828,2075,1905,4074,1969
4920819732769200,2356,1828,2075,1904,4033,1969
4920819732857300,2356,1826,2076,1904,4030,1968
4920819732917300,2358,1827,2075,1905,4031,1969
4920819732982800,2357,1827,2080,1906,4031,1970
4920819733055400,2358,1828,2075,1904,4031,1969
4920819733116100,2356,1828,2073,1905,4031,1969
4920819733186200,2355,1852,2075,1904,4028,1969
4920819733276400,2358,1681,2075,1904,4074,1969
4920819733353500,2362,1827,2075,1906,4033,1968
4920819733416300,2358,1828,2074,1905,4032,1969
4920819733502200,2357,1827,2075,1904,4029,1968
4920819733660500,2358,1828,2076,1904,4028,2035
4920819733720200,2357,1827,2084,1906,4032,1965
4920819734015100,2357,1827,2074,1907,4028,1969
4920819734082400,2358,1828,2074,1905,4032,1969
4920819734134100,2362,1828,2074,1905,4031,1969
4920819734185000,2355,1827,2075,1905,4034,2016
4920819734260100,2358,1828,2075,1905,4031,1969
4920819734328800,2357,1828,2075,1905,4029,1969
4920819734382000,2356,1829,2075,1905,4029,1969
4920819734697800,2358,1828,2071,1906,4030,1974
4920819734769800,2357,1827,2076,1906,4028,1968
4920819734875900,2357,1827,2075,1906,4089,1969
4920819734934100,2357,1826,2074,1910,4031,1967
4920819734994800,2356,1828,2076,1905,4028,1970
4920819735213700,2357,1827,2074,1904,4032,1970
4920819735297600,2358,1827,2075,1905,4033,1968
4920819735404700,2357,1828,2074,1905,4032,1970
4920819735577000,2359,1828,2075,1905,4032,1969
4920819735660300,2359,1828,2075,1907,4031,1968
4920819735724300,2357,1872,2076,1906,4028,2004
4920819735781500,2384,1828,2074,1904,4030,1967
4920819735949700,2357,1828,2074,1907,4032,1966
4920819736040100,2358,1826,2092,1905,4031,1968
4920819736098100,2358,1828,2075,1906,4030,1969
4920819736177600,2358,1828,2074,1908,4035,1969
4920819736281100,2358,1825,2076,1905,4040,1969
4920819736390500,2358,1827,2077,1905,4027,1968
4920819736572000,2474,1828,2076,1905,4033,1968
4920819736657600,2355,1828,2075,1905,4028,1968
4920819736741800,2358,1827,2075,1904,4032,1968
4920819736805800,2357,1828,2075,1905,4032,1969
4920819736924400,2357,1827,2074,1905,4030,1969
4920819737010100,2357,1828,2074,1905,4032,1968
4920819737083200,2357,1828,2075,1904,4032,1969
4920819737204600,2358,1828,2075,1904,4030,2014
4920819737288900,2357,1827,2073,1904,4095,1968
4920819737392100,2357,1826,2075,1907,4035,1968
4920819737495200,2358,1827,2074,1906,4030,1968
4920819737574300,2357,1828,2077,1905,4030,1969
4920819737657000,2357,1828,2075,1907,4029,1968
4920819737728300,2358,1828,2075,1746,4031,1969
4920819737796600,2358,1828,2075,1904,4030,1968
4920819737875500,2357,1832,2074,1906,4024,1969
4920819737943300,2362,1827,2074,1904,4032,1969
4920819738009600,2358,1827,2054,1903,4029,1969
4920819738069100,2356,1827,2074,1905,4032,1968
4920819738171500,2358,1827,2074,1904,4031,1970
4920819738253400,2357,1827,2078,1906,4027,1969
4920819738338500,2357,1827,2076,1904,4035,1969
4920819738658600,2358,1829,2074,1904,4032,1969
4920819739070800,2357,1828,2075,1904,4032,1971
4920819739211800,2356,1828,2075,1905,4058,1969
4920819739329400,2358,1828,2075,1904,4034,1968
4920819739416200,2356,1827,2075,1906,4027,1969
4920819739478900,2356,1827,2075,1905,4034,1969
4920819739539900,2357,1827,2077,1905,4030,1969
4920819739644700,2357,1828,2075,1904,4032,1969
4920819739724000,2356,1829,2073,1905,4033,1968
4920819739788600,2356,1848,2075,1904,4033,2113
4920819739853400,2357,1680,2075,1904,4066,1969
4920819739936200,2362,1826,2076,1905,4032,1968
4920819740043400,2357,1828,2074,1906,4028,1969
4920819740133300,2357,1827,2075,1905,4031,1967
4920819740203700,2357,1829,2076,1905,4029,2020
4920820275091800,2358,1828,2080,1907,4028,1966
4920820275596900,2356,1827,2074,1905,4027,1968
4920820276009500,2358,1828,2075,1905,4032,1970
4920820276502100,2360,1828,2074,1905,4029,1969
4920820277018000,2357,1828,2075,1904,4035,2004
4920820277451200,2360,1826,2074,1904,4033,1969
4920820277913700,2357,1827,2074,1906,4038,1969
4920820278363500,2355,1828,2075,1905,4030,1969
4920820278694300,2357,1828,2070,1906,4032,1973
4920820278980400,2357,1827,2075,1904,4028,1968
4920820279339600,2355,1827,2074,1906,4074,1971
4920820279587000,2356,1827,2074,1910,4031,1969
4920820279773100,2357,1831,2076,1906,4029,1968
4920820280073100,2356,1825,2075,1905,4029,1969
4920820280404700,2357,1828,2074,1904,4031,1969
4920820280567900,2357,1827,2075,1904,4032,1969
4920820280777500,2357,1828,2076,1905,4032,1969
4920820281070900,2356,1827,2074,1906,4029,1969
4920820281335100,2358,1862,2076,1906,4028,2003
4920820281620000,2380,1827,2074,1905,4030,1969
4920820281834500,2358,1828,2074,1906,4035,1968
4920820282248900,2358,1826,2089,1905,4030,1969
4920820282348600,2357,1828,2074,1907,4034,1970
4920820282486700,2358,1829,2074,1908,4031,1968
4920820282780400,2357,1827,2076,1905,4037,1969
4920820283032300,2358,1828,2076,1904,4031,1969
4920820283162400,2476,1827,2074,1903,4034,1967
4920820283503700,2356,1828,2076,1905,4031,1968
4920820283761700,2358,1827,2075,1906,4032,1969
4920820284025700,2356,1828,2075,1906,4031,1969
4920820284128400,2357,1829,2076,1905,4030,1967
4920820284205500,2357,1828,2074,1905,4029,1969
4920820284410000,2358,1827,2075,1905,4032,1969
4920820284499800,2358,1828,2075,1904,4029,2012
4920820284566100,2358,1828,2075,1904,4095,1969
4920820284627400,2357,1827,2075,1905,4032,1969
4920820284687800,2357,1828,2074,1904,4030,1968
4920820284775000,2358,1827,2077,1905,4027,1970
4920820284832700,2357,1829,2075,1906,4029,1969
4920820284890600,2357,1827,2075,1748,4032,1968
4920820284948400,2357,1828,2075,1903,4030,1968
4920820285007900,2358,1832,2075,1904,4021,1970
4920820285076800,2362,1828,2074,1904,4032,1968
4920820285142600,2356,1826,2055,1906,4031,1968
4920820285288600,2357,1827,2075,1906,4032,1968
4920820285389600,2359,1828,2074,1904,4035,1970
4920820285524900,2357,1828,2080,1905,4032,1968
4920820285656300,2357,1828,2076,1905,4033,1968
4920820285770200,2358,1828,2074,1904,4032,1969
4920820285876200,2357,1827,2075,1904,4032,1970
4920820286056300,2356,1828,2075,1906,4062,1969
4920820286164200,2356,1828,2075,1904,4034,1969
4920820286290200,2356,1827,2076,1906,4030,1968
4920820286423800,2358,1827,2075,1907,4030,1969
4920820286542400,2358,1828,2080,1906,4029,1969
4920820286634300,2357,1827,2075,1904,4027,1969
4920820286720800,2356,1828,2073,1905,4034,1969
4920820286817400,2356,1846,2075,1904,4032,1970
4920820286896000,2358,1681,2075,1904,4066,1969
4920820287008100,2360,1827,2075,1905,4032,1969
4920820287102300,2357,1827,2074,1906,4028,1968
4920820287367800,2357,1828,2074,1906,4057,1969
4920820287480600,2358,1828,2076,1905,4032,2020
4920820287675800,2358,1829,2080,1906,4028,1965
4920820287757400,2358,1828,2074,1906,4030,1968
4920820288034400,2357,1827,2075,1905,4031,1970
4920820288314400,2360,1827,2074,1905,4028,1969
4920820288460300,2356,1828,2076,1904,4032,2003
4920820288544500,2358,1827,2073,1906,4033,1968
4920820288823600,2357,1828,2075,1905,4031,1969
4920820288915500,2357,1829,2074,1906,4030,1969
4920820288991100,2356,1828,2074,1906,4027,1972
4920820289054700,2357,1827,2075,1904,4032,1968
4920820289117400,2356,1827,2075,1905,4075,1970
4920820289173900,2356,1828,2074,1910,4028,1969
4920820289248000,2357,1832,2076,1904,4030,1970
4920820289313500,2357,1826,2075,1905,4031,1970
4920820289373700,2355,1828,2074,1906,4031,1968
4920820289442700,2357,1827,2075,1905,4032,1970
4920820289506600,2358,1828,2076,1906,4033,1968
4920820289572500,2358,1826,2076,1907,4029,1969
4920820289637000,2356,1860,2075,1905,4036,2002
4920820289821400,2377,1828,2074,1902,4028,1967
4920820289882000,2358,1828,2074,1906,4031,1968
4920820289941600,2357,1826,2089,1905,4032,1969
4920820290101800,2358,1827,2074,1907,4033,1969
4920820290176900,2357,1828,2074,1906,4033,1969
4920820290245700,2359,1827,2077,1905,4036,1970
4920820290313400,2357,1827,2076,1905,4027,1969
4920820290778300,2475,1827,2075,1905,4030,1967
4920820291084600,2356,1828,2075,1906,4028,1968
4920820291194100,2358,1827,2075,1906,4030,1968
4920820291264900,2358,1827,2075,1905,4034,1968
4920820291324500,2357,1828,2075,1904,4032,1969
4920820291383000,2357,1828,2074,1904,4029,1969
4920820291648000,2358,1827,2075,1905,4032,1969
4920820291738100,2358,1829,2075,1905,4032,2012
4920820291909500,2357,1828,2074,1905,4095,1969
4920820292178600,2356,1828,2076,1906,4031,1968
4920820292306100,2357,1828,2074,1904,4032,1968
4920820292398900,2357,1828,2075,1905,4029,1969
4920820292466000,2358,1828,2075,1905,4032,1969
4920820292539100,2358,1827,2076,1748,4031,1968
4920820292619700,2357,1828,2074,1904,4032,1968
4920820292686000,2357,1834,2075,1905,4026,1969
4920820292754000,2361,1828,2074,1904,4030,1968
4920820292821100,2356,1827,2054,1905,4032,1969
4920820292928300,2356,1828,2074,1922,4031,1968
4920820293060900,2358,1828,2076,1905,4030,1968
4920820293173700,2356,1828,2080,1905,4032,1969
4920820293287900,2358,1828,2076,1905,4032,1969
4920820293410400,2357,1828,2074,1904,4032,1969
4920820293530900,2357,1828,2075,1904,4033,1971
4920820293640200,2356,1827,2074,1904,4066,1969
4920820293716700,2358,1828,2074,1905,4032,1969
4920820293825600,2357,1827,2075,1905,4033,1968
4920820293923100,2357,1826,2075,1904,4031,1969
4920820294002500,2357,1828,2080,1906,4036,1968
4920820294099100,2359,1828,2075,1904,4030,1968
4920820294178300,2357,1827,2073,1905,4032,1969
4920820294249300,2357,1847,2075,1904,4033,2123
4920820294318300,2358,1680,2075,1905,4066,1968
4920820294405200,2362,1828,2076,1906,4028,1968
4920820294479300,2357,1828,2074,1906,4030,1968
4920820294568800,2357,1828,2074,1905,4060,1969
4920820294677200,2357,1828,2076,1905,4028,2024
4920820294777000,2357,1828,2082,1906,4029,1966
4920820294856600,2358,1828,2074,1905,4031,1969
4920820294925500,2357,1829,2075,1905,4032,1970
4920820294987800,2360,1827,2074,1904,4030,1969
4920820295067000,2356,1828,2076,1902,4033,2004
4920820295134000,2359,1826,2074,1906,4031,1969
4920820295343700,2356,1828,2075,1905,4031,1968
4920820295474200,2357,1828,2075,1907,4026,1969
4920820295572800,2357,1828,2072,1905,4032,1972
4920820295663400,2358,1828,2075,1905,4029,1968
4920820295737700,2356,1828,2075,1905,4081,1970
4920820295801900,2358,1825,2074,1910,4031,1969
4920820295897000,2358,1828,2077,1905,4028,1969
4920820295983500,2357,1827,2074,1904,4029,1969
4920820296070300,2358,1827,2074,1905,4031,1968
4920820296276300,2357,1828,2075,1904,4027,1970
4920820296385100,2356,1828,2076,1904,4028,1968
4920820296561500,2357,1827,2076,1907,4025,1969
4920820296672700,2356,1864,2076,1904,4032,1969
4920820296760100,2380,1828,2073,1904,4030,1967
4920820296834400,2358,1827,2074,1906,4034,1968
4920820296901200,2356,1827,2091,1906,4033,1969
4920820296978800,2358,1828,2074,1905,4033,1969
4920820297052400,2357,1829,2074,1909,4033,1968
4920820297120400,2358,1828,2075,1905,4036,1969
4920820297195900,2358,1827,2076,1905,4029,1968
4920820297265200,2476,1827,2075,1902,4030,1969
4920820297338300,2356,1827,2076,1905,4031,1968
4920820297411600,2358,1827,2074,1906,4034,1968
4920820297495100,2357,1828,2075,1905,4032,1969
4920820297562100,2358,1827,2074,1905,4032,1969
4920820297630100,2357,1828,2075,1905,4029,1968
4920820297691000,2358,1827,2075,1904,4032,1969
4920820297753000,2357,1827,2075,1904,4028,2014
4920820297813100,2358,1828,2073,1904,4095,1968
4920820297876900,2357,1828,2076,1906,4030,1969
4920820298077200,2358,1828,2074,1905,4032,1968
4920820298239900,2358,1827,2077,1905,4032,1969
4920820298356000,2356,1827,2074,1906,4034,1968
4920820298448400,2357,1827,2074,1748,4031,1968
4920820298541400,2358,1827,2074,1904,4032,1969
4920820298819500,2357,1834,2075,1905,4020,1970
4920820298910400,2361,1826,2074,1904,4030,1969
4920820298975900,2358,1827,2058,1905,4032,1968
4920820299193100,2357,1828,2074,1922,4032,1968
4920820299308700,2356,1828,2074,1904,4031,1969
4920820299423900,2357,1829,2081,1905,4030,1969
4920820299522000,2358,1827,2075,1905,4030,1968
4920820299634100,2358,1829,2073,1904,4032,1969
4920820299757600,2357,1829,2075,1904,4030,1970
4920820299885100,2356,1826,2075,1905,4062,1969
4920820299976400,2356,1827,2075,1904,4032,1969
4920820300098300,2355,1827,2076,1905,4029,1968
4920820300218200,2358,1827,2076,1905,4030,1969
4920820300364000,2357,1828,2080,1906,4031,1968
4920820300639700,2357,1828,2074,1903,4030,1969
4920820300728100,2357,1827,2073,1905,4032,1969
4920820300813600,2357,1847,2076,1905,4031,2118
4920820300919400,2358,1681,2075,1905,4064,1969
4920820301017100,2361,1826,2075,1904,4031,1969
4920820301135000,2358,1828,2074,1906,4030,1969
4920820301223900,2358,1828,2074,1904,4058,1970
4920820301308600,2359,1827,2076,1906,4028,2021
4920820301405100,2356,1827,2081,1906,4031,1966
4920820301498200,2358,1827,2074,1905,4031,1968
4920820301579300,2358,1828,2075,1904,4032,1970
4920820301649900,2360,1828,2073,1905,4032,1967
4920820301724200,2358,1827,2075,1904,4032,2005
4920820301839700,2359,1827,2074,1906,4031,1968
4920820301946300,2357,1828,2075,1905,4031,1970
4920820302050800,2358,1827,2075,1904,4032,1969
4920820302161100,2358,1828,2072,1906,4032,1974
4920820302249800,2359,1825,2075,1906,4029,1969
4920820302323300,2354,1827,2075,1905,4076,1969
4920820302407800,2356,1828,2074,1910,4030,1969
4920820302491700,2357,1833,2075,1905,4029,1968
4920820302564800,2358,1826,2074,1904,4029,1970
4920820302635400,2358,1828,2074,1906,4031,1968
4920820302703100,2357,1828,2075,1904,4032,1967
4920820302785600,2357,1827,2075,1905,4032,1968
4920820302871400,2357,1826,2076,1906,4029,1969
4920820303117800,2356,1864,2075,1906,4032,1969
4920820303218800,2382,1828,2074,1904,4032,1967
4920820303342500,2358,1828,2074,1906,4036,1968
4920820303418100,2357,1827,2089,1907,4030,1969
4920820303488800,2358,1827,2074,1905,4034,1969
4920820303557800,2357,1828,2075,1906,4031,1969
4920820303625100,2358,1827,2075,1905,4036,1970
4920820303688500,2357,1827,2076,1903,4031,1969
4920820303749500,2476,1827,2074,1904,4031,1969
4920820303812700,2356,1828,2074,1906,4029,1968
4920820303955200,2358,1828,2075,1905,4034,1968
4920820304023600,2358,1827,2076,1906,4032,1969
4920820304090800,2357,1827,2075,1904,4032,1968
4920820304180100,2357,1828,2075,1905,4032,1968
4920820304355300,2357,1828,2075,1904,4030,1970
4920820304460000,2358,1828,2075,1905,4032,2014
4920820304554500,2358,1826,2074,1904,4095,1969
4920820304632300,2356,1828,2076,1906,4029,1969
4920820304706900,2358,1827,2074,1905,4032,1969
4920820304788300,2357,1828,2075,1906,4032,1970
4920820304903000,2357,1828,2075,1906,4033,1969
4920820305006200,2359,1827,2076,1749,4031,1968
4920820305091700,2357,1828,2074,1905,4028,1968
4920820305181900,2357,1830,2074,1904,4025,1970
4920820305286000,2361,1826,2073,1904,4032,1970
4920820305403500,2356,1828,2055,1905,4030,1968
4920820305582800,2357,1829,2074,1920,4030,1968
4920820305860800,2358,1827,2074,1903,4034,1969
4920820305974700,2357,1828,2077,1905,4030,1969
4920820306091400,2357,1827,2076,1904,4031,1969
4920820306189400,2358,1828,2074,1904,4030,1969
4920820306303300,2358,1828,2074,1905,4028,1970
4920820306414200,2356,1827,2075,1905,4052,1969
4920820306526300,2356,1828,2075,1904,4032,1969
4920820306628100,2357,1827,2075,1905,4032,1969
4920820306698200,2357,1828,2075,1904,4031,1968
4920820306772800,2357,1827,2076,1906,4031,1970
4920820306871900,2358,1827,2076,1905,4032,1969
4920820306975100,2358,1827,2073,1905,4032,1968
4920820307054500,2356,1839,2075,1905,4030,1970
4920820307129000,2356,1680,2075,1906,4056,1968
4920820307199900,2361,1827,2075,1906,4032,1968
4920820307269200,2357,1828,2074,1906,4032,1969
4920820307341100,2359,1828,2074,1906,4047,1969
4920820307427900,2359,1828,2076,1905,4028,2015
4920820307543700,2356,1828,2078,1907,4030,1966
4920820307626700,2358,1827,2074,1905,4030,1969
4920820307697900,2358,1827,2075,1904,4033,1970
4920820307765800,2358,1828,2073,1904,4031,1969
4920820307883400,2356,1828,2076,1904,4032,2004
4920820307952700,2359,1828,2074,1906,4031,1969
4920820308018700,2359,1828,2075,1905,4031,1968
4920820308088000,2358,1827,2074,1905,4030,1969
4920820308155500,2358,1829,2070,1905,4029,1972
4920820308222800,2358,1826,2076,1906,4031,1969
4920820308299500,2356,1827,2075,1906,4056,1970
4920820308373400,2355,1827,2074,1907,4033,1969
4920820308446500,2358,1828,2076,1905,4029,1969
4920820308517700,2356,1827,2074,1904,4029,1969
4920820308581100,2358,1827,2075,1906,4031,1969
4920820308647500,2357,1827,2076,1904,4032,1970
4920820308714100,2358,1828,2076,1906,4028,1968
4920820308830300,2357,1827,2076,1906,4029,1969
4920820308906300,2358,1848,2077,1905,4032,1968
4920820308984800,2372,1828,2073,1904,4028,1970
4920820309052400,2358,1828,2074,1906,4034,1969
4920820309140800,2357,1827,2082,1906,4031,1969
4920820309219500,2357,1828,2074,1907,4031,1970
4920820309293200,2357,1829,2075,1904,4031,1969
4920820309360100,2358,1828,2076,1904,4032,1966
4920820309426100,2358,1827,2075,1905,4031,1969
4920820309493200,2479,1827,2075,1903,4030,1970
4920820309554800,2356,1828,2076,1906,4029,1968
4920820309615800,2355,1827,2075,1906,4030,1968
4920820309676700,2356,1828,2075,1906,4032,1970
4920820309735800,2357,1828,2074,1904,4032,1969
4920820842508400,2357,1827,2074,1905,4028,1970
4920820842801400,2357,1827,2075,1905,4032,1969
4920820843101100,2358,1827,2075,1905,4030,2012
4920820843399400,2358,1827,2073,1904,4095,1969
4920820843597200,2356,1828,2076,1905,4032,1968
4920820843698700,2357,1829,2074,1904,4032,1968
4920820843939400,2358,1827,2077,1905,4032,1970
4920820844242900,2357,1827,2075,1905,4032,1969
4920820844323400,2357,1828,2076,1748,4033,1968
4920820844567200,2356,1828,2074,1904,4032,1969
4920820844642300,2358,1829,2075,1905,4024,1969
4920820845001400,2361,1828,2073,1904,4033,1969
4920820845520000,2357,1827,2054,1905,4033,1968
4920820845660900,2358,1827,2076,1904,4030,1968
4920820845777300,2358,1827,2074,1904,4028,1969
4920820846106000,2358,1828,2076,1906,4030,1968
4920820846230300,2359,1827,2075,1906,4029,1969
4920820846636100,2357,1828,2075,1904,4030,1969
4920820846848400,2358,1828,2075,1904,4029,1971
4920820846930700,2356,1826,2074,1904,4048,1970
4920820847190300,2358,1827,2075,1905,4031,1969
4920820847266000,2356,1827,2075,1905,4032,1968
4920820847518500,2356,1828,2075,1904,4030,1969
4920820847599000,2358,1828,2076,1906,4029,1969
4920820847872500,2358,1828,2076,1905,4031,1969
4920820847953000,2357,1828,2073,1906,4029,1967
4920820848199600,2356,1836,2075,1905,4032,1970
4920820848299500,2357,1680,2075,1904,4054,1968
4920820848503400,2361,1827,2075,1905,4032,1968
4920820848842300,2357,1828,2074,1906,4028,1968
4920820848941900,2358,1827,2074,1905,4039,1969
4920820849215800,2358,1827,2076,1904,4029,2015
4920820849480800,2358,1828,2078,1906,4032,1966
4920820849586300,2358,1828,2075,1905,4031,1969
4920820849710600,2358,1828,2075,1905,4030,1969
4920820849813400,2357,1828,2074,1904,4032,1969
4920820849954400,2357,1828,2076,1905,4032,2004
4920820850057000,2358,1828,2074,1906,4031,1969
4920820850137100,2357,1828,2075,1905,4032,1969
4920820850215200,2357,1828,2074,1905,4028,1969
4920820850271100,2357,1828,2072,1906,4030,1972
4920820850331800,2357,1827,2075,1906,4027,1969
4920820850380800,2357,1828,2076,1906,4056,1969
4920820850683700,2356,1827,2075,1908,4031,1969
4920820850771100,2358,1827,2076,1904,4028,1969
4920820851047200,2357,1826,2074,1904,4031,1970
4920820851120800,2359,1828,2073,1906,4033,1969
4920820851201800,2357,1828,2074,1905,4032,1970
4920820851280800,2357,1828,2075,1905,4032,1969
4920820851375200,2356,1827,2076,1905,4031,1969
4920820851660800,2356,1838,2077,1904,4033,1969
4920820851889700,2369,1827,2073,1904,4027,1969
4920820851976400,2358,1828,2074,1906,4033,1968
4920820852073800,2357,1827,2084,1906,4030,1969
4920820852209200,2355,1828,2074,1905,4035,1969
4920820852285200,2356,1828,2074,1905,4031,1968
4920820852451600,2358,1827,2075,1905,4032,1969
4920820852606500,2358,1827,2075,1904,4031,1968
4920820852828800,2479,1827,2075,1904,4030,1971
4920820852954900,2356,1828,2074,1904,4031,1969
4920820853049700,2356,1829,2075,1906,4031,1968
4920820853179200,2360,1827,2075,1905,4032,1970
4920820853500200,2356,1828,2074,1905,4032,1969
4920820853611700,2355,1827,2075,1905,4032,1968
4920820853818800,2357,1826,2074,1905,4032,1969
4920820853926800,2357,1828,2074,1904,4032,2013
4920820854014900,2359,1828,2074,1904,4095,1969
4920820854137000,2355,1828,2075,1905,4030,1969
4920820854208600,2358,1827,2074,1906,4031,1968
4920820854266100,2356,1828,2075,1905,4031,1969
4920820854336200,2358,1827,2075,1906,4032,1970
4920820854406900,2358,1828,2076,1748,4031,1969
4920820854522800,2357,1827,2075,1904,4031,1968
4920820854604000,2358,1832,2074,1905,4024,1969
4920820854699400,2362,1828,2073,1905,4028,1969
4920820854781800,2356,1828,2053,1904,4029,1968
4920820854857000,2358,1828,2076,1917,4031,1968
4920820855100900,2358,1827,2074,1904,4031,1969
4920820855439800,2358,1827,2075,1905,4032,1968
4920820855564000,2358,1828,2075,1905,4033,1968
4920820855653300,2356,1828,2074,1905,4034,1969
4920820855733600,2358,1827,2075,1904,4030,1970
4920820855808200,2356,1827,2075,1905,4052,1970
4920820855875800,2358,1828,2075,1905,4032,1969
4920820855942600,2356,1826,2076,1904,4029,1969
4920820856146800,2358,1828,2075,1904,4031,1969
4920820856263700,2357,1828,2076,1906,4030,1969
4920820856337800,2357,1828,2075,1905,4031,1970
4920820856402300,2357,1827,2073,1905,4032,1968
4920820856461300,2356,1838,2075,1905,4028,1970
4920820856527900,2356,1681,2075,1904,4052,1969
4920820856587500,2362,1827,2075,1905,4030,1968
4920820856646800,2357,1828,2074,1905,4032,1969
4920820856717400,2357,1828,2075,1905,4031,1968
4920820856783600,2358,1827,2075,1905,4026,2014
4920820856882000,2356,1827,2078,1907,4032,1965
4920820856948300,2358,1827,2074,1905,4029,1969
4920820857017600,2358,1828,2075,1906,4028,1970
4920820857127800,2358,1829,2074,1903,4030,1969
4920820857226900,2356,1828,2074,1905,4032,2002
4920820857315700,2359,1827,2073,1906,4031,1968
4920820857594100,2357,1827,2075,1905,4031,1969
4920820857713800,2357,1828,2075,1905,4029,1969
4920820857827100,2358,1828,2069,1905,4030,1972
4920820858158700,2357,1826,2076,1905,4029,1969
4920820858256600,2356,1827,2076,1907,4053,1969
4920820858585800,2356,1827,2074,1908,4031,1969
4920820858690600,2358,1828,2076,1904,4030,1969
4920820858841500,2356,1825,2074,1905,4031,1969
4920820859195400,2358,1828,2075,1906,4031,1968
4920820859304800,2357,1827,2075,1904,4032,1969
4920820859720200,2358,1828,2075,1905,4032,1969
4920820859955500,2357,1827,2076,1906,4029,1968
4920820860071700,2356,1841,2075,1906,4030,1970
4920820860365100,2368,1828,2073,1904,4028,1967
4920820860440400,2358,1828,2074,1906,4034,1968
4920820860525400,2359,1828,2084,1906,4033,1968
4920820860650300,2356,1827,2075,1905,4034,1969
4920820860776400,2355,1828,2075,1905,4033,1968
4920820860852900,2358,1828,2075,1905,4032,1969
4920820860933600,2357,1827,2076,1906,4031,1969
4920820861005700,2477,1828,2076,1903,4031,1970
4920820861144500,2355,1828,2074,1907,4029,1968
4920820861216700,2357,1829,2075,1905,4032,1968
4920820861285500,2358,1828,2075,1906,4033,1969
4920820861510200,2358,1828,2074,1904,4028,1968
4920820861867200,2357,1828,2074,1904,4029,1968
4920820861978600,2357,1827,2075,1905,4032,1969
4920820862126200,2358,1828,2075,1905,4032,2013
4920820862249800,2356,1827,2073,1904,4095,1969
4920820862329800,2357,1828,2075,1905,4031,1968
4920820862428600,2358,1828,2074,1902,4030,1968
4920820862526600,2358,1828,2075,1905,4028,1970
4920820862606900,2358,1828,2074,1906,4029,1968
4920820862696400,2358,1828,2076,1748,4029,1968
4920820862835900,2357,1828,2074,1904,4032,1969
4920820863011100,2357,1831,2075,1905,4022,1970
4920820863122000,2363,1828,2074,1905,4029,1967
4920820863211600,2354,1828,2057,1904,4032,1968
4920820863383900,2357,1828,2074,1917,4030,1968
4920820863611400,2357,1828,2074,1904,4033,1970
4920820863760900,2357,1828,2077,1905,4032,1968
4920820863862500,2358,1828,2076,1904,4035,1969
4920820863959500,2357,1829,2074,1904,4030,1969
4920820864049900,2357,1828,2075,1904,4032,1970
4920820864126900,2357,1828,2075,1904,4052,1969
4920820864251400,2357,1828,2076,1904,4029,1969
4920820864362000,2358,1828,2076,1906,4027,1968
4920820864444600,2358,1828,2075,1905,4031,1969
4920820864511600,2357,1828,2077,1905,4027,1969
4920820864800100,2358,1827,2075,1903,4028,1969
4920820864932900,2357,1828,2073,1905,4028,1969
4920820865155100,2356,1842,2075,1904,4032,1970
4920820865287900,2357,1680,2075,1905,4056,1968
4920820865413800,2362,1826,2075,1905,4032,1968
4920820865605100,2357,1828,2074,1904,4032,1968
4920820865760600,2358,1827,2075,1905,4031,1968
4920820865881500,2357,1827,2076,1905,4030,2015
4920820866026000,2356,1827,2080,1907,4029,1965
4920820866151400,2358,1827,2074,1906,4031,1968
4920820866224300,2357,1828,2074,1906,4032,1970
4920820866323400,2358,1828,2074,1904,4033,1969
4920820866440600,2357,1827,2076,1904,4032,2004
4920820866523800,2358,1827,2074,1905,4031,1968
4920820866616100,2357,1828,2075,1905,4031,1970
4920820866693600,2357,1828,2074,1905,4029,1970
4920820866756000,2358,1827,2072,1905,4032,1972
4920820866828500,2356,1827,2076,1908,4033,1968
4920820866886600,2356,1827,2075,1905,4072,1970
4920820866946700,2356,1827,2074,1909,4033,1968
4920820867023200,2356,1829,2075,1906,4026,1970
4920820867111600,2356,1827,2074,1904,4034,1969
4920820867239300,2359,1828,2075,1907,4027,1970
4920820867329900,2358,1828,2075,1905,4032,1970
4920820867412700,2358,1828,2075,1904,4028,1968
4920820867482500,2357,1827,2076,1905,4033,1968
4920820867575200,2357,1864,2076,1906,4032,1969
4920820867727700,2382,1828,2074,1904,4030,1967
4920820867878700,2358,1828,2074,1906,4036,1969
4920820868004500,2358,1828,2087,1906,4031,1968
4920820868115600,2357,1828,2075,1907,4031,1969
4920820868333100,2358,1828,2074,1906,4031,1969
4920820868647400,2358,1826,2076,1905,4037,1969
4920820868845500,2356,1828,2076,1905,4027,1969
4920820868997300,2475,1828,2075,1906,4031,1969
4920820869143300,2355,1828,2074,1906,4029,1968
4920820869236500,2356,1829,2075,1905,4034,1967
4920820869304500,2359,1827,2075,1904,4034,1969
4920820869509800,2357,1827,2074,1904,4032,1969
4920820869671300,2357,1828,2074,1905,4029,1968
4920820869910300,2358,1826,2075,1905,4032,1969
4920820870043200,2356,1828,2074,1906,4027,2014
4920820870125800,2358,1826,2074,1904,4095,1968
4920820870203600,2358,1828,2076,1906,4031,1968
4920820870312000,2357,1826,2074,1907,4032,1969
4920820870414500,2357,1828,2075,1905,4028,1969
4920820870485600,2357,1828,2075,1904,4029,1970
4920820870550000,2358,1827,2076,1748,4031,1968
4920820870624100,2357,1827,2075,1904,4032,1969
4920820870685600,2356,1832,2075,1905,4020,1969
4920820870741600,2363,1827,2075,1904,4036,1970
4920820870821700,2356,1828,2057,1905,4032,1969
4920820870888600,2358,1827,2075,1906,4030,1968
4920820870950500,2358,1828,2074,1904,4031,1970
4920820871013300,2358,1828,2078,1906,4027,1969
4920820871089300,2358,1828,2076,1905,4033,1969
4920820871155200,2358,1828,2075,1905,4031,1969
4920820871216700,2358,1828,2075,1904,4032,1969
4920820871286100,2356,1827,2074,1906,4056,1969
4920820871337700,2357,1828,2075,1904,4034,1971
4920820871426700,2356,1827,2076,1906,4030,1969
4920820871488800,2358,1828,2074,1905,4062,1969
4920820871551200,2357,1827,2078,1906,4028,1970
4920820871620800,2358,1828,2075,1904,4030,1969
4920820871678600,2358,1827,2073,1906,4030,1969
4920820871756300,2356,1847,2075,1905,4032,1970
4920820871823500,2356,1680,2075,1904,4066,1969
4920820871883700,2362,1827,2075,1906,4032,1969
4920820871962300,2357,1828,2076,1905,4032,1969
4920820872012900,2357,1828,2075,1905,4031,1969
4920820872070900,2359,1828,2075,1905,4032,2025
4920820872128000,2358,1828,2083,1906,4030,1966
4920820872250200,2358,1827,2074,1906,4031,1968
4920820872310400,2357,1828,2075,1905,4030,1969
4920820872369700,2360,1828,2074,1904,4029,1969
4920820872447300,2356,1828,2076,1905,4034,2010
4920820872532500,2357,1827,2074,1906,4031,1968
4920820872601000,2357,1828,2075,1905,4031,1969
4920820872655400,2358,1827,2074,1905,4025,1970
4920820872830700,2356,1828,2074,1906,4028,1974
4920820872928100,2356,1827,2074,1905,4030,1969
4920820873011600,2356,1827,2075,1905,4086,1970
4920820873110600,2356,1828,2075,1912,4031,1969
4920820873211000,2358,1828,2077,1904,4032,1968
4920820873280100,2356,1827,2074,1904,4030,1970
4920820873334800,2357,1827,2075,1905,4029,1969
4920820873387800,2358,1828,2074,1906,4032,1969
4920820873449000,2358,1827,2075,1904,4034,1968
4920820873647500,2357,1827,2076,1905,4029,1969
4920820873937400,2357,1874,2076,1905,4029,2022
4920820874043100,2385,1827,2073,1905,4030,1967
4920820874154300,2358,1827,2074,1907,4034,1969
4920820874239400,2358,1827,2094,1906,4033,1969
4920820874392300,2358,1827,2075,1905,4032,1970
4920820874501300,2357,1828,2074,1908,4033,1969
4920820874587600,2358,1828,2075,1906,4032,1969
4920820874692900,2358,1827,2077,1905,4033,1968
4920820874813200,2474,1828,2075,1906,4031,1969
4920820874908600,2356,1828,2076,1906,4031,1968
4920820875068400,2357,1829,2075,1904,4028,1969
4920820875168400,2357,1828,2075,1904,4033,1970
4920820875232400,2356,1827,2074,1904,4032,1969
4920820875341600,2356,1828,2074,1906,4030,1970
4920820875460600,2357,1826,2074,1905,4028,1969
4920820875539800,2358,1827,2075,1904,4034,2017
4920820875607000,2357,1828,2074,1904,4095,1969
4920820875672900,2357,1827,2076,1904,4033,1969
4920820875771400,2357,1828,2074,1906,4032,1968
4920820875875100,2357,1828,2075,1905,4032,1969
4920820876066000,2357,1828,2075,1905,4032,1969
4920820876151400,2358,1828,2075,1748,4031,1969
4920820876234500,2357,1827,2075,1905,4030,1968
4920820876302300,2357,1837,2075,1904,4022,1970
4920820876563600,2362,1826,2073,1904,4032,1970
4920820876694900,2358,1826,2054,1905,4032,1968
4920820876800400,2358,1827,2074,1906,4031,1968
4920820876869100,2356,1828,2074,1904,4030,1970
4920820877006700,2356,1828,2082,1906,4030,1969
4920820877066900,2360,1827,2075,1906,4031,1969
4920820877126300,2357,1828,2074,1905,4032,1969
4920820877193900,2355,1828,2075,1906,4028,1971
4920820877256200,2356,1827,2074,1906,4075,1969
4920820877360800,2356,1827,2075,1905,4032,1969
4920820877450400,2357,1827,2076,1905,4031,1968
4920820877511900,2357,1828,2075,1904,4031,1969
4920820877573200,2358,1827,2083,1906,4032,1970
4920820877641100,2358,1828,2075,1905,4027,1969
4920820877750700,2357,1827,2073,1906,4031,1969
4920820877821600,2356,1853,2075,1904,4030,1970
4920820877910900,2356,1681,2075,1904,4076,1969
4920820877996300,2361,1827,2075,1906,4032,1968
4920820878069700,2357,1828,2074,1905,4028,1968
4920820878127900,2358,1829,2071,1906,4030,1968
4920820878470300,2358,1828,2076,1903,4033,2036
4920821412420600,2357,1827,2086,1906,4031,1966
4920821413121700,2357,1827,2074,1904,4030,1969
4920821413751400,2358,1828,2075,1904,4032,1970
4920821414243900,2364,1827,2074,1904,4032,1970
4920821414730900,2356,1828,2075,1904,4034,2029
4920821415183400,2358,1826,2074,1905,4029,1968
4920821415528000,2357,1827,2074,1906,4050,1969
4920821415924900,2358,1828,2075,1906,4032,1969
4920821416336700,2358,1828,2075,1905,4032,1975
4920821416808600,2357,1827,2076,1905,4029,1969
4920821417093500,2355,1827,2076,1905,4095,1970
4920821417356000,2358,1827,2075,1912,4033,1970
4920821417507400,2357,1838,2075,1905,4032,1969
4920821417741800,2358,1827,2075,1904,4030,1968
4920821417877600,2358,1827,2074,1905,4031,1969
4920821418091300,2356,1828,2075,1904,4032,1969
4920821418354800,2357,1827,2075,1905,4034,1969
4920821418608700,2357,1825,2076,1906,4031,1968
4920821418936300,2356,1890,2075,1905,4032,1970
4920821419159000,2394,1827,2074,1902,4032,1970
4920821419263500,2357,1827,2074,1906,4031,1969
4920821419463200,2356,1826,2098,1906,4031,1969
4920821419603100,2356,1827,2075,1906,4031,1969
4920821419702500,2357,1827,2075,1908,4030,1967
4920821419782000,2357,1828,2076,1906,4034,1968
4920821420005100,2357,1828,2080,1905,4033,1968
4920821420107100,2474,1828,2075,1908,4031,1969
4920821420196000,2356,1828,2077,1905,4033,1968
4920821420272700,2357,1829,2074,1905,4032,1968
4920821420349700,2357,1828,2074,1905,4033,1970
4920821420435200,2358,1828,2074,1904,4030,1969
4920821420514800,2358,1828,2074,1905,4027,1969
4920821420595100,2358,1828,2075,1904,4029,1969
4920821420673200,2357,1827,2075,1904,4034,2023
4920821420759800,2358,1828,2074,1904,4095,1969
4920821420831100,2357,1828,2076,1905,4031,1969
4920821420909300,2358,1828,2072,1906,4030,1968
4920821420965700,2356,1828,2075,1905,4032,1970
4920821421021900,2358,1828,2075,1905,4032,1969
4920821421075900,2357,1826,2076,1748,4033,1968
4920821421182900,2357,1828,2074,1903,4032,1968
4920821421261000,2357,1840,2075,1904,4020,1969
4920821421443900,2362,1827,2073,1904,4029,1968
4920821421520800,2358,1828,2061,1905,4034,1969
4920821421576900,2357,1828,2076,1926,4029,1968
4920821421632700,2356,1827,2075,1905,4076,1969
4920821421698500,2357,1828,2085,1906,4027,1969
4920821421755900,2357,1828,2075,1906,4030,1968
4920821421810000,2358,1827,2074,1904,4034,1968
4920821421875100,2358,1828,2075,1904,4034,1971
4920821421926400,2357,1828,2075,1904,4084,1968
4920821422009500,2356,1828,2075,1906,4030,1969
4920821422081000,2357,1827,2076,1905,4030,1969
4920821422135700,2359,1827,2075,1904,4031,1969
4920821422196100,2357,1828,2086,1906,4030,1969
4920821422253000,2357,1827,2075,1905,4031,1969
4920821422522100,2356,1827,2073,1906,4029,1968
4920821422577200,2356,1857,2075,1903,4030,1970
4920821422640400,2357,1681,2075,1904,4082,1968
4920821422690400,2361,1827,2075,1905,4034,1969
4920821422905300,2358,1828,2074,1905,4029,1969
4920821422957800,2358,1828,2074,1905,4083,1969
4920821423016600,2358,1827,2075,1904,4032,2044
4920821423068300,2358,1827,2091,1906,4029,1966
4920821423118300,2357,1828,2074,1906,4031,1969
4920821423167300,2359,1827,2075,1904,4028,1970
4920821423217300,2364,1827,2074,1904,4029,1969
4920821423280400,2357,1828,2075,1904,4033,2028
4920821423333100,2358,1827,2074,1906,4031,1968
4920821423681300,2357,1827,2074,1905,4053,1969
4920821424186400,2356,1828,2075,1905,4032,1969
4920821424481800,2357,1829,2075,1905,4032,1976
4920821424579600,2358,1826,2075,1905,4029,1968
4920821424649500,2354,1827,2075,1904,4095,1970
4920821424700800,2356,1827,2074,1912,4031,1969
4920821424753000,2357,1839,2076,1905,4032,1969
4920821424804600,2357,1826,2074,1905,4031,1970
4920821425060300,2358,1827,2075,1906,4028,1970
4920821425150700,2359,1828,2074,1905,4032,1971
4920821425214300,2357,1828,2076,1904,4029,1969
4920821425458800,2357,1826,2075,1906,4031,1969
4920821425659700,2356,1897,2076,1905,4032,1969
4920821425866400,2397,1826,2074,1904,4031,1967
4920821426125200,2359,1828,2074,1906,4031,1968
4920821426262700,2358,1827,2102,1855,4033,1968
4920821426393500,2359,1827,2074,1906,4033,1969
4920821426482000,2357,1829,2074,1908,4030,1969
4920821426542900,2356,1828,2076,1905,4044,1969
4920821426606700,2357,1829,2078,1905,4031,1968
4920821426708500,2474,1826,2074,1908,4030,1967
4920821427084700,2354,1827,2076,1906,4029,1968
4920821427171800,2358,1827,2074,1906,4032,1968
4920821427504100,2357,1828,2075,1904,4036,1969
4920821427807900,2357,1827,2074,1904,4032,1969
4920821427901700,2358,1828,2075,1905,4029,1969
4920821427957000,2357,1827,2075,1905,4028,1969
4920821428010000,2358,1828,2075,1905,4034,2026
4920821428117600,2358,1828,2073,1904,4095,1969
4920821428163600,2355,1826,2075,1905,4031,1969
4920821428209600,2358,1828,2074,1906,4029,1969
4920821428260900,2357,1828,2076,1905,4028,1969
4920821428312200,2356,1827,2075,1905,4032,1969
4920821428373600,2358,1828,2076,1748,4030,1968
4920821428683400,2356,1829,2075,1904,4033,1969
4920821428934500,2358,1840,2075,1904,4024,1970
4920821429172400,2362,1827,2073,1905,4032,1969
4920821429258500,2356,1826,2059,1905,4034,1969
4920821429319500,2357,1827,2076,1905,4030,1968
4920821429373500,2357,1828,2074,1905,4034,1970
4920821429430900,2358,1827,2084,1906,4030,1969
4920821429482500,2357,1827,2075,1905,4033,1969
4920821429538900,2357,1829,2074,1905,4030,1968
4920821429586400,2357,1826,2075,1902,4032,1970
4920821429636000,2356,1828,2075,1905,4086,1969
4920821429680900,2355,1827,2075,1905,4032,1969
4920821429727900,2356,1827,2076,1906,4026,1968
4920821429775500,2357,1827,2075,1904,4030,1969
4920821429839500,2356,1827,2085,1906,4030,1969
4920821430064800,2357,1828,2075,1906,4030,1969
4920821430135200,2359,1827,2073,1904,4035,1968
4920821430187700,2356,1855,2076,1905,4030,1969
4920821430234600,2358,1681,2075,1904,4088,1968
4920821430395000,2360,1828,2075,1905,4032,1969
4920821430462600,2358,1828,2075,1905,4032,1969
4920821430516400,2357,1828,2075,1904,4031,1969
4920821430566000,2356,1827,2076,1904,4032,2048
4920821430615500,2358,1828,2090,1905,4032,1966
4920821430665500,2358,1827,2075,1905,4029,1969
4920821430719200,2357,1828,2074,1906,4028,1970
4920821431004800,2364,1827,2074,1904,4032,1969
4920821431074200,2356,1828,2075,1904,4037,2040
4920821431120900,2359,1827,2074,1906,4031,1969
4920821431198600,2358,1828,2075,1906,4031,1969
4920821431267200,2358,1828,2075,1904,4032,1969
4920821431324600,2356,1828,2077,1905,4032,1976
4920821431383400,2358,1825,2074,1906,4031,1969
4920821431459400,2356,1828,2076,1905,4095,1969
4920821431735000,2357,1827,2074,1914,4033,1969
4920821431810700,2357,1843,2075,1904,4029,1968
4920821431866300,2357,1827,2075,1904,4027,1969
4920821432200900,2357,1829,2075,1905,4033,1968
4920821432342700,2357,1828,2074,1906,4028,1970
4920821432518000,2358,1828,2074,1905,4032,1968
4920821432626600,2357,1829,2076,1906,4029,1969
4920821432730800,2355,1899,2077,1905,4033,1969
4920821433065000,2398,1827,2074,1904,4031,1967
4920821433214700,2358,1828,2074,1906,4033,1968
4920821433280700,2358,1827,2104,1855,4029,1971
4920821433328700,2358,1827,2074,1907,4030,1969
4920821433446000,2357,1826,2075,1910,4033,1968
4920821433578700,2358,1827,2076,1905,4045,1969
4920821433703600,2357,1827,2078,1905,4031,1969
4920821433846700,2474,1827,2075,1909,4029,1969
4920821433949100,2355,1829,2076,1905,4031,1969
4920821434342900,2357,1828,2075,1906,4032,1969
4920821434458700,2355,1828,2075,1905,4036,1970
4920821434585300,2356,1828,2074,1905,4032,1969
4920821434899100,2358,1828,2075,1906,4028,1970
4920821435181500,2357,1827,2075,1905,4032,1969
4920821435389000,2357,1828,2075,1904,4033,2027
4920821435550400,2358,1828,2073,1904,4095,1969
4920821435622300,2357,1828,2075,1905,4031,1968
4920821435675900,2358,1828,2074,1905,4032,1969
4920821435743900,2358,1829,2077,1905,4030,1969
4920821435801800,2357,1828,2075,1905,4032,1969
4920821435852200,2358,1827,2076,1748,4032,1968
4920821435899200,2357,1828,2074,1904,4029,1968
4920821435988400,2358,1838,2075,1905,4024,1969
4920821436286200,2362,1828,2074,1904,4033,1969
4920821436371700,2354,1828,2059,1906,4036,1968
4920821436544300,2357,1827,2076,1904,4029,1968
4920821436691400,2358,1828,2074,1904,4031,1970
4920821436756600,2357,1828,2088,1906,4028,1968
4920821436999500,2356,1828,2076,1905,4030,1968
4920821437261500,2358,1828,2075,1905,4030,1968
4920821437352700,2357,1827,2075,1902,4030,1971
4920821437427800,2356,1827,2074,1906,4084,1969
4920821437523100,2358,1828,2074,1906,4030,1969
4920821437597000,2358,1826,2076,1906,4031,1967
4920821437653900,2358,1827,2075,1904,4030,1969
4920821437799600,2358,1827,2086,1906,4032,1968
4920821437884500,2357,1828,2075,1905,4027,1970
4920821437967500,2358,1827,2073,1906,4032,1968
4920821438319700,2356,1860,2076,1905,4032,1970
4920821438477200,2357,1680,2075,1905,4090,1968
4920821438859400,2361,1827,2075,1906,4030,1968
4920821438965500,2357,1827,2074,1905,4032,1968
4920821439109100,2358,1828,2074,1904,4093,1968
4920821439189800,2357,1828,2076,1905,4032,2046
4920821439253400,2357,1829,2089,1906,4030,1966
4920821439332900,2358,1828,2074,1905,4028,1969
4920821439396300,2358,1828,2075,1906,4028,1970
4920821439468100,2364,1827,2073,1904,4030,1968
4920821439536600,2357,1828,2075,1905,4038,2041
4920821439621300,2357,1828,2073,1906,4029,1968
4920821439682000,2357,1828,2075,1904,4031,1968
4920821439743700,2358,1828,2074,1905,4028,1969
4920821439807700,2356,1827,2075,1905,4032,1976
4920821439882400,2358,1828,2074,1904,4031,1969
4920821439955700,2355,1827,2075,1905,4095,1971
4920821440012200,2356,1827,2074,1912,4031,1967
4920821440067900,2356,1828,2075,1904,4030,1969
4920821440211900,2358,1826,2074,1903,4030,1969
4920821440267200,2357,1828,2073,1905,4031,1968
4920821440391400,2357,1827,2075,1904,4032,1969
4920821440457000,2356,1828,2075,1905,4032,1969
4920821440534700,2357,1827,2076,1906,4032,1968
4920821440598800,2356,1896,2075,1905,4032,1968
4920821440673900,2396,1827,2074,1904,4031,1967
4920821440742200,2358,1827,2074,1906,4035,1968
4920821440826400,2358,1826,2101,1906,4029,1968
4920821440910400,2357,1827,2074,1906,4030,1969
4920821440989900,2357,1828,2075,1908,4031,1968
4920821441058400,2357,1827,2076,1905,4048,1968
4920821441142900,2358,1827,2078,1905,4027,1968
4920821441220600,2475,1826,2075,1908,4033,1969
4920821441288200,2356,1828,2077,1905,4031,1967
4920821441352000,2356,1829,2075,1906,4032,1968
4920821441425000,2357,1829,2075,1905,4034,1970
4920821441493700,2356,1829,2075,1904,4032,1970
4920821441563300,2357,1828,2074,1905,4030,1969
4920821441623400,2357,1827,2075,1905,4032,1969
4920821441686400,2357,1828,2075,1905,4032,2024
4920821441745500,2357,1828,2073,1904,4095,1969
4920821441808700,2356,1828,2075,1905,4032,1968
4920821441884200,2358,1828,2074,1906,4032,1969
4920821441945500,2357,1827,2076,1905,4033,1969
4920821442013200,2357,1828,2075,1904,4033,1968
4920821442078000,2357,1827,2076,1749,4029,1969
4920821442141500,2358,1828,2074,1904,4032,1969
4920821442207200,2357,1838,2075,1906,4024,1969
4920821442276300,2361,1828,2074,1906,4032,1969
4920821442340300,2356,1826,2058,1906,4032,1969
4920821442399100,2357,1827,2075,1906,4031,1968
4920821442456700,2357,1828,2074,1904,4033,1970
4920821442514500,2358,1827,2085,1907,4028,1970
4920821442572200,2358,1828,2076,1905,4029,1968
4920821442640600,2357,1829,2074,1904,4028,1969
4920821442724900,2357,1828,2075,1904,4032,1970
4920821442795500,2356,1828,2075,1906,4086,1969
4920821442865700,2358,1826,2075,1904,4034,1969
4920821442951700,2357,1827,2075,1906,4032,1970
4920821443018200,2357,1828,2075,1905,4031,1969
4920821443090500,2357,1828,2086,1905,4031,1968
4920821443214200,2356,1828,2075,1904,4034,1969
4920821443297000,2357,1827,2073,1906,4030,1969
4920821443390100,2356,1858,2076,1904,4030,1970
4920821443493000,2357,1680,2074,1905,4086,1968
4920821443588200,2361,1827,2075,1906,4029,1969
4920821443658600,2356,1827,2074,1906,4030,1968
4920821443733100,2357,1828,2074,1904,4095,1968
4920821443830500,2358,1829,2075,1905,4034,2048
4920821443922000,2357,1828,2091,1907,4028,1966
4920821443994600,2357,1827,2074,1905,4029,1969
4920821444073100,2357,1828,2075,1905,4030,1970
4920821444161600,2364,1828,2074,1905,4030,1969
4920821444285200,2357,1828,2075,1905,4037,2037
4920821444356800,2358,1828,2074,1905,4028,1969
4920821444485600,2358,1828,2075,1906,4031,1968
4920821444603200,2357,1828,2075,1904,4030,1968
4920821444784600,2357,1828,2075,1905,4035,1976
4920821444923400,2357,1827,2074,1905,4032,1969
4920821445012200,2354,1828,2075,1905,4095,1970
4920821445216200,2356,1827,2074,1912,4031,1968
4920821445292400,2357,1840,2076,1905,4032,1970
4920821445379800,2356,1826,2075,1905,4028,1969
4920821445465800,2358,1828,2073,1905,4031,1968
4920821445552700,2358,1829,2075,1905,4032,1970
4920821445623000,2357,1828,2075,1906,4032,1968
4920821445688800,2357,1826,2076,1906,4029,1969
4920821445746900,2355,1897,2075,1905,4028,2013
4920821445807400,2396,1828,2073,1904,4030,1967
4920821445862500,2357,1827,2074,1906,4034,1968
4920821445916000,2357,1827,2101,1905,4029,1970
4920821445963400,2360,1827,2074,1906,4034,1969
4920821446013300,2358,1828,2075,1908,4033,1969
4920821446063400,2357,1827,2076,1906,4033,1968
4920821446120900,2357,1828,2078,1905,4033,1968
4920821446179100,2474,1827,2074,1908,4028,1969
4920821446233700,2356,1828,2076,1905,4031,1968
4920821446290400,2357,1829,2074,1904,4032,1969
4920821446344800,2356,1828,2075,1905,4032,1969
4920821446398700,2357,1828,2074,1904,4032,1968
4920821979721700,2357,1828,2074,1906,4032,1968
4920821980204900,2358,1826,2075,1906,4042,1968
4920821980688400,2357,1827,2075,1904,4035,2023
4920821981158600,2356,1827,2074,1904,4095,1970
4920821981740900,2357,1827,2075,1905,4032,1968
4920821982132300,2359,1828,2074,1906,4032,1969
4920821982477000,2357,1827,2076,1905,4032,1969
4920821983034000,2356,1829,2075,1905,4032,1968
4920821983567300,2358,1828,2076,1749,4032,1968
4920821983890400,2357,1828,2074,1904,4034,1967
4920821984198600,2358,1837,2075,1904,4020,1969
4920821984514900,2361,1827,2074,1906,4030,1968
4920821984597600,2358,1826,2056,1905,4035,1969
4920821984677900,2357,1827,2075,1905,4033,1968
4920821984766900,2359,1827,2074,1904,4034,1969
4920821985028300,2357,1828,2085,1907,4027,1970
4920821985367100,2358,1828,2076,1905,4031,1968
4920821985642900,2357,1828,2075,1905,4032,1969
4920821985917100,2357,1828,2075,1904,4032,1971
4920821986257600,2356,1828,2075,1904,4080,1968
4920821986525400,2356,1827,2075,1905,4033,1967
4920821986872000,2355,1827,2076,1905,4030,1968
4920821986976000,2357,1828,2074,1904,4090,1968
4920821987266000,2358,1828,2085,1905,4031,1970
4920821987399800,2358,1828,2074,1904,4030,1970
4920821987479300,2358,1827,2073,1906,4031,1968
4920821987845200,2357,1858,2076,1905,4032,1970
4920821988216600,2356,1681,2075,1904,4084,1968
4920821988739400,2361,1826,2075,1905,4028,1968
4920821988873500,2358,1827,2074,1905,4030,1968
4920821988962600,2357,1827,2074,1904,4093,1969
4920821989036400,2358,1828,2075,1905,4034,2045
4920821989111200,2357,1827,2088,1907,4031,1965
4920821989212800,2357,1827,2074,1906,4030,1968
4920821989284900,2358,1828,2075,1905,4030,1970
4920821989404600,2362,1828,2074,1904,4032,1969
4920821989629400,2357,1827,2075,1905,4034,2030
4920821989935800,2358,1826,2074,1905,4031,1968
4920821990044500,2359,1827,2075,1905,4031,1970
4920821990114600,2355,1828,2074,1905,4029,1969
4920821990370700,2358,1827,2074,1906,4030,1976
4920821990481500,2357,1827,2074,1905,4030,1969
4920821990562100,2356,1828,2075,1905,4095,1971
4920821990705100,2358,1827,2074,1912,4029,1969
4920821991040200,2359,1838,2076,1906,4032,1970
4920821991141200,2356,1828,2075,1905,4030,1969
4920821991277000,2357,1828,2073,1906,4031,1968
4920821991522500,2356,1828,2074,1905,4029,1971
4920821991625100,2359,1828,2075,1905,4032,1970
4920821991704100,2358,1827,2075,1905,4029,1969
4920821991941600,2356,1892,2076,1905,4032,1969
4920821992014900,2394,1827,2074,1904,4028,1969
4920821992070800,2356,1827,2074,1908,4034,1968
4920821992126600,2356,1827,2101,1905,4029,1968
4920821992178000,2356,1828,2074,1905,4031,1969
4920821992234700,2356,1828,2074,1909,4029,1969
4920821992512800,2357,1826,2076,1904,4032,1969
4920821992591700,2358,1828,2078,1905,4027,1969
4920821992646900,2475,1824,2075,1908,4031,1970
4920821992718200,2356,1828,2077,1906,4031,1968
4920821992769000,2358,1827,2074,1906,4030,1969
4920821992819900,2358,1827,2075,1904,4036,1970
4920821992875400,2358,1828,2074,1904,4033,1969
4920821992950200,2358,1827,2075,1905,4029,1969
4920821993015600,2357,1826,2075,1905,4032,1968
4920821993074500,2358,1828,2075,1904,4035,2023
4920821993296800,2357,1828,2073,1904,4095,1969
4920821993418200,2356,1827,2075,1906,4031,1968
4920821993772100,2359,1827,2074,1906,4030,1969
4920821994014600,2358,1827,2076,1905,4032,1970
4920821994132600,2357,1827,2074,1906,4032,1969
4920821994187600,2358,1828,2076,1748,4031,1969
4920821994239900,2357,1828,2074,1904,4032,1967
4920821994290700,2358,1838,2075,1906,4021,1969
4920821994341900,2361,1828,2073,1904,4032,1969
4920821994394800,2356,1828,2058,1906,4033,1969
4920821994626800,2356,1827,2074,1904,4029,1968
4920821994881400,2357,1827,2073,1904,4076,1970
4920821994978900,2356,1828,2084,1905,4028,1969
4920821995043600,2357,1827,2076,1905,4031,1968
4920821995102500,2356,1829,2074,1904,4032,1969
4920821995160700,2359,1827,2075,1906,4029,1970
4920821995218800,2356,1827,2075,1905,4076,1967
4920821995276800,2357,1828,2074,1905,4032,1968
4920821995336000,2357,1827,2076,1905,4030,1968
4920821995635000,2358,1828,2075,1904,4031,1969
4920821995943100,2357,1828,2085,1905,4028,1969
4920821996074700,2357,1827,2075,1905,4029,1968
4920821996419600,2357,1826,2073,1906,4030,1969
4920821996575000,2356,1856,2075,1904,4030,1970
4920821996695500,2358,1680,2075,1905,4078,1969
4920821996964500,2361,1827,2075,1905,4030,1968
4920821997079300,2357,1828,2074,1905,4029,1969
4920821997339300,2358,1828,2075,1904,4031,1968
4920821997550900,2357,1829,2076,1905,4032,2038
4920821997827500,2356,1828,2088,1905,4032,1966
4920821997899300,2358,1829,2074,1905,4030,1969
4920821997968400,2357,1828,2075,1905,4028,1968
4920821998036200,2363,1828,2073,1904,4030,1969
4920821998106400,2355,1828,2076,1904,4034,2029
4920821998340800,2357,1827,2074,1905,4031,1968
4920821998418500,2357,1828,2075,1905,4029,1969
4920821998480500,2357,1827,2075,1906,4032,1969
4920821998544800,2357,1828,2079,1904,4032,1973
4920821998601400,2358,1826,2074,1905,4029,1969
4920821998736300,2356,1827,2075,1905,4094,1970
4920821998796300,2358,1826,2074,1912,4029,1968
4920821998859800,2356,1830,2076,1904,4030,1969
4920821998918100,2358,1826,2074,1904,4032,1970
4920821999211100,2358,1828,2073,1906,4030,1969
4920821999294300,2358,1827,2072,1905,4032,1970
4920821999358600,2357,1827,2075,1905,4029,1968
4920821999417000,2358,1827,2076,1906,4029,1969
4920821999475700,2356,1887,2076,1905,4032,1969
4920821999533800,2390,1828,2074,1904,4030,1970
4920821999635900,2359,1828,2075,1908,4033,1969
4920821999773600,2359,1828,2099,1906,4031,1968
4920821999844900,2358,1827,2074,1906,4033,1970
4920821999914700,2357,1827,2075,1908,4029,1969
4920821999980900,2357,1828,2076,1905,4042,1968
4920822000051300,2357,1828,2076,1905,4031,1968
4920822000137500,2474,1826,2075,1908,4031,1969
4920822000216500,2356,1828,2076,1906,4032,1968
4920822000274500,2358,1827,2076,1906,4031,1968
4920822000331400,2357,1827,2074,1905,4034,1969
4920822000390100,2357,1828,2074,1905,4032,1969
4920822000450500,2357,1828,2074,1906,4029,1969
4920822000770500,2359,1826,2075,1904,4028,1970
4920822001053300,2357,1826,2075,1904,4032,2025
4920822001378000,2359,1828,2074,1904,4095,1969
4920822001473700,2357,1828,2076,1906,4029,1968
4920822001630500,2356,1829,2072,1907,4032,1968
4920822001752000,2357,1828,2076,1905,4028,1970
4920822001947700,2357,1827,2075,1905,4029,1968
4920822002104100,2356,1828,2076,1749,4032,1968
4920822002450700,2357,1827,2075,1904,4029,1969
4920822002743500,2357,1837,2074,1906,4024,1969
4920822002856200,2362,1827,2073,1905,4032,1969
4920822002945100,2356,1828,2057,1905,4033,1969
4920822003154300,2357,1828,2075,1920,4031,1967
4920822003514300,2357,1828,2075,1904,4074,1968
4920822003729100,2358,1827,2084,1905,4030,1968
4920822003982800,2357,1828,2076,1906,4033,1968
4920822004059400,2356,1829,2074,1904,4033,1969
4920822004118000,2357,1828,2075,1904,4029,1971
4920822004187100,2356,1828,2073,1904,4080,1969
4920822004239700,2356,1828,2075,1904,4032,1969
4920822004296400,2357,1827,2076,1906,4033,1968
4920822004359400,2357,1829,2074,1905,4072,1969
4920822004420500,2357,1828,2084,1906,4031,1969
4920822004671000,2358,1826,2075,1905,4031,1970
4920822004739500,2356,1829,2073,1905,4034,1968
4920822004798000,2356,1856,2075,1905,4029,2175
4920822004857100,2356,1681,2075,1905,4082,1968
4920822004927400,2362,1826,2075,1905,4032,1968
4920822004987400,2358,1828,2074,1906,4032,1969
4920822005049200,2358,1829,2071,1904,4030,1969
4920822005106300,2358,1828,2076,1905,4028,2038
4920822005169900,2358,1827,2088,1907,4031,1966
4920822005230800,2357,1829,2075,1906,4031,1968
4920822005286700,2356,1827,2075,1905,4030,1969
4920822005349500,2362,1827,2075,1905,4029,1969
4920822005409400,2357,1828,2076,1905,4036,2029
4920822005476500,2357,1827,2074,1904,4029,1968
4920822005534900,2356,1828,2075,1905,4030,1969
4920822005592200,2356,1829,2074,1905,4032,1969
4920822005650200,2357,1827,2075,1905,4029,1976
4920822005714200,2358,1828,2075,1905,4031,1969
4920822005778300,2356,1828,2075,1905,4095,1969
4920822005842900,2356,1827,2074,1913,4033,1969
4920822005902400,2357,1837,2076,1905,4026,1969
4920822005972200,2357,1826,2074,1905,4031,1968
4920822006032800,2357,1828,2073,1905,4029,1969
4920822006096200,2356,1827,2075,1904,4032,1970
4920822006166300,2357,1828,2075,1904,4028,1968
4920822006437900,2357,1826,2076,1906,4029,1969
4920822006541000,2356,1889,2075,1905,4032,1968
4920822006748600,2394,1827,2074,1904,4031,1969
4920822006860100,2358,1827,2074,1906,4036,1968
4920822006952000,2358,1827,2099,1855,4030,1968
4920822007012600,2358,1828,2074,1902,4034,1970
4920822007085200,2358,1827,2076,1904,4034,1966
4920822007174600,2358,1828,2075,1906,4032,1968
4920822007429400,2358,1826,2078,1904,4032,1968
4920822007720200,2475,1828,2075,1908,4030,1969
4920822007820400,2357,1828,2078,1905,4033,1968
4920822007896400,2358,1827,2075,1906,4032,1967
4920822008022200,2357,1828,2075,1905,4034,1969
4920822008172800,2357,1828,2074,1904,4028,1969
4920822008286700,2357,1828,2074,1906,4027,1969
4920822008361400,2358,1826,2075,1905,4032,1968
4920822008448600,2358,1828,2075,1904,4032,2026
4920822008522600,2357,1827,2074,1904,4095,1969
4920822008596900,2357,1827,2075,1904,4031,1969
4920822008668500,2358,1827,2074,1906,4032,1967
4920822008741000,2357,1827,2076,1905,4028,1970
4920822008843000,2358,1828,2075,1905,4030,1968
4920822008912900,2357,1828,2075,1748,4032,1968
4920822009176300,2356,1827,2075,1904,4034,1968
4920822009280600,2359,1838,2075,1905,4022,1970
4920822009549900,2362,1827,2073,1905,4031,1968
4920822009651500,2358,1826,2055,1905,4034,1969
4920822009734900,2357,1827,2074,1906,4032,1969
4920822009793800,2358,1827,2074,1904,4030,1970
4920822009854900,2356,1828,2087,1906,4030,1969
4920822009983300,2358,1828,2076,1905,4030,1968
4920822010062400,2359,1828,2075,1904,4028,1969
4920822010133400,2356,1828,2075,1904,4030,1970
4920822010196400,2356,1827,2075,1905,4080,1969
4920822010261200,2356,1828,2074,1904,4034,1968
4920822010331100,2357,1826,2076,1906,4032,1969
4920822010392400,2357,1827,2075,1905,4032,1969
4920822010452900,2358,1827,2083,1906,4028,1969
4920822010552500,2356,1827,2075,1904,4029,1968
4920822010645000,2358,1826,2073,1905,4034,1968
4920822010707500,2356,1857,2075,1904,4032,1970
4920822010770400,2357,1681,2075,1904,4080,1969
4920822010836600,2360,1827,2076,1906,4032,1968
4920822010900600,2356,1828,2074,1904,4032,1968
4920822010966200,2359,1828,2074,1904,4089,1969
4920822011029400,2358,1828,2076,1905,4029,2044
4920822011096100,2357,1828,2088,1906,4028,1966
4920822011158800,2359,1827,2074,1906,4029,1969
4920822011248800,2358,1827,2075,1904,4032,1970
4920822011345000,2363,1828,2074,1904,4033,1969
4920822011458900,2356,1828,2075,1904,4034,2034
4920822011562100,2358,1827,2074,1904,4031,1967
4920822011759900,2358,1828,2075,1905,4033,1969
4920822011884300,2357,1827,2075,1906,4028,1969
4920822012156900,2357,1828,2076,1904,4032,1976
4920822012750100,2357,1827,2076,1903,4031,1968
4920822012896300,2356,1828,2074,1905,4095,1970
4920822013125200,2357,1826,2074,1912,4030,1969
4920822013309600,2356,1828,2075,1905,4029,1969
4920822013690800,2357,1826,2075,1907,4031,1969
4920822013819100,2356,1828,2073,1905,4033,1967
4920822013942000,2356,1828,2074,1905,4032,1970
4920822014027600,2358,1828,2075,1903,4029,1969
4920822014316200,2357,1827,2075,1907,4032,1969
4920822014600600,2358,1890,2075,1905,4032,1968
4920822014734500,2394,1828,2074,1904,4026,1967
4920822014836600,2357,1827,2074,1907,4035,1969
4920822015035700,2358,1826,2096,1906,4029,1969
4920822015151300,2357,1828,2074,1905,4028,1969
4920822015285600,2358,1828,2075,1908,4035,1969
4920822015367200,2358,1827,2076,1904,4032,1969
4920822015431000,2356,1827,2078,1905,4031,1968
4920822015488200,2474,1827,2074,1908,4029,1969
4920822015545300,2357,1828,2078,1905,4031,1968
4920822015602100,2356,1827,2075,1906,4031,1968
4920822015678400,2358,1828,2075,1905,4033,1969
4920822015741500,2357,1828,2075,1905,4028,1969
4920822015821800,2357,1828,2075,1906,4028,1969
4920822015886200,2357,1827,2075,1906,4042,1969
4920822015943800,2358,1828,2074,1904,4032,2023
4920822015999900,2360,1827,2074,1904,4095,1969
4920822016060200,2357,1827,2075,1906,4030,1969
4920822016115500,2358,1828,2074,1906,4032,1969
4920822016302900,2357,1828,2076,1905,4030,1969
4920822016378700,2356,1828,2075,1905,4032,1969
4920822016505100,2358,1827,2076,1749,4032,1967
4920822016615100,2356,1827,2075,1904,4032,1968
4920822016698800,2358,1836,2074,1904,4024,1969
4920822016786300,2362,1827,2074,1905,4034,1970
4920822016878100,2358,1826,2058,1905,4034,1969
4920822016953900,2357,1827,2075,1906,4031,1968
4920822017018700,2357,1827,2074,1904,4033,1969
4920822017102700,2357,1827,2084,1906,4031,1969
4920822017172000,2358,1828,2075,1905,4031,1969
4920822017525600,2358,1828,2074,1904,4029,1969
4920822017588300,2357,1827,2075,1904,4030,1970
4920822017646700,2356,1828,2075,1904,4078,1969
4920822017708700,2358,1828,2075,1905,4030,1969
4920822017770800,2357,1828,2075,1905,4027,1969
4920822017832000,2357,1827,2074,1904,4086,1969
4920822017938900,2358,1827,2084,1906,4031,1969
4920822018009600,2358,1827,2075,1904,4032,1970
4920822018071700,2357,1827,2073,1905,4032,1969
4920822018134800,2357,1856,2075,1904,4032,1971
4920822018197600,2357,1680,2075,1904,4082,1969
4920822018279800,2362,1827,2076,1905,4033,1969
4920822018346900,2357,1827,2074,1906,4029,1968
4920822018412000,2357,1828,2075,1905,4031,1970
