Time_ns,CH0-ThumbLow,CH1-ThumbUp,CH2-Pointer,CH3-Middle,CH4-Ring,CH5-Pinky
5177723671494700,2368,1848,2060,1882,2092,2090
5177723671494700,2376,1849,2060,1888,1801,2088
5177723671494700,2368,1850,2060,1880,2055,2090
5177723671494700,2366,1850,2061,1881,2054,2090
5177723678195400,2369,1849,2057,1883,2057,2090
5177723678195400,2368,1850,2058,1882,2057,2090
5177723678195400,2369,1853,2060,1883,2057,2088
5177723678195400,2368,1850,2060,1881,2057,2094
5177723688864600,2368,1900,2062,1886,2058,2066
5177723688864600,2404,1850,2057,1888,1801,2090
5177723688864600,2369,1848,2060,1884,2060,2090
5177723688864600,2368,1848,2082,1887,2058,2090
5177723688864600,2368,1850,2061,1880,2058,2087
5177723696837700,2369,1851,2061,1881,2058,2089
5177723696837700,2368,1849,2061,1883,2061,2089
5177723696837700,2369,1851,2064,1880,2057,2091
5177723696837700,2485,1851,2058,1882,2057,2090
5177723704679300,2367,1848,2055,1883,2056,2091
5177723704679300,2367,1848,2058,1882,2056,2087
5177723704679300,2368,1852,2059,1878,2057,2092
5177723704679300,2368,1849,2059,1879,2039,2087
5177723714482100,2367,1852,2058,1879,2056,2088
5177723714482100,2368,1850,2061,1880,2058,2090
5177723714482100,2368,1845,2059,1884,2058,2144
5177723714482100,2370,1850,2061,1882,2218,2089
5177723714482100,2368,1850,2059,1883,2059,2089
5177723722302300,2370,1851,2058,1884,2060,2090
5177723722302300,2371,1849,2061,1881,2057,2093
5177723722302300,2368,1849,2061,1880,2057,2090
5177723722302300,2367,1846,2061,1887,2056,2090
5177723732314000,2368,1850,2061,1886,2056,2089
5177723732314000,2368,1862,2059,1884,2060,2090
5177723732314000,2366,1849,2061,1888,2058,2093
5177723732314000,2368,1848,2048,1886,2057,2089
5177723732314000,2369,1850,2061,1945,2053,2089
5177723741560300,2368,1849,2059,1886,2072,2092
5177723741560300,2368,1850,2067,1883,2057,2091
5177723741560300,2369,1849,2058,1882,2058,2090
5177723741560300,2369,1847,2060,1884,2058,2089
5177723751257800,2369,1846,2060,1886,2057,2093
5177723751257800,2369,1852,2060,1885,2096,2091
5177723751257800,2368,1849,2062,1883,2056,1833
5177723751257800,2368,1850,2059,1886,2056,2092
5177723751257800,2370,1851,2055,1885,2056,2090
5177723759095500,2369,1850,2068,1885,2055,2090
5177723759095500,2370,1846,2061,1883,2056,2091
5177723759095500,2368,1850,2061,1885,2056,2090
5177723759095500,2371,1867,2059,1878,2056,2090
5177723766625900,2369,1712,2061,1881,2092,2092
5177723766625900,2372,1851,2060,1886,2056,2093
5177723766625900,2371,1850,2058,1883,2054,2090
5177723766625900,2371,1852,2059,1886,2057,2090
5177723776132500,2370,1849,2059,1884,2058,2164
5177723776132500,2372,1850,2064,1887,2056,2096
5177723776132500,2370,1850,2056,1884,2053,2092
5177723776132500,2377,1850,2061,1882,2058,2092
5177723776132500,2380,1850,2060,1889,2052,2090
5177723785329600,2373,1850,2060,1885,2056,2115
5177723785329600,2377,1849,2060,1887,2057,2091
5177723785329600,2373,1849,2058,1885,2073,2090
5177723785329600,2373,1849,2060,1884,2056,2092
5177723794883200,2374,1850,2082,1885,2055,2100
5177723794883200,2370,1850,2059,1885,2056,2092
5177723794883200,2375,1849,2059,1886,2096,2093
5177723794883200,2382,1849,2060,1892,1800,2091
5177723794883200,2376,1853,2059,1886,2050,2095
5177723802654600,2373,1848,2058,1886,2056,2092
5177723802654600,2376,1850,2061,1886,2058,2090
5177723802654600,2372,1857,2058,1882,2056,2091
5177723802654600,2373,1849,2061,1882,2056,2095
5177723812248700,2373,1847,2060,1889,2053,2093
5177723812248700,2374,1899,2061,1884,2060,2125
5177723812248700,2410,1850,2060,1892,1801,2092
5177723812248700,2374,1850,2062,1888,2058,2093
5177723812248700,2376,1847,2083,1855,2060,2093
5177723821656100,2376,1850,2059,1882,2059,2092
5177723821656100,2376,1850,2058,1888,2057,2090
5177723821656100,2372,1848,2060,1885,2058,2091
5177723821656100,2376,1848,2065,1883,2055,2091
5177723829369100,2492,1847,2060,1884,2056,2092
5177723829369100,2379,1848,2059,1881,2058,2094
5177723829369100,2377,1850,2062,1884,2054,2087
5177723829369100,2372,1849,2061,1886,2056,2093
5177723838634800,2374,1851,2059,1881,2036,2089
5177723838634800,2375,1851,2057,1888,2055,2094
5177723838634800,2377,1853,2061,1885,2056,2093
5177723838634800,2378,1848,2060,1882,2056,2143
5177723838634800,2374,1848,2056,1878,2218,2089
5177723847712500,2375,1850,2060,1886,2057,2094
5177723847712500,2376,1850,2060,1882,2053,2091
5177723847712500,2374,1849,2063,1887,2056,2091
5177723847712500,2376,1849,2063,1882,2056,2092
5177723856183000,2374,1849,2061,1884,2055,2093
5177723856183000,2379,1850,2058,1880,2057,2092
5177723856183000,2374,1860,2059,1881,2063,2091
5177723856183000,2377,1851,2058,1888,2057,2091
5177723856183000,2376,1849,2073,1884,2058,2093
5177723865524800,2376,1851,2060,1924,2056,2088
5177723865524800,2374,1850,2059,1882,2073,2094
5177723865524800,2375,1847,2068,1885,2055,2092
5177723865524800,2375,1850,2058,1885,2057,2091
5177723874606500,2375,1850,2058,1884,2057,2092
5177723874606500,2376,1848,2061,1886,2057,2094
5177723874606500,2375,1852,2060,1884,2096,2092
5177723874606500,2376,1849,2061,1885,2055,1834
5177723874606500,2374,1849,2057,1886,2056,2092
5177723882678600,2376,1852,2059,1881,2056,2091
5177723882678600,2376,1848,2064,1886,2056,2096
5177723882678600,2376,1850,2059,1884,2056,2091
5177723882678600,2374,1849,2057,1887,2056,2092
5177723892043800,2374,1868,2061,1884,2058,2093
5177723892043800,2376,1713,2060,1880,2092,2090
5177723892043800,2376,1849,2061,1884,2056,2092
5177723892043800,2374,1849,2060,1882,2056,2088
5177723901418800,2377,1851,2058,1880,2089,2091
5177723901418800,2375,1850,2061,1882,2056,2161
5177723901418800,2377,1852,2062,1880,2056,2090
5177723901418800,2376,1851,2060,1885,2057,2091
5177723901418800,2376,1850,2058,1886,2054,2092
5177723909777600,2385,1850,2059,1886,2058,2092
5177723909777600,2374,1850,2062,1883,2056,2114
5177723909777600,2376,1848,2060,1884,2056,2090
5177723909777600,2374,1849,2059,1882,2056,2092
5177723919200400,2373,1852,2060,1886,2056,2090
5177723919200400,2377,1848,2077,1883,2054,2102
5177723919200400,2376,1847,2060,1883,2051,2090
5177723919200400,2376,1849,2059,1885,2094,2090
5177723919200400,2385,1850,2058,1892,1802,2090
5177723926600700,2374,1848,2060,1887,2056,2091
5177723926600700,2376,1848,2059,1886,2058,2093
5177723926600700,2376,1850,2057,1883,2061,2093
5177723926600700,2375,1848,2061,1878,2056,2091
5177723937471600,2379,1852,2061,1882,2056,2091
5177723937471600,2375,1850,2060,1883,2055,2091
5177723937471600,2378,1898,2061,1881,2056,2092
5177723937471600,2412,1850,2059,1889,1800,2089
5177723937471600,2376,1850,2059,1886,2056,2091
5177723945369000,2379,1848,2082,1855,2056,2091
5177723945369000,2376,1850,2057,1885,2058,2090
5177723945369000,2376,1851,2060,1888,2059,2091
5177723945369000,2375,1850,2060,1882,2057,2093
5177723953745000,2376,1849,2064,1881,2055,2093
5177723953745000,2492,1850,2057,1884,2057,2091
5177723953745000,2375,1849,2061,1881,2055,2093
5177723953745000,2377,1849,2060,1883,2057,2092
5177723963958300,2375,1849,2061,1880,2057,2093
5177723963958300,2376,1850,2058,1886,2036,2091
5177723963958300,2376,1851,2058,1882,2056,2093
5177723963958300,2374,1845,2060,1884,2056,2098
5177723963958300,2378,1850,2058,1881,2053,2142
5177723972194300,2376,1850,2058,1884,2220,2093
5177723972194300,2374,1850,2059,1885,2056,2092
5177723972194300,2378,1851,2060,1879,2056,2091
5177723972194300,2373,1850,2062,1887,2058,2090
5177723982162200,2376,1847,2062,1884,2057,2091
5177723982162200,2376,1851,2060,1879,2057,2091
5177723982162200,2377,1852,2060,1882,2067,2091
5177723982162200,2377,1858,2059,1886,2061,2090
5177723982162200,2376,1849,2060,1890,2061,2093
5177723989282300,2374,1849,2065,1882,2055,2092
5177723989282300,2375,1848,2061,1898,2058,2096
5177723989282300,2375,1851,2059,1882,2072,2093
5177723989282300,2376,1848,2066,1885,2055,2093
5177723999929900,2377,1851,2059,1884,2057,2093
5177723999929900,2376,1851,2060,1890,2058,2092
5177723999929900,2377,1848,2059,1884,2056,2095
5177723999929900,2376,1852,2058,1881,2096,2092
5177723999929900,2374,1850,2061,1884,2056,1837
5177724006661500,2375,1849,2057,1884,2056,2092
5177724006661500,2380,1850,2060,1882,2059,2091
5177724006661500,2377,1850,2067,1881,2058,2093
5177724006661500,2374,1851,2060,1883,2055,2093
5177724015662300,2378,1849,2060,1886,2056,2093
5177724015662300,2377,1870,2062,1886,2057,2332
5177724015662300,2378,1716,2059,1883,2082,2091
5177724015662300,2377,1849,2059,1882,2057,2093
5177724025814200,2377,1847,2061,1883,2057,2087
5177724025814200,2380,1848,2061,1882,2060,2091
5177724025814200,2378,1847,2060,1883,2054,2162
5177724025814200,2379,1850,2064,1883,2056,2091
5177724025814200,2378,1848,2052,1885,2055,2090
5177724033387700,2378,1849,2059,1883,2059,2094
5177724033387700,2382,1850,2059,1882,2056,2090
5177724033387700,2378,1850,2060,1884,2060,2128
5177724033387700,2378,1848,2059,1889,2054,2092
5177724043755200,2378,1850,2062,1885,2073,2093
5177724043755200,2382,1851,2060,1883,2056,2092
5177724043755200,2381,1851,2081,1883,2056,2102
5177724043755200,2379,1849,2057,1885,2056,2093
5177724043755200,2382,1849,2063,1882,2095,2092
5177724051437200,2389,1849,2058,1892,1798,2094
5177724051437200,2381,1852,2060,1886,2056,2091
5177724051437200,2381,1844,2061,1884,2056,2093
5177724051437200,2381,1850,2060,1881,2058,2093
5177724062190800,2380,1850,2059,1884,2060,2091
5177724062190800,2381,1848,2060,1887,2054,2092
5177724062190800,2382,1849,2060,1887,2056,2093
5177724062190800,2382,1906,2062,1883,2056,2093
5177724062190800,2419,1851,2060,1888,1798,2089
5177724069571900,2385,1847,2059,1880,2058,2089
5177724069571900,2383,1848,2082,1855,2057,2092
5177724069571900,2381,1850,2059,1885,2057,2094
5177724069571900,2384,1850,2057,1886,2057,2093
5177724077754500,2384,1849,2063,1881,2060,2093
5177724077754500,2382,1850,2064,1885,2057,2092
5177724077754500,2501,1851,2060,1878,2058,2095
5177724077754500,2383,1847,2060,1891,2057,2092
5177724086907100,2384,1849,2059,1883,2057,2090
5177724086907100,2384,1849,2059,1883,2056,2094
5177724086907100,2382,1850,2059,1884,2034,2093
5177724086907100,2383,1850,2057,1879,2055,2093
5177724086907100,2382,1850,2062,1888,2058,2093
5177724095419700,2382,1848,2059,1882,2054,2144
5177724095419700,2385,1848,2059,1882,2217,2093
5177724095419700,2385,1850,2059,1885,2057,2093
5177724095419700,2387,1850,2058,1884,2058,2093
5177724105045000,2385,1852,2061,1887,2057,2091
5177724105045000,2386,1850,2061,1882,2057,2092
5177724105045000,2383,1849,2062,1888,2054,2093
5177724105045000,2383,1849,2060,1885,2094,2092
5177724105045000,2385,1858,2056,1876,2060,2093
5177724113940500,2388,1848,2058,1888,2058,2092
5177724113940500,2386,1851,2094,1883,2056,2094
5177724113940500,2387,1848,2060,1880,2055,2094
5177724113940500,2387,1850,2059,1882,2068,2092
5177724123458400,2386,1849,2065,1884,2056,2090
5177724123458400,2388,1850,2060,1882,2059,2091
5177724123458400,2389,1850,2060,1884,2058,2089
5177724123458400,2388,1845,2061,1880,2058,2092
5177724123458400,2388,1848,2060,1885,2088,2086
5177724131679700,2388,1850,2061,1886,2054,1831
5177724131679700,2388,1851,2060,1883,2058,2088
5177724131679700,2392,1847,2059,1885,2058,2091
5177724131679700,2389,1849,2064,1886,2056,2089
5177724140412200,2390,1849,2060,1885,2054,2086
5177724140412200,2389,1851,2061,1883,2056,2087
5177724140412200,2389,1863,2060,1884,2057,2307
5177724140412200,2387,1713,2061,1885,2078,2087
5177724149970700,2390,1850,2060,1886,2060,2087
5177724149970700,2391,1847,2062,1887,2056,2083
5177724149970700,2389,1850,2058,1887,2064,2088
5177724149970700,2391,1849,2058,1884,2056,2146
5177724149970700,2390,1849,2058,1884,2057,2085
5177724158471500,2390,1852,2060,1888,2057,2083
5177724158471500,2388,1849,2059,1886,2056,2086
5177724158471500,2395,1850,2059,1890,2057,2088
5177724158471500,2391,1849,2060,1885,2056,2092
5177724167038300,2392,1853,2062,1890,2054,2084
5177724167038300,2394,1848,2060,1887,2057,2080
5177724167038300,2391,1850,2058,1890,2055,2080
5177724167038300,2390,1851,2081,1890,2056,2090
5177724167038300,2391,1848,2060,1891,2054,2086
5177724175713300,2394,1851,2059,1888,2084,2087
5177724175713300,2400,1849,2060,1888,1799,2085
5177724175713300,2391,1848,2061,1890,2054,2088
5177724175713300,2391,1848,2061,1892,2056,2087
5177724185245300,2392,1849,2057,1892,2055,2091
5177724185245300,2392,1852,2060,1891,2056,2093
5177724185245300,2395,1850,2060,1888,2056,2088
5177724185245300,2388,1849,2060,1892,2057,2090
5177724185245300,2392,1883,2061,1888,2057,2084
5177724193455000,2419,1847,2061,1894,1798,2079
5177724193455000,2392,1850,2059,1890,2059,2078
5177724193455000,2396,1848,2074,1887,2057,2084
5177724193455000,2394,1850,2059,1890,2056,2086
5177724201413000,2391,1847,2059,1890,2059,2085
5177724201413000,2396,1850,2061,1889,2058,2083
5177724201413000,2392,1851,2061,1887,2055,2081
5177724201413000,2510,1851,2062,1888,2057,2084
5177724212332300,2392,1849,2061,1888,2057,2085
5177724212332300,2392,1850,2061,1893,2059,2080
5177724212332300,2393,1849,2060,1888,2057,2084
5177724212332300,2392,1850,2057,1888,2033,2082
5177724212332300,2392,1850,2059,1888,2054,2085
5177724220104300,2394,1846,2062,1890,2058,2084
5177724220104300,2393,1850,2060,1886,2054,2128
5177724220104300,2394,1848,2058,1888,2218,2078
5177724220104300,2396,1848,2064,1890,2059,2081
5177724229428200,2394,1850,2060,1886,2057,2082
5177724229428200,2394,1852,2061,1889,2056,2082
5177724229428200,2391,1849,2060,1890,2056,2086
5177724229428200,2392,1849,2060,1889,2057,2084
5177724229428200,2392,1849,2060,1888,2057,2084
5177724238597000,2392,1856,2061,1888,2060,2086
5177724238597000,2392,1851,2061,1892,2056,2092
5177724238597000,2394,1849,2074,1891,2056,2089
5177724238597000,2395,1848,2062,1878,2057,2085
5177724248014700,2393,1849,2058,1891,2056,2089
5177724248014700,2394,1850,2064,1889,2056,2087
5177724248014700,2393,1852,2060,1888,2057,2088
5177724248014700,2393,1851,2061,1887,2057,2087
5177724248014700,2392,1850,2060,1888,2055,2091
5177724255813400,2393,1846,2061,1885,2084,2093
5177724255813400,2390,1852,2061,1887,2057,1834
5177724255813400,2393,1849,2062,1885,2059,2087
5177724255813400,2393,1854,2061,1886,2033,2086
5177724263516500,2390,1850,2064,1885,2054,2090
5177724263516500,2394,1851,2063,1886,2056,2088
5177724263516500,2393,1851,2064,1890,2057,2083
5177724263516500,2391,1862,2061,1889,2057,2235
5177724274161100,2394,1712,2061,1888,2076,2085
5177724274161100,2394,1852,2062,1887,2059,2086
5177724274161100,2392,1851,2059,1887,2056,2080
5177724274161100,2392,1849,2061,1888,2062,2086
5177724274161100,2394,1851,2060,1888,2054,2134
5177724281741500,2393,1851,2060,1891,2057,2082
5177724281741500,2395,1848,2060,1890,2057,2083
5177724281741500,2393,1852,2061,1890,2057,2089
5177724281741500,2396,1852,2060,1894,2056,2086
5177724292497800,2396,1851,2060,1890,2056,2080
5177724292497800,2394,1849,2062,1893,2055,2082
5177724292497800,2395,1850,2059,1889,2056,2083
5177724292497800,2394,1848,2057,1893,2057,2083
5177724292497800,2395,1849,2077,1892,2056,2089
5177724300070500,2395,1848,2058,1887,2058,2085
5177724300070500,2396,1844,2061,1887,2069,2083
5177724300070500,2404,1848,2060,1898,1800,2084
5177724300070500,2396,1849,2060,1889,2056,2084
5177724309458300,2395,1849,2061,1889,2056,2086
5177724309458300,2397,1840,2058,1888,2056,2082
5177724309458300,2395,1852,2060,1892,2054,2086
5177724309458300,2397,1849,2061,1890,2059,2085
5177724309458300,2397,1848,2061,1891,2057,2085
5177724318681800,2398,1873,2061,1888,2059,2064
5177724318681800,2421,1849,2060,1893,1800,2084
5177724318681800,2396,1850,2059,1889,2058,2087
5177724318681800,2401,1848,2069,1886,2058,2085
5177724326287200,2397,1850,2061,1890,2057,2086
5177724326287200,2399,1850,2060,1884,2057,2086
5177724326287200,2401,1849,2061,1889,2057,2086
5177724326287200,2398,1845,2061,1891,2059,2084
5177724336261500,2518,1849,2062,1892,2058,2087
5177724336261500,2401,1850,2058,1887,2058,2086
5177724336261500,2397,1848,2060,1887,2056,2086
5177724336261500,2400,1850,2061,1886,2057,2084
5177724336261500,2400,1849,2062,1888,2032,2085
5177724344985000,2401,1849,2060,1885,2056,2087
5177724344985000,2399,1849,2063,1889,2056,2086
5177724344985000,2400,1850,2058,1884,2056,2128
5177724344985000,2400,1850,2059,1888,2215,2087
5177724354575800,2399,1848,2064,1889,2055,2085
5177724354575800,2401,1849,2060,1888,2057,2086
5177724354575800,2399,1849,2063,1889,2056,2087
5177724354575800,2399,1854,2061,1888,2054,2088
5177724354575800,2404,1850,2064,1740,2055,2089
5177724361809000,2400,1850,2061,1897,2057,2088
5177724361809000,2400,1850,2061,1888,2060,2088
5177724361809000,2401,1847,2059,1894,2054,2085
5177724361809000,2400,1848,2061,1886,2056,2088
5177724372160100,2400,1849,2060,1878,2056,2085
5177724372160100,2401,1850,2061,1885,2062,2086
5177724372160100,2400,1849,2059,1890,2054,2088
5177724372160100,2400,1849,2061,1889,2055,2084
5177724372160100,2400,1854,2059,1888,2056,2085
5177724380499100,2398,1850,2061,1888,2048,2087
5177724380499100,2400,1849,2060,1888,2079,2085
5177724380499100,2400,1854,2061,1888,2056,1827
5177724380499100,2399,1851,2060,1887,2056,2085
5177724387776300,2399,1848,2061,1888,2035,2086
5177724387776300,2400,1851,2060,1894,2056,2087
5177724387776300,2400,1850,2061,1891,2055,2087
5177724387776300,2400,1849,2061,1890,2057,2086
5177724398628500,2400,1856,2064,1891,2057,2186
5177724398628500,2400,1714,2061,1890,2070,2085
5177724398628500,2400,1849,2063,1890,2056,2088
5177724398628500,2399,1850,2062,1888,2057,2084
5177724398628500,2399,1850,2059,1890,2058,2086
5177724406091300,2401,1849,2057,1888,2055,2136
5177724406091300,2397,1850,2056,1889,2056,2086
5177724406091300,2403,1849,2061,1888,2059,2087
5177724406091300,2400,1850,2061,1889,2056,2087
5177724416757500,2401,1848,2060,1890,2058,2087
5177724416757500,2400,1850,2061,1889,2057,2088
5177724416757500,2402,1848,2060,1889,2055,2088
5177724416757500,2401,1847,2060,1889,2055,2087
5177724416757500,2401,1850,2061,1890,2055,2087
5177724424606000,2400,1850,2076,1890,2057,2090
5177724424606000,2399,1850,2062,1889,2056,2086
5177724424606000,2402,1847,2061,1890,2056,2087
5177724424606000,2408,1848,2060,1894,1800,2084
5177724433554500,2400,1851,2061,1888,2053,2086
5177724433554500,2398,1848,2060,1891,2055,2082
5177724433554500,2399,1850,2061,1889,2056,2089
5177724433554500,2401,1850,2061,1888,2053,2084
5177724433554500,2399,1852,2060,1888,2057,2084
5177724442581400,2400,1848,2059,1889,2054,2086
5177724442581400,2400,1853,2063,1889,2060,2109
5177724442581400,2412,1850,2058,1892,1799,2083
5177724442581400,2401,1849,2059,1892,2059,2087
5177724450598500,2401,1848,2066,1889,2057,2085
5177724450598500,2400,1851,2061,1887,2056,2086
5177724450598500,2400,1848,2060,1888,2057,2087
5177724450598500,2400,1851,2060,1885,2053,2084
5177724460457400,2401,1850,2060,1889,2058,2086
5177724460457400,2520,1850,2060,1889,2055,2086
5177724460457400,2401,1856,2062,1890,2058,2086
5177724460457400,2402,1850,2060,1892,2057,2086
5177724460457400,2400,1849,2061,1887,2058,2086
5177724468511600,2400,1849,2062,1886,2032,2084
5177724468511600,2400,1850,2060,1888,2056,2087
5177724468511600,2401,1850,2062,1887,2056,2085
5177724468511600,2400,1850,2061,1888,2057,2128
5177724477808000,2401,1849,2061,1883,2217,2084
5177724477808000,2401,1849,2058,1887,2058,2086
5177724477808000,2406,1850,2060,1888,2058,2084
5177724477808000,2403,1846,2061,1884,2058,2084
5177724477808000,2402,1847,2063,1884,2058,2085
5177724487099200,2402,1849,2062,1884,2058,2083
5177724487099200,2399,1852,2060,1881,2056,2082
5177724487099200,2402,1853,2059,1884,2060,2086
5177724487099200,2400,1851,2058,1886,2058,2084
5177724497118200,2401,1849,2061,1883,2057,2086
5177724497118200,2403,1850,2060,1889,2058,2083
5177724497118200,2400,1849,2060,1885,2057,2084
5177724497118200,2402,1848,2060,1885,2054,2086
5177724497118200,2402,1849,2060,1883,2059,2084
5177724504699800,2403,1851,2061,1883,2148,2084
5177724504699800,2401,1849,2059,1881,2058,2086
5177724504699800,2400,1851,2062,1882,2078,2082
5177724504699800,2402,1850,2061,1885,2054,1828
5177724512578100,2400,1849,2061,1884,2052,2084
5177724512578100,2401,1850,2060,1881,2058,2083
5177724512578100,2400,1850,2059,1885,2055,2086
5177724512578100,2402,1851,2063,1884,2054,2085
5177724522263300,2400,1847,2061,1882,2056,2083
5177724522263300,2400,1853,2062,1883,2056,2085
5177724522263300,2402,1714,2061,1882,2072,2083
5177724522263300,2402,1850,2063,1882,2058,2085
5177724522263300,2399,1849,2060,1882,2055,2084
5177724531812900,2401,1851,2059,1882,2057,2088
5177724531812900,2404,1849,2062,1879,2056,2132
5177724531812900,2402,1852,2058,1883,2054,2085
5177724531812900,2404,1846,2059,1882,2055,2085
5177724541224800,2402,1849,2059,1878,2056,2087
5177724541224800,2400,1850,2062,1882,2055,2083
5177724541224800,2404,1850,2060,1877,2056,2090
5177724541224800,2402,1850,2061,1880,2055,2086
5177724541224800,2404,1852,2061,1882,2049,2085
5177724549030200,2402,1852,2063,1883,2056,2084
5177724549030200,2400,1850,2078,1880,2054,2090
5177724549030200,2403,1849,2062,1879,2056,2084
5177724549030200,2404,1847,2062,1883,2058,2086
5177724558979300,2410,1848,2061,1882,1799,2087
5177724558979300,2403,1849,2061,1881,2056,2084
5177724558979300,2402,1848,2059,1882,2058,2087
5177724558979300,2403,1848,2057,1874,2057,2085
5177724558979300,2403,1848,2061,1882,2052,2085
5177724566479700,2402,1849,2060,1883,2056,2084
5177724566479700,2402,1850,2061,1884,2055,2082
5177724566479700,2397,1859,2062,1882,2057,2085
5177724566479700,2416,1850,2061,1890,1798,2083
5177724574839300,2404,1848,2060,1884,2058,2085
5177724574839300,2403,1848,2066,1885,2056,2086
5177724574839300,2402,1849,2061,1887,2057,2085
5177724574839300,2401,1849,2060,1884,2057,2086
5177724584408300,2403,1850,2062,1886,2057,2084
5177724584408300,2403,1847,2060,1889,2057,2088
5177724584408300,2521,1849,2061,1893,2303,2087
5177724584408300,2401,1848,2061,1888,2056,2086
5177724584408300,2401,1850,2063,1889,2056,2082
5177724592418000,2402,1849,2060,1886,2058,2089
5177724592418000,2403,1851,2060,1889,2036,2086
5177724592418000,2402,1849,2060,1886,2056,2084
5177724592418000,2402,1850,2063,1890,2056,2087
5177724602528900,2401,1849,2061,1888,2056,2130
5177724602528900,2405,1849,2059,1891,2216,2087
5177724602528900,2402,1849,2059,1887,2055,2087
5177724602528900,2404,1850,2058,1890,2054,2086
5177724602528900,2403,1849,2061,1891,2056,2087
5177724611684000,2402,1846,2061,1890,2056,2084
5177724611684000,2402,1850,2061,1889,2058,2087
5177724611684000,2399,1852,2059,1890,2069,2086
5177724611684000,2402,1852,2062,1890,2061,2087
5177724621226400,2402,1849,2058,1896,2059,2086
5177724621226400,2401,1846,2061,1889,2052,2086
5177724621226400,2403,1849,2059,1892,2055,2086
5177724621226400,2401,1848,2061,1888,2058,2088
5177724621226400,2402,1849,2060,1890,2053,2087
5177724629172400,2402,1850,2059,1890,2058,2086
5177724629172400,2401,1850,2059,1888,2056,2088
5177724629172400,2401,1849,2060,1891,2057,2091
5177724629172400,2401,1850,2060,1892,2076,2086
5177724636877200,2404,1848,2062,1891,2056,1830
5177724636877200,2404,1849,2060,1892,2056,2088
5177724636877200,2402,1849,2061,1891,2038,2088
5177724636877200,2402,1848,2062,1889,2056,2088
5177724647184900,2405,1850,2061,1889,2056,2086
5177724647184900,2402,1850,2057,1894,2059,2087
5177724647184900,2401,1850,2063,1891,2058,2088
5177724647184900,2400,1713,2059,1892,2070,2085
5177724647184900,2402,1848,2061,1891,2056,2087
5177724654948000,2403,1850,2061,1890,2057,2083
5177724654948000,2404,1850,2061,1890,2065,2087
5177724654948000,2402,1849,2061,1889,2056,2134
5177724654948000,2399,1851,2057,1889,2057,2086
5177724665403300,2404,1849,2060,1889,2059,2084
5177724665403300,2402,1851,2060,1892,2057,2088
5177724665403300,2403,1851,2061,1891,2057,2085
5177724665403300,2404,1846,2063,1889,2056,2092
5177724665403300,2402,1850,2060,1890,2057,2090
5177724672978200,2398,1849,2060,1889,2057,2087
5177724672978200,2401,1849,2061,1889,2054,2091
5177724672978200,2404,1848,2076,1889,2056,2092
5177724672978200,2403,1849,2060,1893,2054,2087
5177724682740700,2406,1848,2060,1890,2068,2089
5177724682740700,2410,1847,2061,1894,1801,2087
5177724682740700,2404,1849,2061,1888,2056,2088
5177724682740700,2401,1849,2062,1889,2056,2086
5177724682740700,2404,1849,2061,1888,2057,2088
5177724690908200,2402,1849,2061,1885,2056,2087
5177724690908200,2405,1850,2062,1890,2057,2088
5177724690908200,2403,1850,2060,1889,2057,2087
5177724690908200,2402,1862,2063,1885,2056,2087
5177724698968900,2417,1849,2059,1890,1799,2084
5177724698968900,2404,1850,2055,1885,2060,2086
5177724698968900,2402,1847,2067,1890,2057,2088
5177724698968900,2401,1855,2061,1886,2057,2086
5177724708987100,2402,1849,2061,1886,2055,2086
5177724708987100,2403,1847,2060,1885,2060,2088
5177724708987100,2401,1848,2062,1884,2057,2086
5177724708987100,2521,1851,2060,1891,2055,2087
5177724708987100,2401,1848,2061,1879,2058,2088
5177724717057200,2402,1851,2062,1877,2059,2085
5177724717057200,2403,1850,2060,1877,2058,2089
5177724717057200,2402,1849,2060,1882,2036,2088
5177724717057200,2401,1849,2058,1878,2055,2086
5177724727473800,2400,1848,2062,1876,2056,2086
5177724727473800,2403,1848,2057,1880,2056,2130
5177724727473800,2405,1850,2058,1880,2214,2086
5177724727473800,2402,1853,2057,1883,2057,2087
5177724727473800,2404,1846,2060,1883,2055,2088
5177724735315000,2402,1851,2063,1881,2059,2089
5177724735315000,2401,1849,2062,1885,2057,2087
5177724735315000,2402,1850,2061,1884,2063,2086
5177724735315000,2402,1848,2060,1880,2054,2085
5177724744460300,2401,1854,2060,1882,2064,2085
5177724744460300,2404,1851,2059,1885,2057,2084
5177724744460300,2402,1850,2061,1882,2057,2083
5177724744460300,2398,1847,2060,1887,2059,2082
5177724744460300,2404,1849,2062,1886,2055,2086
5177724753494700,2400,1849,2062,1883,2052,2087
5177724753494700,2404,1850,2061,1881,2056,2086
5177724753494700,2403,1853,2060,1881,2170,2086
5177724753494700,2400,1847,2061,1886,2057,2086
5177724760868300,2401,1851,2061,1888,2077,2085
5177724760868300,2402,1850,2061,1883,2056,1831
5177724760868300,2401,1851,2058,1882,2056,2089
5177724760868300,2403,1850,2061,1882,2036,2087
5177724771570700,2404,1850,2061,1881,2055,2089
5177724771570700,2404,1853,2061,1883,2056,2086
5177724771570700,2403,1847,2061,1881,2054,2091
5177724771570700,2402,1856,2060,1882,2058,2088
5177724771570700,2402,1714,2059,1882,2069,2091
5177724779338400,2405,1849,2062,1883,2055,2090
5177724779338400,2403,1850,2061,1883,2057,2084
5177724779338400,2404,1849,2061,1883,2067,2090
5177724779338400,2405,1848,2062,1879,2055,2136
5177724789074800,2403,1850,2057,1885,2058,2092
5177724789074800,2405,1839,2060,1886,2056,2092
5177724789074800,2401,1851,2060,1880,2054,2095
5177724789074800,2404,1850,2060,1887,2055,2091
5177724789074800,2402,1850,2061,1883,2057,2096
5177724797292400,2403,1849,2061,1884,2056,2094
5177724797292400,2403,1850,2061,1885,2047,2092
5177724797292400,2402,1856,2061,1890,2056,2088
5177724797292400,2403,1849,2078,1887,2056,2092
5177724806440500,2402,1848,2060,1884,2054,2088
5177724806440500,2404,1851,2060,1881,2063,2087
5177724806440500,2409,1849,2058,1884,1800,2086
5177724806440500,2401,1847,2060,1879,2056,2091
5177724806440500,2404,1844,2063,1885,2056,2088
5177724815570600,2405,1849,2061,1880,2058,2085
5177724815570600,2401,1852,2061,1878,2056,2087
5177724815570600,2406,1848,2061,1877,2056,2091
5177724815570600,2402,1849,2062,1879,2053,2090
5177724823316900,2402,1860,2062,1881,2057,2090
5177724823316900,2416,1848,2060,1882,1798,2085
5177724823316900,2403,1849,2059,1881,2056,2086
5177724823316900,2404,1848,2067,1883,2058,2086
5177724833822800,2407,1849,2058,1885,2056,2087
5177724833822800,2402,1851,2064,1893,2059,2083
5177724833822800,2405,1849,2059,1889,2058,2089
5177724833822800,2403,1849,2062,1889,2054,2089
5177724833822800,2522,1851,2060,1889,2057,2092
5177724841568800,2403,1849,2056,1888,2055,2086
5177724841568800,2403,1848,2062,1889,2059,2086
5177724841568800,2408,1848,2059,1888,2056,2085
5177724841568800,2402,1849,2060,1884,2037,2083
5177724851310900,2404,1850,2061,1881,2056,2088
5177724851310900,2402,1849,2063,1883,2057,2090
5177724851310900,2404,1848,2061,1886,2054,2128
5177724851310900,2402,1850,2059,1881,2216,2083
5177724851310900,2401,1851,2060,1886,2057,2082
5177724859497300,2406,1849,2060,1879,2058,2085
5177724859497300,2404,1849,2063,1879,2058,2082
5177724859497300,2404,1849,2063,1878,2056,2085
5177724859497300,2404,1850,2065,1734,2055,2087
5177724868929300,2404,1848,2061,1876,2043,2085
5177724868929300,2403,1852,2058,1888,2062,2084
5177724868929300,2405,1849,2061,1886,2055,2085
5177724868929300,2404,1848,2063,1879,2057,2087
5177724868929300,2406,1849,2061,1884,2057,2088
5177724877503000,2404,1850,2063,1882,2060,2090
5177724877503000,2405,1849,2061,1884,2056,2090
5177724877503000,2404,1848,2060,1881,2058,2089
5177724877503000,2405,1850,2059,1880,2117,2090
5177724885238700,2404,1847,2062,1879,2058,2089
5177724885238700,2404,1849,2061,1880,2078,2089
5177724885238700,2403,1849,2061,1875,2057,1834
5177724885238700,2403,1848,2060,1882,2056,2088
5177724894835600,2404,1849,2058,1880,2079,2087
5177724894835600,2404,1850,2061,1881,2058,2086
5177724894835600,2406,1850,2061,1880,2057,2089
5177724894835600,2403,1850,2061,1878,2056,2091
5177724894835600,2401,1858,2062,1881,2056,2090
5177724904059600,2403,1715,2061,1878,2070,2088
5177724904059600,2404,1852,2061,1877,2056,2088
5177724904059600,2403,1850,2062,1877,2056,2084
5177724904059600,2403,1850,2062,1881,2047,2086
5177724912929700,2403,1851,2061,1882,2056,2134
5177724912929700,2405,1848,2060,1887,2056,2089
5177724912929700,2404,1849,2063,1884,2054,2087
5177724912929700,2402,1849,2061,1886,2056,2090
5177724912929700,2403,1852,2060,1888,2053,2088
5177724922071500,2406,1849,2061,1885,2058,2093
5177724922071500,2404,1852,2060,1889,2057,2089
5177724922071500,2403,1851,2059,1885,2056,2086
5177724922071500,2404,1850,2060,1888,2056,2089
5177724931094200,2403,1851,2075,1887,2056,2092
5177724931094200,2405,1849,2060,1886,2056,2088
5177724931094200,2406,1851,2059,1884,2062,2088
5177724931094200,2412,1849,2060,1886,1801,2085
5177724931094200,2405,1847,2062,1883,2054,2088
5177724940082300,2403,1850,2062,1882,2056,2087
5177724940082300,2403,1848,2060,1881,2057,2089
5177724940082300,2406,1849,2059,1881,2058,2090
5177724940082300,2406,1850,2061,1877,2058,2085
5177724947759800,2401,1849,2061,1883,2059,2091
5177724947759800,2404,1856,2063,1882,2057,2092
5177724947759800,2416,1849,2059,1886,1800,2086
5177724947759800,2404,1852,2060,1879,2058,2088
5177724957098500,2402,1848,2065,1884,2056,2088
5177724957098500,2402,1850,2061,1883,2056,2090
5177724957098500,2404,1848,2062,1883,2055,2089
5177724957098500,2403,1850,2062,1880,2056,2090
5177724957098500,2405,1849,2062,1881,2055,2086
5177724966463100,2520,1852,2060,1884,1804,2087
5177724966463100,2403,1852,2061,1881,2056,2088
5177724966463100,2404,1847,2062,1881,2056,2087
5177724966463100,2402,1850,2060,1879,2056,2090
5177724975335900,2404,1851,2060,1882,2035,2088
5177724975335900,2404,1849,2060,1881,2057,2091
5177724975335900,2402,1849,2061,1880,2055,2089
5177724975335900,2404,1849,2061,1880,2056,2134
5177724975335900,2405,1851,2061,1881,2217,2093
5177724984633300,2404,1846,2059,1880,2058,2087
5177724984633300,2406,1850,2060,1883,2057,2089
5177724984633300,2402,1850,2061,1881,2057,2090
5177724984633300,2405,1849,2062,1876,2057,2091
5177724993883200,2403,1850,2061,1877,2058,2086
5177724993883200,2401,1852,2061,1878,2058,2088
5177724993883200,2405,1853,2059,1880,2060,2090
5177724993883200,2408,1850,2062,1882,2056,2090
5177724993883200,2403,1850,2061,1880,2054,2092
5177725001712200,2402,1845,2066,1885,2056,2090
5177725001712200,2403,1850,2061,1877,2058,2090
5177725001712200,2404,1850,2061,1882,2054,2090
5177725001712200,2406,1850,2060,1880,2056,2089
5177725011365600,2404,1852,2061,1880,2116,2088
5177725011365600,2404,1850,2063,1878,2057,2091
5177725011365600,2405,1850,2061,1880,2078,2089
5177725011365600,2403,1850,2061,1881,2056,1833
5177725020142500,2404,1851,2061,1880,2055,2089
5177725020142500,2403,1849,2060,1878,2055,2090
5177725020142500,2405,1850,2060,1878,2057,2090
5177725020142500,2406,1849,2061,1882,2056,2092
5177725020142500,2405,1851,2061,1880,2057,2089
5177725027979600,2406,1856,2062,1886,2057,2221
5177725027979600,2405,1713,2061,1880,2070,2090
5177725027979600,2404,1850,2063,1883,2056,2089
5177725027979600,2404,1848,2062,1880,2057,2087
5177725037824700,2406,1850,2060,1880,2058,2090
5177725037824700,2406,1852,2062,1877,2056,2138
5177725037824700,2405,1847,2056,1883,2056,2090
5177725037824700,2405,1850,2060,1884,2054,2091
5177725037824700,2406,1848,2063,1881,2060,2092
5177725046009800,2404,1851,2060,1885,2056,2087
5177725046009800,2405,1848,2061,1883,2056,2094
5177725046009800,2408,1848,2060,1882,2055,2090
5177725046009800,2406,1850,2060,1879,2058,2090
5177725055830900,2404,1851,2061,1881,2056,2089
5177725055830900,2406,1853,2077,1880,2056,2093
5177725055830900,2406,1849,2061,1880,2058,2092
5177725055830900,2411,1851,2061,1879,2065,2083
5177725055830900,2413,1848,2062,1888,1803,2084
5177725064177400,2406,1849,2059,1881,2056,2078
5177725064177400,2404,1849,2061,1881,2055,2078
5177725064177400,2405,1850,2061,1879,2058,2084
5177725064177400,2407,1849,2060,1878,2056,2078
5177725071703200,2410,1849,2060,1881,2057,2075
5177725071703200,2409,1849,2061,1881,2056,2074
5177725071703200,2412,1863,2067,1880,2059,2054
5177725071703200,2427,1849,2059,1880,1798,2073
5177725082317400,2412,1848,2061,1883,2058,2072
5177725082317400,2413,1851,2065,1881,2059,2074
5177725082317400,2414,1849,2059,1882,2056,2083
5177725082317400,2412,1850,2060,1879,2055,2075
5177725082317400,2413,1849,2061,1878,2058,2084
5177725090012600,2413,1849,2060,1879,2055,2081
5177725090012600,2531,1849,2061,1879,1802,2085
5177725090012600,2413,1850,2059,1878,2057,2082
5177725090012600,2414,1846,2062,1882,2057,2084
5177725101197300,2412,1849,2060,1874,2057,2086
5177725101197300,2414,1851,2058,1881,2036,2081
5177725101197300,2415,1850,2062,1879,2056,2085
5177725101197300,2414,1848,2063,1880,2055,2084
5177725101197300,2415,1848,2061,1877,2056,2128
5177725107539700,2416,1850,2059,1880,2215,2088
5177725107539700,2415,1850,2057,1882,2058,2084
5177725107539700,2413,1847,2060,1879,2056,2087
5177725107539700,2416,1856,2063,1875,2057,2088
5177725118766100,2414,1849,2064,1878,2057,2087
5177725118766100,2416,1850,2061,1876,2057,2088
5177725118766100,2415,1849,2061,1877,2062,2085
5177725118766100,2415,1852,2061,1878,2060,2088
5177725118766100,2416,1848,2060,1881,2058,2088
5177725126790700,2413,1847,2059,1881,2058,2088
5177725126790700,2414,1847,2059,1882,2056,2090
5177725126790700,2416,1845,2061,1875,2062,2088
5177725126790700,2412,1851,2060,1880,2054,2090
5177725135114200,2416,1851,2062,1880,2057,2086
5177725135114200,2416,1852,2058,1876,2004,2087
5177725135114200,2415,1849,2062,1878,2056,2090
5177725135114200,2412,1850,2061,1880,2080,2086
5177725144985700,2414,1848,2063,1873,2058,1834
5177725144985700,2415,1851,2057,1882,2055,2089
5177725144985700,2415,1849,2060,1879,2056,2089
5177725144985700,2416,1849,2062,1882,2056,2090
5177725144985700,2414,1851,2061,1880,2056,2089
5177725152389000,2414,1850,2060,1877,2058,2089
5177725152389000,2414,1856,2060,1880,2057,2236
5177725152389000,2416,1713,2061,1878,2069,2090
5177725152389000,2414,1849,2060,1880,2057,2097
5177725162510200,2416,1850,2060,1884,2055,2088
5177725162510200,2413,1850,2058,1880,2050,2090
5177725162510200,2414,1850,2060,1876,2054,2137
5177725162510200,2415,1849,2057,1883,2055,2090
5177725162510200,2414,1849,2061,1879,2055,2091
5177725170285900,2413,1850,2061,1880,2057,2092
5177725170285900,2416,1849,2059,1882,2057,2091
5177725170285900,2414,1849,2061,1877,2056,2098
5177725170285900,2414,1849,2061,1878,2058,2090
5177725179756700,2414,1850,2062,1879,2064,2091
5177725179756700,2414,1847,2063,1882,2054,2092
5177725179756700,2414,1853,2080,1878,2054,2097
5177725179756700,2414,1847,2062,1879,2057,2090
5177725179756700,2416,1849,2062,1880,2060,2090
5177725189331100,2424,1847,2058,1884,1802,2090
5177725189331100,2415,1849,2061,1878,2057,2090
5177725189331100,2414,1848,2056,1879,2056,2092
5177725189331100,2415,1848,2061,1879,2062,2092
5177725197316100,2414,1849,2061,1876,2056,2091
5177725197316100,2415,1852,2061,1878,2057,2092
5177725197316100,2413,1849,2062,1879,2055,2090
5177725197316100,2416,1860,2062,1877,2057,2093
5177725206618900,2431,1845,2058,1884,1802,2090
5177725206618900,2415,1848,2060,1886,2059,2091
5177725206618900,2416,1850,2072,1880,2055,2091
5177725206618900,2414,1851,2060,1880,2054,2093
5177725206618900,2413,1851,2062,1878,2056,2092
5177725214907700,2415,1849,2060,1880,2057,2094
5177725214907700,2415,1848,2063,1879,2051,2092
5177725214907700,2532,1850,2060,1877,1800,2091
5177725214907700,2413,1854,2062,1880,2057,2091
5177725224219600,2413,1852,2061,1886,2056,2094
5177725224219600,2415,1848,2061,1878,2056,2093
5177725224219600,2415,1851,2061,1882,2036,2091
5177725224219600,2414,1850,2060,1880,2054,2093
5177725224219600,2412,1850,2061,1880,2057,2092
5177725232199300,2415,1851,2061,1880,2057,2135
5177725232199300,2413,1849,2059,1878,2216,2091
5177725232199300,2410,1856,2060,1880,2057,2092
5177725232199300,2414,1851,2058,1884,2057,2092
5177725242074300,2413,1850,2063,1880,2055,2095
5177725242074300,2414,1847,2061,1880,2065,2092
5177725242074300,2414,1850,2061,1878,2057,2094
5177725242074300,2414,1849,2060,1881,2058,2092
5177725242074300,2415,1852,2061,1880,2060,2092
5177725251476800,2416,1849,2059,1881,2056,2094
5177725251476800,2413,1852,2061,1881,2056,2092
5177725251476800,2413,1848,2059,1869,2056,2092
5177725251476800,2414,1847,2061,1877,2058,2092
5177725259090900,2413,1850,2064,1881,2056,2093
5177725259090900,2412,1851,2060,1880,2059,2090
5177725259090900,2413,1849,2059,1880,2117,2092
5177725259090900,2412,1848,2061,1875,2057,2093
5177725268855200,2413,1850,2060,1880,2080,2091
5177725268855200,2413,1850,2062,1882,2056,1835
5177725268855200,2412,1852,2060,1879,2056,2091
5177725268855200,2412,1847,2060,1877,2053,2092
5177725268855200,2411,1851,2064,1880,2056,2090
5177725276894000,2414,1848,2059,1880,2057,2092
5177725276894000,2412,1851,2061,1879,2057,2090
5177725276894000,2413,1856,2063,1880,2056,2092
5177725276894000,2413,1713,2063,1881,2072,2090
5177725286142000,2413,1849,2062,1879,2058,2090
5177725286142000,2412,1850,2060,1884,2056,2088
5177725286142000,2412,1849,2060,1880,2057,2094
5177725286142000,2412,1849,2061,1879,2053,2137
5177725286142000,2411,1851,2058,1879,2056,2090
5177725294110900,2414,1849,2054,1877,2057,2091
5177725294110900,2411,1851,2059,1878,2054,2094
5177725294110900,2414,1849,2061,1878,2057,2098
5177725294110900,2411,1852,2059,1879,2054,2098
5177725305250600,2413,1850,2060,1878,2056,2093
5177725305250600,2414,1851,2060,1877,2052,2093
5177725305250600,2414,1849,2060,1880,2050,2095
5177725305250600,2413,1851,2077,1878,2054,2097
5177725305250600,2412,1848,2061,1881,2058,2091
5177725311780500,2413,1850,2062,1879,2067,2092
5177725311780500,2420,1849,2061,1885,1800,2091
5177725311780500,2412,1849,2063,1879,2056,2092
5177725311780500,2407,1849,2060,1880,2055,2092
5177725321129800,2418,1849,2060,1880,2055,2092
5177725321129800,2410,1849,2063,1878,2054,2093
5177725321129800,2413,1852,2063,1876,2057,2091
5177725321129800,2411,1850,2068,1879,2059,2092
5177725330847800,2414,1862,2063,1878,2058,2069
5177725330847800,2430,1850,2059,1885,1800,2090
5177725330847800,2412,1850,2059,1883,2058,2089
5177725330847800,2413,1849,2070,1879,2056,2088
5177725330847800,2412,1850,2059,1879,2056,2090
5177725339374000,2413,1850,2059,1880,2057,2092
5177725339374000,2413,1850,2062,1880,2058,2093
5177725339374000,2410,1848,2062,1880,2059,2092
5177725339374000,2531,1851,2060,1876,1800,2091
5177725348869200,2411,1849,2062,1880,2057,2091
5177725348869200,2410,1849,2062,1880,2058,2087
5177725348869200,2410,1850,2061,1879,2056,2093
5177725348869200,2411,1849,2061,1880,2033,2087
5177725348869200,2409,1850,2060,1878,2054,2092
5177725356258000,2410,1848,2061,1880,2056,2090
5177725356258000,2411,1850,2059,1880,2056,2132
5177725356258000,2412,1850,2061,1876,2215,2091
5177725356258000,2411,1850,2060,1880,2055,2091
5177725367122100,2411,1851,2060,1880,2055,2092
5177725367122100,2412,1849,2063,1876,2059,2090
5177725367122100,2408,1850,2062,1878,2055,2090
5177725367122100,2410,1852,2061,1879,2055,2090
5177725367122100,2410,1850,2059,1880,2058,2092
5177725374843800,2409,1852,2061,1881,2060,2093
5177725374843800,2413,1848,2059,1882,2056,2093
5177725374843800,2405,1847,2062,1881,2056,2094
5177725374843800,2412,1849,2061,1887,2056,2093
5177725382998100,2410,1852,2061,1879,2058,2094
5177725382998100,2411,1848,2062,1881,2056,2094
5177725382998100,2412,1849,2060,1880,2055,2093
5177725382998100,2412,1852,2061,1880,2117,2093
5177725392241500,2409,1850,2059,1880,2057,2095
5177725392241500,2410,1851,2065,1881,2081,2094
5177725392241500,2412,1850,2061,1881,2056,1836
5177725392241500,2409,1849,2061,1878,2056,2092
5177725392241500,2412,1849,2059,1879,2056,2093
5177725401636500,2410,1850,2060,1880,2053,2094
5177725401636500,2412,1853,2060,1874,2056,2095
5177725401636500,2408,1849,2060,1880,2056,2091
5177725401636500,2410,1857,2061,1877,2058,2095
5177725410229800,2410,1715,2060,1880,2072,2092
5177725410229800,2410,1849,2063,1880,2054,2093
5177725410229800,2405,1852,2060,1879,2055,2091
5177725410229800,2405,1852,2064,1880,2057,2095
5177725410229800,2411,1850,2060,1879,2056,2140
5177725418390200,2414,1850,2057,1882,2057,2093
5177725418390200,2411,1848,2063,1880,2056,2091
5177725418390200,2411,1848,2061,1880,2056,2094
5177725418390200,2409,1848,2061,1881,2054,2094
5177725429327900,2410,1845,2061,1880,2056,2098
5177725429327900,2412,1850,2061,1877,2058,2090
5177725429327900,2411,1851,2061,1877,2050,2095
5177725429327900,2410,1851,2061,1879,2056,2091
5177725429327900,2409,1850,2079,1878,2054,2098
5177725437481500,2409,1848,2058,1880,2057,2092
5177725437481500,2415,1849,2062,1882,2065,2095
5177725437481500,2418,1849,2060,1884,1800,2092
5177725437481500,2411,1846,2061,1878,2053,2094
5177725445354600,2410,1850,2060,1877,2057,2088
5177725445354600,2410,1850,2061,1880,2059,2091
5177725445354600,2410,1849,2061,1876,2064,2091
5177725445354600,2411,1850,2061,1880,2057,2092
5177725454716500,2412,1849,2060,1880,2055,2091
5177725454716500,2410,1866,2061,1880,2058,2069
5177725454716500,2428,1850,2062,1884,1802,2093
5177725454716500,2411,1849,2061,1882,2056,2091
5177725454716500,2411,1850,2068,1880,2058,2091
5177725462438300,2410,1851,2063,1880,2056,2090
5177725462438300,2411,1848,2062,1880,2057,2089
5177725462438300,2411,1850,2063,1879,2056,2092
5177725462438300,2409,1848,2060,1875,2057,2091
5177725473020800,2529,1850,2061,1878,2055,2088
5177725473020800,2409,1850,2063,1881,2054,2086
5177725473020800,2413,1851,2059,1881,2056,2085
5177725473020800,2409,1850,2061,1880,2057,2086
5177725473020800,2415,1849,2058,1881,2036,2084
5177725480822600,2408,1850,2060,1880,2055,2088
5177725480822600,2412,1849,2061,1880,2056,2084
5177725480822600,2412,1848,2060,1877,2054,2130
5177725480822600,2412,1852,2059,1878,2216,2085
5177725490423700,2409,1850,2060,1879,2054,2085
5177725490423700,2411,1850,2062,1880,2057,2084
5177725490423700,2411,1850,2063,1879,2057,2086
5177725490423700,2409,1849,2062,1881,2056,2086
5177725490423700,2409,1850,2064,1729,2059,2088
5177725499504100,2410,1848,2061,1879,2057,2087
5177725499504100,2408,1854,2062,1883,2060,2087
5177725499504100,2412,1851,2060,1881,2056,2088
5177725499504100,2410,1850,2062,1878,2059,2087
5177725507368500,2406,1851,2060,1884,2057,2085
5177725507368500,2408,1850,2061,1876,2061,2089
5177725507368500,2411,1851,2062,1879,2056,2087
5177725507368500,2409,1849,2060,1881,2059,2088
5177725516643500,2410,1851,2061,1879,2002,2087
5177725516643500,2409,1850,2060,1882,2058,2093
5177725516643500,2409,1850,2061,1880,2080,2087
5177725516643500,2410,1848,2061,1879,2055,1833
5177725516643500,2406,1852,2059,1878,2058,2088
5177725526312700,2409,1851,2061,1877,2037,2085
5177725526312700,2407,1856,2066,1880,2055,2087
5177725526312700,2414,1850,2060,1881,2058,2086
5177725526312700,2412,1851,2061,1880,2055,2084
5177725535695900,2406,1858,2063,1880,2055,2225
5177725535695900,2409,1715,2061,1878,2073,2085
5177725535695900,2412,1850,2064,1878,2057,2086
5177725535695900,2409,1853,2062,1880,2055,2086
5177725535695900,2410,1851,2059,1882,2059,2089
5177725543813100,2410,1852,2062,1879,2055,2136
5177725543813100,2410,1850,2056,1881,2055,2089
5177725543813100,2410,1849,2064,1882,2056,2089
5177725543813100,2410,1852,2059,1881,2056,2093
5177725553028300,2409,1849,2060,1881,2057,2094
5177725553028300,2409,1849,2061,1877,2054,2093
5177725553028300,2412,1849,2060,1880,2058,2090
5177725553028300,2410,1849,2061,1879,2049,2088
5177725553028300,2409,1851,2063,1878,2056,2089
5177725562059700,2412,1849,2078,1882,2054,2096
5177725562059700,2410,1847,2063,1880,2056,2091
5177725562059700,2411,1849,2061,1878,2067,2093
5177725562059700,2417,1850,2060,1881,1799,2092
5177725569931700,2411,1846,2060,1880,2056,2093
5177725569931700,2410,1849,2060,1879,2058,2096
5177725569931700,2411,1848,2061,1877,2061,2095
5177725569931700,2412,1849,2061,1880,2056,2097
5177725579117300,2412,1849,2061,1880,2057,2091
5177725579117300,2409,1850,2061,1880,2056,2094
5177725579117300,2409,1860,2061,1878,2059,2067
5177725579117300,2429,1849,2060,1882,1801,2093
5177725579117300,2408,1849,2059,1883,2057,2094
5177725587806900,2408,1848,2069,1879,2057,2090
5177725587806900,2410,1851,2060,1880,2057,2092
5177725587806900,2409,1849,2061,1882,2057,2089
5177725587806900,2411,1851,2062,1879,2056,2090
5177725597062100,2409,1848,2060,1881,2054,2092
5177725597062100,2529,1850,2060,1878,2059,2093
5177725597062100,2411,1848,2058,1880,2058,2091
5177725597062100,2410,1849,2061,1882,2056,2089
5177725597062100,2411,1845,2061,1881,2057,2091
5177725605490100,2409,1848,2058,1879,2035,2089
5177725605490100,2410,1849,2061,1877,2056,2091
5177725605490100,2409,1851,2061,1879,2057,2092
5177725605490100,2407,1849,2060,1880,2055,2136
5177725615573700,2410,1850,2059,1878,2217,2093
5177725615573700,2410,1848,2062,1879,2056,2092
5177725615573700,2414,1854,2060,1882,2057,2091
5177725615573700,2410,1850,2062,1880,2057,2090
5177725615573700,2411,1851,2062,1881,2057,2092
5177725623137200,2410,1849,2064,1732,2056,2091
5177725623137200,2410,1848,2060,1878,2056,2090
5177725623137200,2407,1854,2061,1878,2058,2089
5177725623137200,2409,1849,2060,1880,2056,2090
5177725630929700,2412,1849,2064,1879,2056,2090
5177725630929700,2410,1851,2059,1894,2055,2090
5177725630929700,2408,1853,2060,1877,2060,2090
5177725630929700,2412,1847,2062,1877,2056,2087
5177725641216100,2408,1850,2061,1878,2059,2088
5177725641216100,2409,1851,2059,1880,2116,2086
5177725641216100,2410,1850,2061,1879,2054,2089
5177725641216100,2410,1849,2061,1881,2080,2088
5177725641216100,2411,1850,2061,1881,2056,1831
5177725648937000,2410,1848,2060,1882,2054,2088
5177725648937000,2410,1850,2061,1878,2034,2091
5177725648937000,2409,1850,2064,1887,2057,2088
5177725648937000,2411,1850,2062,1882,2055,2094
5177725660185400,2409,1851,2061,1879,2056,2089
5177725660185400,2408,1863,2061,1877,2059,2268
5177725660185400,2410,1714,2061,1878,2076,2089
5177725660185400,2410,1851,2062,1880,2056,2090
5177725660185400,2408,1851,2060,1880,2054,2089
5177725667778100,2409,1849,2060,1877,2059,2091
5177725667778100,2410,1850,2062,1879,2054,2138
5177725667778100,2409,1847,2060,1879,2055,2089
5177725667778100,2410,1847,2061,1877,2055,2089
5177725677945600,2410,1851,2059,1881,2057,2091
5177725677945600,2411,1850,2060,1882,2056,2089
5177725677945600,2410,1846,2061,1880,2056,2094
5177725677945600,2413,1847,2060,1880,2056,2088
5177725677945600,2411,1848,2059,1880,2057,2086
5177725686156900,2409,1849,2061,1879,2057,2086
5177725686156900,2408,1851,2074,1881,2057,2092
5177725686156900,2407,1849,2061,1881,2056,2090
5177725686156900,2410,1848,2062,1880,2081,2091
5177725694541400,2418,1849,2060,1884,1802,2086
5177725694541400,2410,1850,2063,1881,2056,2085
5177725694541400,2411,1848,2062,1882,2056,2086
5177725694541400,2410,1851,2057,1879,2057,2086
5177725703500400,2409,1849,2062,1883,2054,2087
5177725703500400,2410,1850,2061,1880,2057,2087
5177725703500400,2410,1850,2060,1885,2055,2084
5177725703500400,2409,1877,2061,1882,2057,2088
5177725703500400,2438,1850,2058,1885,1800,2086
5177725711127600,2410,1851,2063,1882,2060,2086
5177725711127600,2409,1850,2072,1881,2057,2089
5177725711127600,2411,1850,2061,1879,2057,2091
5177725711127600,2411,1847,2060,1878,2057,2089
5177725721803700,2412,1850,2062,1881,2056,2092
5177725721803700,2410,1850,2062,1881,2057,2090
5177725721803700,2526,1851,2061,1883,2055,2089
5177725721803700,2407,1849,2061,1881,2057,2090
5177725721803700,2410,1851,2059,1882,2056,2086
5177725730046500,2410,1852,2061,1880,2059,2090
5177725730046500,2404,1850,2062,1884,2035,2087
5177725730046500,2408,1853,2060,1879,2056,2087
5177725730046500,2413,1849,2063,1881,2054,2085
5177725739262900,2410,1851,2061,1881,2055,2129
5177725739262900,2412,1849,2061,1880,2215,2087
5177725739262900,2408,1848,2060,1882,2055,2084
5177725739262900,2411,1848,2060,1883,2056,2083
5177725739262900,2409,1851,2063,1879,2058,2084
5177725747252300,2408,1851,2062,1878,2053,2085
5177725747252300,2409,1850,2061,1881,2057,2083
5177725747252300,2408,1850,2061,1884,2054,2084
5177725747252300,2407,1856,2060,1882,2060,2085
5177725755292000,2410,1849,2058,1884,2057,2083
5177725755292000,2411,1848,2063,1881,2056,2085
5177725755292000,2409,1851,2060,1909,2054,2085
5177725755292000,2409,1851,2061,1878,2065,2086
5177725766176900,2409,1849,2065,1882,2056,2088
5177725766176900,2409,1849,2060,1882,2057,2090
5177725766176900,2411,1851,2061,1877,2005,2084
5177725766176900,2409,1849,2059,1880,2057,2091
5177725766176900,2408,1850,2062,1880,2090,2089
5177725774401600,2410,1850,2062,1882,2056,1832
5177725774401600,2406,1850,2058,1882,2056,2090
5177725774401600,2410,1851,2061,1878,2034,2087
5177725774401600,2409,1851,2062,1881,2056,2088
5177725783168000,2411,1851,2061,1881,2056,2089
5177725783168000,2408,1850,2061,1884,2056,2089
5177725783168000,2407,1862,2063,1879,2056,2090
5177725783168000,2409,1715,2061,1879,2077,2089
5177725783168000,2411,1848,2061,1881,2056,2090
5177725791242000,2408,1849,2062,1885,2057,2083
5177725791242000,2409,1847,2061,1880,2063,2088
5177725791242000,2409,1849,2062,1879,2056,2139
5177725791242000,2412,1849,2061,1881,2055,2089
5177725802230100,2411,1849,2060,1881,2052,2091
5177725802230100,2407,1850,2060,1881,2054,2091
5177725802230100,2412,1852,2060,1883,2056,2090
5177725802230100,2412,1845,2061,1880,2057,2094
5177725802230100,2413,1848,2061,1881,2057,2089
5177725809875900,2408,1852,2062,1879,2067,2090
5177725809875900,2409,1850,2061,1881,2056,2089
5177725809875900,2410,1851,2078,1879,2056,2094
5177725809875900,2408,1846,2062,1881,2056,2088
5177725817736500,2410,1853,2061,1878,2078,2090
5177725817736500,2420,1849,2062,1888,1802,2087
5177725817736500,2408,1849,2062,1878,2052,2088
5177725817736500,2408,1850,2060,1881,2055,2087
5177725827458100,2410,1849,2061,1880,2057,2089
5177725827458100,2408,1851,2059,1880,2056,2089
5177725827458100,2407,1848,2064,1882,2059,2086
5177725827458100,2411,1846,2062,1885,2056,2087
5177725827458100,2409,1876,2063,1880,2057,2087
5177725837157800,2436,1848,2060,1886,1800,2085
5177725837157800,2409,1850,2060,1878,2059,2087
5177725837157800,2411,1848,2072,1880,2056,2086
5177725837157800,2410,1849,2061,1881,2057,2083
5177725845093500,2409,1850,2060,1878,2057,2085
5177725845093500,2411,1851,2061,1881,2058,2087
5177725845093500,2412,1848,2064,1878,2057,2085
5177725845093500,2524,1850,2061,1883,2058,2085
5177725845093500,2409,1854,2061,1878,2055,2085
5177725854508400,2408,1850,2060,1880,2056,2085
5177725854508400,2407,1849,2062,1881,2053,2087
5177725854508400,2412,1851,2060,1880,2037,2087
5177725854508400,2410,1849,2060,1880,2056,2086
5177725864272200,2409,1850,2062,1878,2060,2088
5177725864272200,2410,1850,2059,1881,2054,2132
5177725864272200,2412,1848,2059,1880,2217,2089
5177725864272200,2409,1849,2062,1882,2056,2086
5177725864272200,2412,1851,2060,1885,2056,2083
5177725872216800,2409,1849,2063,1881,2058,2087
5177725872216800,2409,1850,2062,1879,2056,2086
5177725872216800,2412,1849,2064,1733,2058,2087
5177725872216800,2409,1849,2062,1882,2068,2086
5177725879871300,2409,1854,2061,1880,2061,2085
5177725879871300,2411,1849,2060,1884,2055,2084
5177725879871300,2410,1848,2061,1878,2057,2086
5177725879871300,2408,1850,2061,1903,2058,2085
5177725889407000,2410,1850,2061,1877,2062,2088
5177725889407000,2409,1849,2061,1882,2055,2088
5177725889407000,2411,1850,2060,1879,2057,2090
5177725889407000,2409,1848,2061,1877,2004,2086
5177725889407000,2410,1850,2061,1878,2056,2090
5177725897374500,2408,1850,2062,1879,2080,2088
5177725897374500,2410,1847,2061,1877,2056,1832
5177725897374500,2409,1850,2060,1881,2055,2089
5177725897374500,2411,1848,2060,1877,2056,2090
5177725908457800,2409,1850,2063,1881,2055,2090
5177725908457800,2410,1851,2060,1881,2056,2092
5177725908457800,2411,1850,2060,1876,2058,2087
5177725908457800,2412,1857,2062,1874,2058,2088
5177725908457800,2408,1714,2062,1880,2073,2086
5177725916369100,2410,1848,2063,1880,2060,2088
5177725916369100,2409,1850,2058,1880,2057,2084
5177725916369100,2409,1850,2063,1878,2056,2088
5177725916369100,2406,1849,2062,1878,2056,2137
5177725926108200,2409,1850,2060,1882,2056,2090
5177725926108200,2411,1850,2060,1877,2055,2089
5177725926108200,2409,1849,2061,1878,2056,2090
5177725926108200,2410,1851,2061,1882,2059,2089
5177725926108200,2410,1850,2062,1878,2056,2089
5177725933808500,2410,1850,2062,1880,2057,2084
5177725933808500,2409,1850,2060,1879,2058,2084
5177725933808500,2410,1850,2061,1880,2058,2083
5177725933808500,2410,1849,2078,1878,2057,2089
5177725941813100,2410,1848,2062,1879,2051,2084
5177725941813100,2412,1850,2062,1877,2063,2086
5177725941813100,2418,1851,2064,1880,1799,2084
5177725941813100,2412,1852,2062,1880,2054,2087
5177725952322900,2409,1849,2062,1878,2055,2084
5177725952322900,2409,1847,2061,1877,2056,2083
5177725952322900,2409,1847,2061,1880,2057,2085
5177725952322900,2410,1850,2062,1872,2057,2082
5177725952322900,2410,1850,2060,1879,2057,2086
5177725959789000,2408,1857,2063,1878,2057,2088
5177725959789000,2426,1850,2064,1882,1799,2087
5177725959789000,2411,1847,2059,1880,2059,2090
5177725959789000,2417,1851,2068,1880,2058,2092
5177725969685800,2408,1851,2061,1877,2054,2087
5177725969685800,2409,1849,2061,1877,2056,2085
5177725969685800,2409,1851,2061,1879,2056,2078
5177725969685800,2411,1846,2061,1878,2057,2085
5177725969685800,2527,1851,2060,1882,2057,2081
5177725977477400,2409,1848,2061,1877,2058,2079
5177725977477400,2410,1848,2062,1881,2056,2081
5177725977477400,2408,1850,2062,1876,2056,2083
5177725977477400,2409,1849,2060,1880,2036,2079
5177725987586100,2409,1850,2061,1878,2060,2075
5177725987586100,2409,1851,2061,1882,2058,2076
5177725987586100,2411,1850,2059,1879,2056,2120
5177725987586100,2411,1848,2061,1878,2218,2082
5177725987586100,2409,1850,2061,1881,2055,2081
5177725995772300,2411,1852,2062,1880,2057,2078
5177725995772300,2410,1849,2062,1881,2056,2081
5177725995772300,2410,1851,2062,1878,2057,2082
5177725995772300,2414,1852,2062,1878,2057,2080
5177726003697800,2409,1850,2061,1881,2057,2078
5177726003697800,2409,1852,2061,1878,2061,2082
5177726003697800,2411,1849,2060,1883,2054,2085
5177726003697800,2409,1848,2061,1878,2056,2085
5177726013743100,2411,1851,2060,1878,2056,2081
5177726013743100,2409,1850,2061,1878,2062,2086
5177726013743100,2410,1850,2063,1880,2052,2089
5177726013743100,2410,1849,2061,1878,2052,2090
5177726013743100,2409,1852,2062,1878,2002,2087
5177726021616800,2410,1847,2061,1877,2056,2089
5177726021616800,2408,1850,2059,1878,2081,2087
5177726021616800,2410,1849,2063,1878,2056,1833
5177726021616800,2406,1849,2061,1877,2054,2086
5177726032057500,2409,1850,2062,1880,2081,2088
5177726032057500,2411,1850,2060,1879,2055,2087
5177726032057500,2412,1849,2061,1880,2055,2089
5177726032057500,2409,1850,2061,1877,2056,2087
5177726032057500,2411,1856,2061,1879,2056,2086
5177726039765000,2408,1715,2062,1880,2074,2083
5177726039765000,2410,1844,2061,1879,2056,2084
5177726039765000,2409,1850,2060,1878,2055,2082
5177726039765000,2410,1850,2061,1878,2066,2085
5177726050125800,2409,1851,2061,1875,2058,2135
5177726050125800,2410,1850,2057,1880,2056,2085
5177726050125800,2410,1849,2062,1876,2055,2085
5177726050125800,2411,1850,2059,1877,2057,2087
5177726050125800,2408,1851,2061,1880,2058,2086
5177726058262800,2408,1849,2062,1874,2057,2091
5177726058262800,2411,1848,2059,1879,2059,2088
5177726058262800,2410,1849,2060,1878,2056,2087
5177726058262800,2411,1849,2061,1877,2057,2085
5177726066452500,2412,1850,2076,1877,2056,2093
5177726066452500,2410,1847,2062,1879,2057,2086
5177726066452500,2410,1850,2060,1877,2064,2087
5177726066452500,2418,1852,2060,1882,1801,2085
5177726077001600,2411,1848,2062,1878,2056,2088
5177726077001600,2409,1848,2061,1880,2057,2089
5177726077001600,2409,1850,2061,1879,2057,2089
5177726077001600,2409,1850,2060,1878,2056,2093
5177726077001600,2408,1849,2063,1879,2057,2089
5177726084940000,2409,1849,2062,1878,2053,2089
5177726084940000,2408,1861,2062,1878,2057,2088
5177726084940000,2426,1850,2062,1883,1800,2086
5177726084940000,2408,1850,2062,1880,2056,2088
5177726094204900,2411,1848,2067,1878,2058,2087
5177726094204900,2410,1850,2059,1878,2055,2087
5177726094204900,2408,1850,2064,1878,2057,2088
5177726094204900,2410,1847,2061,1878,2056,2088
5177726094204900,2408,1848,2060,1879,2055,2089
5177726102984100,2527,1850,2061,1880,1802,2086
5177726102984100,2408,1850,2061,1877,2057,2089
5177726102984100,2409,1851,2059,1878,2056,2087
5177726102984100,2409,1849,2061,1879,2058,2090
5177726112266100,2410,1850,2064,1877,2078,2090
5177726112266100,2411,1850,2059,1878,2057,2090
5177726112266100,2409,1850,2061,1878,2058,2090
5177726112266100,2412,1850,2064,1879,2056,2131
5177726112266100,2409,1848,2061,1876,2216,2090
5177726121201300,2410,1850,2061,1879,2057,2090
5177726121201300,2409,1851,2060,1877,2056,2089
5177726121201300,2409,1849,2063,1879,2055,2089
5177726121201300,2408,1851,2062,1881,2056,2089
5177726129311200,2411,1849,2062,1877,2056,2086
5177726129311200,2410,1850,2060,1880,2061,2089
5177726129311200,2410,1853,2060,1880,2060,2088
5177726129311200,2410,1848,2060,1881,2056,2090
5177726138953400,2409,1849,2062,1878,2057,2087
5177726138953400,2408,1847,2062,1878,2053,2089
5177726138953400,2408,1850,2061,1875,2061,2091
5177726138953400,2412,1851,2064,1879,2057,2089
5177726138953400,2411,1851,2060,1877,2054,2089
5177726147051800,2407,1851,2059,1875,2057,2089
5177726147051800,2409,1852,2058,1881,2054,2088
5177726147051800,2412,1849,2061,1877,2080,2087
5177726147051800,2409,1848,2062,1878,2056,1831
5177726155863800,2408,1850,2060,1878,2057,2084
5177726155863800,2410,1848,2062,1879,2079,2087
5177726155863800,2410,1850,2060,1882,2055,2084
5177726155863800,2410,1849,2062,1880,2055,2086
5177726155863800,2410,1850,2057,1876,2055,2085
5177726165217600,2411,1857,2063,1880,2059,2214
5177726165217600,2408,1713,2061,1878,2072,2084
5177726165217600,2407,1848,2063,1878,2057,2085
5177726165217600,2409,1849,2060,1878,2054,2082
5177726175220100,2409,1849,2061,1876,2065,2086
5177726175220100,2412,1850,2061,1877,2054,2134
5177726175220100,2410,1851,2057,1879,2059,2086
5177726175220100,2409,1849,2060,1878,2057,2089
5177726175220100,2410,1851,2061,1880,2057,2088
5177726182426000,2410,1850,2059,1880,2057,2088
5177726182426000,2409,1848,2061,1877,2054,2091
5177726182426000,2410,1848,2061,1879,2056,2085
5177726182426000,2409,1848,2061,1877,2049,2087
5177726191036200,2409,1847,2061,1877,2056,2088
5177726191036200,2411,1851,2078,1879,2053,2094
5177726191036200,2411,1849,2060,1875,2057,2090
5177726191036200,2412,1847,2061,1876,2067,2091
5177726201353100,2419,1848,2064,1882,1802,2089
5177726201353100,2410,1851,2061,1878,2053,2090
5177726201353100,2409,1853,2061,1878,2056,2090
5177726201353100,2408,1850,2061,1879,2060,2090
5177726201353100,2412,1851,2061,1876,2056,2090
5177726209231700,2411,1850,2062,1877,2057,2088
5177726209231700,2410,1849,2060,1879,2057,2090
5177726209231700,2410,1864,2063,1876,2057,2086
5177726209231700,2428,1847,2058,1882,1800,2087
5177726218605300,2410,1848,2060,1878,2057,2090
5177726218605300,2410,1848,2067,1879,2057,2092
5177726218605300,2411,1848,2060,1880,2059,2087
5177726218605300,2407,1850,2061,1876,2057,2089
5177726218605300,2409,1848,2061,1880,2054,2093
5177726226118800,2407,1848,2062,1877,2055,2091
5177726226118800,2527,1850,2059,1883,2057,2093
5177726226118800,2409,1850,2062,1878,2058,2090
5177726226118800,2411,1849,2060,1881,2058,2089
5177726237608500,2408,1849,2059,1878,2056,2090
5177726237608500,2408,1851,2059,1877,2029,2087
5177726237608500,2407,1849,2060,1878,2055,2088
5177726237608500,2410,1848,2061,1877,2052,2088
5177726237608500,2410,1848,2062,1878,2056,2132
5177726244748200,2408,1849,2061,1872,2216,2090
5177726244748200,2411,1848,2060,1879,2060,2090
5177726244748200,2410,1850,2060,1884,2056,2092
5177726244748200,2410,1853,2062,1877,2056,2091
5177726252973800,2409,1851,2061,1876,2057,2089
5177726252973800,2411,1849,2062,1880,2058,2085
5177726252973800,2411,1850,2061,1874,2066,2090
5177726252973800,2411,1852,2062,1878,2058,2091
5177726262155800,2409,1847,2060,1880,2058,2093
5177726262155800,2408,1852,2062,1878,2057,2090
5177726262155800,2410,1849,2060,1876,2056,2090
5177726262155800,2408,1850,2061,1875,2064,2091
5177726262155800,2410,1850,2061,1879,2060,2091
5177726271178600,2411,1847,2060,1878,2056,2090
5177726271178600,2408,1850,2063,1876,2003,2089
5177726271178600,2414,1848,2062,1876,2056,2092
5177726271178600,2408,1851,2063,1877,2078,2091
5177726280815600,2408,1850,2062,1880,2054,1836
5177726280815600,2408,1851,2061,1880,2054,2092
5177726280815600,2414,1850,2065,1878,2035,2092
5177726280815600,2408,1850,2062,1877,2055,2092
5177726280815600,2410,1854,2061,1880,2056,2091
5177726288560000,2407,1849,2061,1880,2058,2091
5177726288560000,2408,1856,2062,1878,2056,2094
5177726288560000,2408,1715,2062,1879,2072,2091
5177726288560000,2411,1850,2063,1883,2059,2091
5177726298573700,2409,1849,2057,1879,2061,2088
5177726298573700,2408,1849,2062,1877,2044,2087
5177726298573700,2410,1852,2062,1880,2055,2136
5177726298573700,2408,1850,2057,1881,2058,2088
5177726298573700,2411,1850,2061,1877,2059,2087
5177726307193000,2410,1850,2061,1879,2056,2088
5177726307193000,2408,1847,2061,1888,2057,2094
5177726307193000,2408,1851,2062,1876,2057,2096
5177726307193000,2410,1849,2061,1878,2053,2089
5177726314581400,2407,1851,2062,1880,2065,2089
5177726314581400,2408,1851,2059,1877,2058,2088
5177726314581400,2408,1852,2074,1880,2057,2093
5177726314581400,2409,1849,2063,1880,2051,2089
5177726324374500,2411,1849,2061,1875,2061,2091
5177726324374500,2417,1853,2058,1881,1806,2089
5177726324374500,2408,1850,2066,1876,2056,2092
5177726324374500,2409,1849,2061,1879,2053,2090
5177726324374500,2410,1849,2061,1874,2057,2087
5177726333566500,2409,1849,2061,1878,2057,2088
5177726333566500,2409,1851,2061,1879,2058,2089
5177726333566500,2408,1848,2061,1879,2053,2087
5177726333566500,2408,1858,2063,1880,2057,2088
5177726342608500,2424,1850,2060,1880,1798,2085
5177726342608500,2409,1846,2063,1878,2059,2089
5177726342608500,2410,1849,2066,1879,2055,2090
5177726342608500,2409,1850,2059,1876,2057,2092
5177726342608500,2409,1850,2061,1877,2058,2089
5177726351380200,2408,1850,2062,1877,2053,2092
5177726351380200,2410,1851,2060,1879,2057,2090
5177726351380200,2527,1850,2060,1882,2056,2092
5177726351380200,2407,1848,2062,1882,2053,2091
5177726361087200,2410,1847,2062,1877,2056,2090
5177726361087200,2409,1850,2060,1879,2060,2090
5177726361087200,2407,1851,2060,1881,2032,2089
5177726361087200,2410,1852,2060,1876,2054,2091
5177726361087200,2412,1848,2063,1877,2056,2092
5177726368689200,2408,1850,2061,1879,2056,2135
5177726368689200,2409,1850,2059,1878,2216,2089
5177726368689200,2410,1850,2062,1879,2056,2086
5177726368689200,2412,1849,2060,1878,2057,2087
5177726378393100,2408,1851,2063,1879,2057,2088
5177726378393100,2410,1850,2062,1880,2059,2088
5177726378393100,2410,1853,2060,1879,2056,2081
5177726378393100,2411,1851,2061,1878,2056,2087
5177726387411100,2409,1852,2061,1877,2058,2087
5177726387411100,2409,1849,2059,1880,2055,2087
5177726387411100,2408,1849,2063,1878,2057,2088
5177726387411100,2411,1849,2064,1878,2055,2085
5177726387411100,2409,1851,2060,1879,2058,2086
5177726394839600,2412,1848,2061,1879,2055,2085
5177726394839600,2409,1851,2060,1881,2058,2086
5177726394839600,2409,1849,2061,1881,2166,2086
5177726394839600,2409,1851,2061,1879,2056,2088
5177726405790100,2406,1850,2060,1878,2080,2086
5177726405790100,2408,1850,2060,1880,2057,1830
5177726405790100,2408,1849,2060,1878,2056,2086
5177726405790100,2410,1848,2062,1881,2080,2087
5177726405790100,2411,1850,2062,1880,2058,2087
5177726413803700,2410,1850,2061,1879,2058,2088
5177726413803700,2407,1847,2057,1878,2058,2087
5177726413803700,2409,1855,2061,1878,2057,2215
5177726413803700,2408,1714,2060,1880,2068,2087
5177726422815800,2410,1850,2061,1878,2056,2088
5177726422815800,2408,1847,2060,1877,2056,2085
5177726422815800,2405,1849,2062,1876,2047,2086
5177726422815800,2410,1850,2062,1878,2054,2136
5177726422815800,2411,1851,2057,1881,2058,2085
5177726432220100,2410,1850,2060,1879,2056,2089
5177726432220100,2409,1851,2061,1879,2056,2094
5177726432220100,2409,1849,2062,1880,2057,2089
5177726432220100,2412,1848,2062,1873,2058,2092
5177726439429400,2410,1847,2061,1880,2058,2089
5177726439429400,2410,1848,2061,1881,2052,2089
5177726439429400,2408,1847,2061,1880,2059,2090
5177726439429400,2408,1849,2077,1879,2056,2100
5177726450382700,2411,1848,2061,1876,2056,2091
5177726450382700,2412,1849,2061,1879,2062,2090
5177726450382700,2417,1849,2060,1885,1800,2090
5177726450382700,2412,1852,2063,1878,2057,2092
5177726450382700,2410,1850,2059,1878,2054,2092
5177726457510300,2411,1850,2061,1878,2057,2091
5177726457510300,2409,1850,2061,1875,2059,2092
5177726457510300,2408,1850,2064,1879,2057,2090
5177726457510300,2412,1849,2060,1882,2057,2091
5177726468119000,2409,1858,2063,1874,2058,2068
5177726468119000,2424,1850,2062,1880,1810,2087
5177726468119000,2410,1851,2061,1879,2058,2088
5177726468119000,2410,1848,2067,1881,2057,2089
5177726468119000,2410,1849,2061,1880,2056,2087
5177726475898200,2408,1849,2060,1879,2056,2089
5177726475898200,2409,1850,2063,1875,2056,2091
5177726475898200,2408,1851,2061,1877,2054,2090
5177726475898200,2527,1847,2060,1882,2059,2088
5177726485568000,2406,1849,2062,1880,2056,2089
5177726485568000,2412,1847,2063,1882,2058,2090
5177726485568000,2411,1847,2061,1878,2057,2088
5177726485568000,2409,1851,2061,1876,2032,2089
5177726485568000,2405,1849,2062,1878,2057,2092
5177726493234200,2410,1850,2062,1879,2056,2088
5177726493234200,2408,1853,2061,1879,2056,2132
5177726493234200,2410,1850,2061,1878,2214,2087
5177726493234200,2409,1850,2061,1882,2057,2087
5177726500954800,2408,1851,2060,1882,2056,2089
5177726500954800,2409,1851,2062,1879,2059,2088
5177726500954800,2409,1847,2063,1879,2057,2090
5177726500954800,2409,1852,2062,1877,2058,2088
5177726511479700,2407,1852,2060,1880,2059,2088
5177726511479700,2410,1856,2061,1878,2060,2088
5177726511479700,2409,1850,2058,1880,2057,2091
5177726511479700,2407,1848,2063,1879,2057,2087
5177726511479700,2409,1849,2061,1873,2057,2084
5177726520179000,2410,1850,2062,1874,2057,2087
5177726520179000,2410,1850,2060,1878,2055,2087
5177726520179000,2409,1849,2060,1878,2057,2084
5177726520179000,2411,1851,2061,1878,2003,2085
5177726528896400,2410,1850,2060,1880,2057,2087
5177726528896400,2408,1852,2062,1878,2080,2082
5177726528896400,2410,1850,2063,1879,2057,1824
5177726528896400,2409,1850,2058,1878,2058,2081
5177726528896400,2411,1851,2062,1878,2078,2079
5177726537829900,2406,1849,2060,1875,2062,2081
5177726537829900,2410,1850,2062,1880,2053,2080
5177726537829900,2410,1851,2061,1880,2056,2081
5177726537829900,2407,1856,2061,1875,2058,2084
5177726546903200,2410,1713,2061,1877,2074,2082
5177726546903200,2410,1850,2062,1877,2056,2083
5177726546903200,2410,1846,2061,1878,2053,2082
5177726546903200,2410,1850,2061,1880,2063,2087
5177726546903200,2410,1849,2061,1881,2055,2136
5177726555984000,2407,1850,2054,1881,2055,2085
5177726555984000,2410,1850,2060,1880,2055,2085
5177726555984000,2410,1850,2061,1879,2054,2086
5177726555984000,2408,1848,2060,1880,2057,2084
5177726563427800,2408,1849,2061,1877,2056,2086
5177726563427800,2410,1849,2062,1878,2055,2083
5177726563427800,2408,1849,2063,1878,2056,2082
5177726563427800,2410,1850,2060,1877,2054,2080
5177726574512100,2408,1851,2081,1877,2056,2092
5177726574512100,2407,1849,2060,1878,2057,2087
5177726574512100,2412,1845,2060,1879,2060,2085
5177726574512100,2416,1849,2060,1884,1802,2084
5177726574512100,2410,1849,2061,1877,2053,2087
5177726581315700,2408,1849,2059,1880,2053,2090
5177726581315700,2407,1850,2057,1883,2056,2093
5177726581315700,2408,1849,2060,1880,2058,2091
5177726581315700,2410,1852,2061,1877,2056,2093
5177726592076800,2409,1850,2061,1877,2052,2093
5177726592076800,2408,1861,2057,1878,2056,2092
5177726592076800,2424,1850,2060,1878,1804,2089
5177726592076800,2408,1850,2061,1879,2058,2090
5177726592076800,2410,1848,2065,1876,2056,2091
5177726599731600,2410,1849,2060,1879,2055,2091
5177726599731600,2409,1849,2060,1876,2057,2085
5177726599731600,2409,1848,2063,1877,2057,2088
5177726599731600,2409,1850,2060,1878,2057,2089
5177726609396700,2527,1848,2062,1879,2056,2087
5177726609396700,2411,1850,2064,1876,2057,2085
5177726609396700,2408,1849,2062,1876,2056,2082
5177726609396700,2410,1851,2061,1877,2056,2084
5177726609396700,2409,1849,2058,1875,2035,2080
5177726617956100,2408,1851,2060,1875,2056,2087
5177726617956100,2409,1850,2062,1876,2055,2085
5177726617956100,2408,1850,2061,1877,2058,2131
5177726617956100,2408,1850,2059,1876,2214,2086
5177726625461800,2409,1848,2060,1877,2058,2088
5177726625461800,2411,1849,2058,1880,2058,2089
5177726625461800,2411,1849,2063,1877,2056,2088
5177726625461800,2407,1850,2062,1879,2057,2091
5177726636194100,2410,1852,2062,1877,2058,2089
5177726636194100,2409,1848,2059,1874,2068,2091
5177726636194100,2409,1852,2062,1877,2060,2094
5177726636194100,2411,1849,2059,1878,2059,2093
5177726636194100,2409,1849,2062,1878,2056,2096
5177726644568400,2409,1850,2062,1882,2055,2096
5177726644568400,2410,1850,2062,1875,2057,2096
5177726644568400,2410,1851,2060,1876,2056,2093
5177726644568400,2412,1852,2064,1876,2057,2093
5177726653718100,2410,1852,2063,1876,2004,2092
5177726653718100,2410,1848,2064,1874,2056,2097
5177726653718100,2408,1849,2061,1876,2078,2096
5177726653718100,2408,1851,2062,1877,2058,1840
5177726653718100,2410,1850,2061,1881,2058,2094
5177726661676300,2410,1850,2061,1876,2034,2093
5177726661676300,2409,1851,2064,1878,2057,2095
5177726661676300,2412,1847,2061,1875,2058,2093
5177726661676300,2408,1850,2061,1877,2054,2095
5177726672273100,2408,1856,2063,1876,2058,2093
5177726672273100,2408,1714,2063,1874,2071,2090
5177726672273100,2408,1850,2063,1877,2054,2091
5177726672273100,2409,1850,2062,1875,2056,2085
5177726672273100,2408,1850,2061,1872,2065,2088
5177726679766100,2410,1850,2063,1876,2056,2134
5177726679766100,2411,1847,2058,1879,2056,2085
5177726679766100,2411,1851,2062,1876,2057,2084
5177726679766100,2408,1850,2062,1876,2056,2085
5177726687680400,2410,1849,2062,1879,2056,2087
5177726687680400,2405,1846,2063,1875,2056,2093
5177726687680400,2410,1850,2063,1876,2060,2089
5177726687680400,2408,1851,2062,1874,2065,2088
5177726698956200,2404,1850,2062,1878,2056,2089
5177726698956200,2409,1850,2080,1874,2056,2097
5177726698956200,2410,1850,2064,1876,2057,2089
5177726698956200,2410,1848,2062,1874,2063,2088
5177726698956200,2416,1845,2061,1878,1801,2090
5177726706189500,2407,1848,2063,1877,2055,2087
5177726706189500,2409,1854,2062,1872,2054,2087
5177726706189500,2410,1850,2064,1871,2056,2088
5177726706189500,2409,1850,2062,1874,2056,2088
5177726715529500,2408,1851,2061,1872,2058,2089
5177726715529500,2407,1850,2062,1875,2056,2089
5177726715529500,2410,1860,2065,1876,2056,2088
5177726715529500,2425,1850,2060,1877,1801,2083
5177726715529500,2410,1850,2062,1875,2058,2086
5177726723446500,2409,1850,2068,1873,2055,2088
5177726723446500,2409,1846,2061,1875,2055,2090
5177726723446500,2409,1852,2062,1872,2056,2091
5177726723446500,2410,1849,2063,1875,2054,2087
5177726734764700,2411,1851,2062,1877,2057,2085
5177726734764700,2530,1850,2061,1867,2059,2088
5177726734764700,2409,1850,2064,1874,2057,2082
5177726734764700,2408,1848,2064,1874,2056,2080
5177726734764700,2409,1849,2062,1872,2054,2080
5177726742456100,2407,1850,2060,1873,2036,2082
5177726742456100,2411,1852,2060,1869,2056,2084
5177726742456100,2409,1850,2065,1873,2055,2082
5177726742456100,2410,1848,2062,1873,2054,2124
5177726750273600,2411,1850,2062,1872,2213,2076
5177726750273600,2411,1848,2064,1874,2061,2080
5177726750273600,2410,1850,2062,1873,2054,2081
5177726750273600,2407,1850,2065,1875,2058,2084
5177726759501200,2409,1851,2061,1871,2058,2081
5177726759501200,2408,1855,2064,1721,2055,2080
5177726759501200,2408,1850,2061,1873,2058,2077
5177726759501200,2410,1852,2061,1873,2058,2079
5177726759501200,2409,1850,2061,1874,2058,2083
5177726768739200,2410,1850,2064,1876,2056,2082
5177726768739200,2409,1846,2064,1879,2057,2082
5177726768739200,2408,1851,2061,1872,2062,2080
5177726768739200,2409,1850,2062,1871,2054,2082
5177726777592200,2408,1848,2064,1873,2057,2081
5177726777592200,2408,1850,2064,1872,2056,2081
5177726777592200,2411,1850,2064,1872,2057,2083
5177726777592200,2408,1852,2062,1870,2080,2083
5177726777592200,2408,1850,2063,1872,2058,1829
5177726786659700,2409,1851,2063,1879,2056,2086
5177726786659700,2408,1848,2064,1872,2057,2085
5177726786659700,2410,1851,2060,1874,2055,2084
5177726786659700,2407,1849,2062,1871,2056,2082
5177726795971500,2408,1849,2065,1873,2057,2082
5177726795971500,2406,1857,2065,1874,2057,2203
5177726795971500,2410,1712,2061,1877,2070,2076
5177726795971500,2410,1848,2066,1872,2057,2075
5177726795971500,2409,1848,2066,1875,2056,2078
5177726804863100,2409,1849,2063,1873,2058,2079
5177726804863100,2411,1849,2064,1874,2056,2125
5177726804863100,2410,1852,2060,1873,2055,2080
5177726804863100,2410,1851,2060,1873,2057,2081
5177726811974100,2411,1851,2063,1879,2054,2081
5177726811974100,2408,1849,2061,1877,2055,2081
5177726811974100,2410,1851,2064,1875,2056,2086
5177726811974100,2413,1848,2063,1874,2056,2085
5177726822863000,2409,1849,2063,1871,2056,2085
5177726822863000,2409,1850,2064,1874,2056,2083
5177726822863000,2409,1851,2078,1875,2055,2088
5177726822863000,2406,1849,2064,1875,2051,2081
5177726822863000,2412,1849,2063,1873,2059,2080
5177726830220800,2418,1850,2064,1880,1797,2082
5177726830220800,2410,1851,2065,1880,2052,2085
5177726830220800,2412,1850,2063,1876,2057,2079
5177726830220800,2411,1851,2065,1878,2054,2081
5177726840158700,2411,1849,2065,1876,2054,2078
5177726840158700,2410,1849,2061,1875,2056,2080
5177726840158700,2411,1849,2063,1877,2058,2085
5177726840158700,2410,1864,2065,1878,2057,2085
5177726840158700,2426,1850,2061,1880,1801,2082
5177726847707700,2412,1849,2062,1878,2057,2080
5177726847707700,2414,1848,2068,1879,2057,2078
5177726847707700,2411,1852,2064,1878,2056,2076
5177726847707700,2409,1851,2063,1875,2057,2079
5177726858278200,2413,1849,2061,1875,2056,2080
5177726858278200,2412,1849,2064,1876,2055,2072
5177726858278200,2530,1852,2064,1872,2056,2081
5177726858278200,2409,1849,2065,1877,2057,2074
5177726858278200,2411,1850,2066,1876,2058,2076
5177726866673200,2412,1850,2063,1875,2056,2069
5177726866673200,2410,1849,2064,1876,2080,2071
5177726866673200,2410,1851,2065,1874,2056,2069
5177726866673200,2408,1854,2066,1875,2057,2071
5177726874161900,2412,1848,2063,1876,2056,2116
5177726874161900,2412,1850,2064,1880,2214,2070
5177726874161900,2413,1850,2062,1878,2056,2074
5177726874161900,2414,1849,2064,1881,2055,2074
5177726884092300,2410,1850,2066,1877,2056,2081
5177726884092300,2413,1850,2065,1877,2057,2076
5177726884092300,2412,1848,2065,1731,2057,2084
5177726884092300,2412,1849,2064,1879,2054,2069
5177726884092300,2412,1852,2064,1880,2059,2078
5177726892170100,2414,1848,2062,1880,2056,2077
5177726892170100,2412,1849,2065,1876,2057,2076
5177726892170100,2413,1849,2064,1880,2057,2069
5177726892170100,2413,1850,2063,1876,2061,2078
5177726901675500,2415,1845,2066,1878,2057,2074
5177726901675500,2414,1850,2064,1878,2056,2074
5177726901675500,2410,1851,2064,1881,2184,2080
5177726901675500,2411,1849,2068,1879,2057,2083
5177726901675500,2412,1856,2065,1882,2080,2076
5177726910922100,2413,1849,2065,1880,2057,1824
5177726910922100,2412,1853,2064,1876,2056,2084
5177726910922100,2413,1848,2066,1876,2080,2085
5177726910922100,2416,1850,2064,1883,2054,2083
5177726919924700,2413,1850,2065,1883,2056,2079
5177726919924700,2413,1850,2061,1879,2058,2080
5177726919924700,2413,1855,2065,1877,2056,2082
5177726919924700,2416,1713,2063,1881,2070,2086
5177726919924700,2415,1848,2066,1878,2055,2088
5177726928903600,2414,1849,2064,1879,2058,2086
5177726928903600,2413,1850,2063,1879,2057,2084
5177726928903600,2412,1850,2065,1877,2057,2132
5177726928903600,2417,1850,2060,1877,2056,2085
5177726936076000,2415,1843,2064,1877,2057,2085
5177726936076000,2416,1849,2063,1875,2056,2087
5177726936076000,2416,1850,2065,1881,2056,2084
5177726936076000,2416,1847,2066,1878,2056,2084
5177726946366900,2416,1847,2063,1880,2057,2079
5177726946366900,2415,1851,2063,1877,2059,2080
5177726946366900,2417,1851,2064,1880,2056,2083
5177726946366900,2418,1850,2080,1879,2061,2085
5177726946366900,2419,1848,2064,1879,2051,2080
5177726953979100,2420,1850,2065,1881,2060,2080
5177726953979100,2422,1849,2066,1884,1800,2078
5177726953979100,2417,1846,2066,1880,2054,2078
5177726953979100,2417,1850,2066,1875,2056,2078
5177726964611300,2418,1849,2064,1875,2056,2079
5177726964611300,2418,1849,2066,1877,2056,2077
5177726964611300,2421,1851,2065,1880,2057,2080
5177726964611300,2420,1848,2066,1878,2055,2078
5177726964611300,2418,1859,2066,1878,2057,2080
5177726972039800,2434,1850,2064,1882,1799,2081
5177726972039800,2418,1849,2067,1880,2055,2077
5177726972039800,2420,1849,2068,1879,2054,2077
5177726972039800,2416,1851,2064,1879,2057,2079
5177726982209500,2418,1850,2065,1878,2057,2079
5177726982209500,2417,1850,2067,1878,2056,2082
5177726982209500,2418,1850,2064,1875,2057,2081
5177726982209500,2535,1847,2066,1876,2058,2081
5177726982209500,2419,1846,2061,1878,2056,2085
5177726991197200,2418,1851,2065,1879,2056,2081
5177726991197200,2418,1851,2065,1878,2060,2084
5177726991197200,2419,1851,2065,1878,2080,2077
5177726991197200,2420,1851,2064,1877,2056,2076
5177726998570200,2418,1850,2065,1880,2056,2077
5177726998570200,2418,1848,2064,1877,2057,2121
5177726998570200,2421,1848,2064,1877,2213,2081
5177726998570200,2419,1852,2066,1879,2056,2079
5177727008936300,2420,1847,2064,1878,2056,2080
5177727008936300,2419,1849,2067,1879,2057,2076
5177727008936300,2419,1850,2065,1877,2056,2078
5177727008936300,2422,1849,2065,1729,2056,2083
5177727008936300,2419,1850,2065,1880,2056,2085
5177727016774100,2420,1852,2065,1878,2060,2086
5177727016774100,2420,1848,2065,1881,2057,2082
5177727016774100,2418,1849,2066,1878,2056,2082
5177727016774100,2419,1851,2065,1882,2057,2080
5177727026035200,2425,1849,2067,1878,2059,2078
5177727026035200,2419,1851,2064,1879,2056,2080
5177727026035200,2420,1850,2063,1879,2057,2080
5177727026035200,2418,1852,2066,1880,2119,2080
5177727026035200,2423,1849,2066,1877,2059,2079
5177727035124600,2419,1852,2063,1876,2078,2073
5177727035124600,2418,1847,2065,1880,2056,1820
5177727035124600,2418,1849,2064,1879,2056,2076
5177727035124600,2420,1849,2066,1874,2081,2070
5177727044036900,2419,1850,2066,1880,2055,2078
5177727044036900,2420,1849,2065,1877,2056,2076
5177727044036900,2421,1847,2065,1882,2056,2077
5177727044036900,2421,1856,2065,1880,2053,2207
5177727044036900,2419,1714,2063,1880,2068,2079
5177727052791400,2420,1850,2067,1880,2058,2080
5177727052791400,2419,1850,2065,1882,2057,2084
5177727052791400,2418,1850,2063,1880,2057,2079
5177727052791400,2418,1851,2066,1881,2054,2131
5177727061387300,2419,1850,2061,1881,2057,2082
5177727061387300,2419,1850,2064,1879,2056,2081
5177727061387300,2419,1851,2065,1881,2056,2081
5177727061387300,2418,1851,2064,1878,2056,2083
5177727070210100,2420,1849,2066,1872,2057,2083
5177727070210100,2418,1848,2064,1879,2057,2080
5177727070210100,2419,1849,2065,1882,2052,2079
5177727070210100,2419,1850,2064,1882,2056,2081
5177727070210100,2420,1849,2080,1881,2056,2088
5177727079274900,2420,1850,2065,1883,2057,2077
5177727079274900,2422,1849,2065,1880,2061,2082
5177727079274900,2426,1847,2065,1884,1805,2079
5177727079274900,2420,1850,2065,1877,2054,2078
5177727088572000,2416,1848,2064,1879,2059,2076
5177727088572000,2420,1849,2065,1881,2056,2077
5177727088572000,2419,1848,2065,1878,2056,2076
5177727088572000,2423,1851,2065,1881,2060,2075
5177727088572000,2419,1849,2066,1880,2055,2075
5177727096627300,2420,1857,2066,1881,2057,2074
5177727096627300,2434,1848,2064,1884,1801,2078
5177727096627300,2420,1851,2062,1882,2057,2080
5177727096627300,2420,1850,2071,1881,2057,2079
5177727106199500,2420,1848,2065,1881,2057,2078
5177727106199500,2419,1850,2064,1883,2056,2077
5177727106199500,2421,1847,2068,1882,2056,2076
5177727106199500,2421,1849,2065,1881,2057,2082
5177727106199500,2537,1852,2064,1880,1799,2079
5177727114499300,2419,1847,2064,1878,2055,2081
5177727114499300,2419,1849,2066,1882,2058,2084
5177727114499300,2420,1850,2067,1881,2056,2084
5177727114499300,2418,1850,2064,1883,2081,2082
5177727123256200,2418,1849,2064,1884,2056,2078
5177727123256200,2419,1851,2067,1882,2056,2085
5177727123256200,2424,1848,2065,1885,2058,2126
5177727123256200,2420,1851,2065,1882,2217,2081
5177727132720200,2419,1848,2067,1883,2058,2078
5177727132720200,2420,1849,2064,1884,2057,2081
5177727132720200,2418,1847,2065,1887,2057,2081
5177727132720200,2420,1850,2063,1885,2056,2077
5177727132720200,2419,1848,2067,1735,2057,2073
5177727140658400,2421,1851,2063,1887,2055,2075
5177727140658400,2419,1852,2064,1890,2060,2073
5177727140658400,2420,1850,2064,1888,2058,2073
5177727140658400,2419,1850,2066,1885,2057,2075
5177727150238100,2421,1849,2066,1884,2056,2073
5177727150238100,2421,1849,2065,1881,2055,2078
5177727150238100,2425,1850,2065,1883,2056,2077
5177727150238100,2420,1849,2067,1881,2059,2076
5177727150238100,2419,1852,2064,1883,2144,2074
5177727158888300,2418,1849,2065,1882,2058,2075
5177727158888300,2421,1849,2066,1880,2078,2075
5177727158888300,2420,1850,2065,1883,2056,1817
5177727158888300,2419,1853,2065,1881,2056,2077
5177727168142300,2419,1847,2067,1876,2055,2078
5177727168142300,2421,1848,2067,1881,2057,2080
5177727168142300,2420,1848,2066,1875,2054,2083
5177727168142300,2419,1849,2065,1876,2056,2076
5177727168142300,2420,1855,2066,1876,2054,2075
5177727177474700,2420,1713,2066,1876,2070,2074
5177727177474700,2419,1849,2067,1878,2057,2077
5177727177474700,2420,1850,2068,1876,2051,2080
5177727177474700,2421,1847,2066,1876,2047,2078
5177727185333800,2419,1850,2068,1874,2054,2123
5177727185333800,2421,1848,2062,1879,2056,2081
5177727185333800,2418,1849,2065,1879,2056,2076
5177727185333800,2417,1851,2066,1881,2056,2078
5177727195412100,2421,1847,2066,1882,2055,2078
5177727195412100,2416,1849,2068,1881,2055,2085
5177727195412100,2421,1849,2068,1879,2057,2080
5177727195412100,2418,1850,2063,1880,2057,2078
5177727195412100,2420,1848,2066,1878,2057,2078
5177727203057400,2419,1850,2080,1878,2056,2080
5177727203057400,2416,1849,2066,1878,2051,2073
5177727203057400,2422,1847,2067,1877,2061,2071
5177727203057400,2428,1849,2065,1880,1801,2071
5177727212984800,2417,1846,2066,1876,2056,2068
5177727212984800,2418,1846,2066,1875,2056,2074
5177727212984800,2419,1848,2065,1879,2058,2074
5177727212984800,2419,1850,2065,1879,2058,2078
5177727212984800,2421,1849,2067,1875,2057,2073
5177727221619500,2419,1847,2065,1879,2058,2069
5177727221619500,2420,1860,2066,1875,2059,2052
5177727221619500,2432,1851,2066,1881,1800,2073
5177727221619500,2419,1847,2065,1880,2058,2078
5177727230460600,2422,1848,2072,1878,2056,2076
5177727230460600,2422,1850,2065,1876,2056,2077
5177727230460600,2419,1849,2067,1881,2060,2079
5177727230460600,2420,1848,2067,1878,2058,2078
5177727230460600,2420,1849,2066,1877,2055,2074
5177727239152600,2538,1848,2067,1879,1800,2066
5177727239152600,2418,1849,2064,1877,2057,2077
5177727239152600,2421,1850,2066,1880,2056,2065
5177727239152600,2421,1849,2065,1878,2057,2077
5177727247029400,2420,1849,2066,1881,2081,2071
5177727247029400,2418,1849,2065,1878,2057,2072
5177727247029400,2421,1850,2067,1880,2056,2074
5177727247029400,2421,1848,2066,1877,2057,2116
5177727257448000,2420,1849,2063,1878,2216,2073
5177727257448000,2421,1849,2068,1878,2057,2072
5177727257448000,2422,1847,2066,1883,2055,2072
5177727257448000,2419,1850,2067,1881,2056,2070
5177727257448000,2418,1849,2066,1881,2058,2068
5177727265765200,2421,1850,2068,1734,2055,2069
5177727265765200,2420,1849,2065,1876,2044,2064
5177727265765200,2421,1852,2066,1880,2060,2071
5177727265765200,2420,1848,2065,1877,2058,2080
5177727274929000,2418,1848,2065,1877,2059,2068
5177727274929000,2420,1849,2067,1876,2057,2071
5177727274929000,2419,1848,2066,1879,2058,2072
5177727274929000,2418,1851,2066,1882,2056,2076
5177727274929000,2420,1851,2065,1880,2058,2071
5177727283805800,2417,1850,2066,1878,1999,2078
5177727283805800,2420,1848,2071,1874,2056,2076
5177727283805800,2418,1848,2065,1880,2078,2072
5177727283805800,2421,1851,2067,1883,2054,1817
5177727292770600,2420,1852,2066,1880,2056,2073
5177727292770600,2419,1851,2067,1880,2058,2065
5177727292770600,2420,1851,2067,1884,2056,2069
5177727292770600,2419,1850,2067,1883,2056,2071
5177727292770600,2419,1849,2068,1878,2058,2067
5177727301137000,2418,1854,2068,1880,2056,2064
5177727301137000,2420,1714,2067,1881,2067,2067
5177727301137000,2420,1847,2067,1878,2055,2069
5177727301137000,2419,1850,2067,1885,2057,2077
5177727309124700,2418,1850,2065,1882,2066,2075
5177727309124700,2420,1848,2066,1882,2062,2116
5177727309124700,2420,1851,2063,1885,2056,2072
5177727309124700,2420,1850,2067,1884,2055,2082
5177727320289000,2416,1851,2069,1880,2057,2081
5177727320289000,2422,1849,2064,1883,2056,2078
5177727320289000,2418,1850,2067,1877,2057,2077
5177727320289000,2420,1850,2067,1879,2055,2078
5177727320289000,2419,1852,2067,1881,2055,2081
5177727327431800,2416,1850,2067,1881,2056,2078
5177727327431800,2419,1850,2078,1881,2056,2090
5177727327431800,2419,1849,2069,1879,2058,2077
5177727327431800,2423,1849,2068,1880,2059,2072
5177727337318800,2426,1849,2066,1882,1801,2075
5177727337318800,2418,1850,2070,1876,2052,2074
5177727337318800,2418,1849,2067,1879,2056,2078
5177727337318800,2419,1848,2065,1878,2055,2070
5177727337318800,2421,1851,2067,1877,2060,2070
5177727344890600,2422,1848,2069,1880,2060,2076
5177727344890600,2422,1850,2068,1879,2056,2071
5177727344890600,2420,1856,2069,1880,2057,2073
5177727344890600,2433,1848,2065,1884,1801,2074
5177727354990200,2421,1848,2065,1877,2059,2067
5177727354990200,2421,1850,2072,1881,2057,2070
5177727354990200,2420,1849,2067,1879,2058,2076
5177727354990200,2423,1849,2066,1877,2054,2078
5177727354990200,2420,1847,2067,1877,2058,2077
5177727363880300,2419,1848,2068,1875,2057,2075
5177727363880300,2538,1850,2067,1874,1802,2075
5177727363880300,2419,1849,2066,1877,2057,2072
5177727363880300,2420,1849,2068,1877,2056,2068
5177727371718100,2420,1848,2067,1874,2057,2072
5177727371718100,2421,1850,2067,1873,2078,2074
5177727371718100,2416,1850,2065,1872,2056,2069
5177727371718100,2419,1848,2070,1876,2056,2069
5177727382184300,2419,1848,2067,1872,2056,2108
5177727382184300,2421,1848,2067,1872,2215,2075
5177727382184300,2421,1850,2067,1871,2058,2060
5177727382184300,2418,1849,2068,1878,2056,2066
5177727382184300,2418,1850,2070,1877,2055,2060
5177727389358000,2420,1851,2069,1874,2057,2061
5177727389358000,2419,1849,2068,1726,2057,2070
5177727389358000,2419,1850,2068,1873,2056,2067
5177727389358000,2421,1852,2067,1875,2064,2071
5177727399507500,2421,1848,2067,1874,2059,2068
5177727399507500,2418,1850,2072,1873,2056,2069
5177727399507500,2422,1853,2068,1880,2056,2072
5177727399507500,2420,1850,2067,1879,2058,2068
5177727399507500,2421,1849,2067,1877,2055,2062
5177727408104400,2420,1848,2068,1877,2057,2064
5177727408104400,2419,1851,2067,1876,1998,2062
5177727408104400,2419,1848,2069,1875,2056,2068
5177727408104400,2418,1850,2068,1880,2076,2071
5177727417110700,2421,1848,2071,1878,2056,1815
5177727417110700,2423,1848,2066,1882,2054,2070
5177727417110700,2420,1851,2067,1880,2056,2071
5177727417110700,2422,1848,2069,1882,2057,2067
5177727417110700,2420,1848,2067,1881,2058,2072
5177727424890700,2419,1849,2068,1887,2056,2071
5177727424890700,2421,1854,2069,1888,2056,2071
5177727424890700,2419,1714,2069,1895,2068,2070
5177727424890700,2422,1849,2068,1894,2055,2079
5177727434169000,2419,1849,2068,1892,2057,2074
5177727434169000,2419,1850,2068,1891,2055,2073
5177727434169000,2419,1850,2068,1892,2056,2118
5177727434169000,2420,1849,2064,1896,2056,2078
5177727443097300,2419,1846,2068,1893,2055,2074
5177727443097300,2418,1849,2069,1889,2054,2068
5177727443097300,2420,1847,2068,1888,2057,2070
5177727443097300,2417,1851,2069,1884,2058,2068
5177727443097300,2420,1849,2066,1882,2057,2072
5177727452071100,2420,1851,2067,1885,2056,2072
5177727452071100,2421,1849,2067,1885,2056,2077
5177727452071100,2419,1850,2084,1884,2056,2080
5177727452071100,2420,1850,2069,1883,2057,2078
5177727461915500,2421,1850,2070,1883,2070,2074
5177727461915500,2427,1848,2066,1890,1801,2071
5177727461915500,2418,1851,2069,1891,2054,2072
5177727461915500,2420,1849,2069,1884,2057,2072
5177727461915500,2419,1847,2067,1883,2057,2072
5177727469763000,2420,1856,2069,1883,2057,2070
5177727469763000,2421,1844,2069,1882,2058,2070
5177727469763000,2421,1849,2070,1884,2057,2069
5177727469763000,2420,1873,2069,1883,2057,2074
5177727479211400,2441,1850,2068,1890,1800,2074
5177727479211400,2418,1847,2068,1883,2058,2065
5177727479211400,2421,1848,2078,1881,2057,2062
5177727479211400,2421,1849,2069,1884,2058,2071
5177727479211400,2420,1851,2069,1880,2057,2065
5177727487497400,2420,1848,2069,1878,2055,2071
5177727487497400,2420,1849,2070,1883,2055,2070
5177727487497400,2538,1850,2070,1878,2058,2074
5177727487497400,2419,1849,2068,1888,2055,2069
5177727495255200,2418,1849,2069,1888,2057,2068
5177727495255200,2417,1850,2068,1887,2057,2073
5177727495255200,2418,1849,2070,1889,2091,2070
5177727495255200,2421,1851,2067,1884,2055,2058
5177727505976300,2420,1848,2068,1886,2058,2063
5177727505976300,2420,1848,2069,1884,2055,2110
5177727505976300,2420,1848,2067,1878,2215,2068
5177727505976300,2418,1850,2070,1886,2056,2076
5177727505976300,2421,1851,2070,1887,2055,2065
5177727513810700,2418,1851,2072,1891,2056,2072
5177727513810700,2418,1848,2070,1890,2057,2072
5177727513810700,2422,1851,2072,1742,2056,2062
5177727513810700,2419,1846,2069,1886,2056,2067
5177727523343400,2420,1856,2069,1888,2061,2065
5177727523343400,2420,1850,2068,1888,2055,2075
5177727523343400,2418,1850,2071,1887,2056,2080
5177727523343400,2419,1850,2070,1930,2056,2076
5177727523343400,2421,1849,2067,1888,2067,2076
5177727531453900,2420,1850,2072,1892,2057,2076
5177727531453900,2420,1850,2068,1892,2059,2080
5177727531453900,2419,1850,2068,1896,2146,2076
5177727531453900,2422,1849,2069,1890,2056,2087
5177727542171300,2416,1851,2069,1894,2086,2084
5177727542171300,2418,1849,2069,1895,2056,1830
5177727542171300,2419,1851,2068,1894,2054,2092
5177727542171300,2420,1848,2070,1895,2089,2086
5177727542171300,2420,1850,2076,1899,2057,2084
5177727549959200,2422,1849,2068,1893,2056,2087
5177727549959200,2419,1850,2068,1891,2057,2083
5177727549959200,2421,1865,2070,1889,2058,2087
5177727549959200,2420,1714,2070,1885,2078,2083
5177727557739500,2420,1848,2069,1891,2057,2090
5177727557739500,2418,1848,2070,1888,2057,2092
5177727557739500,2420,1851,2067,1892,2058,2084
5177727557739500,2419,1850,2071,1898,2056,2150
5177727567338500,2420,1850,2073,1896,2055,2090
5177727567338500,2418,1850,2069,1896,2057,2083
5177727567338500,2420,1849,2069,1891,2058,2086
5177727567338500,2424,1850,2069,1897,2055,2084
5177727567338500,2419,1849,2068,1899,2056,2097
5177727576603700,2420,1847,2067,1899,2055,2089
5177727576603700,2418,1846,2069,1897,2052,2091
5177727576603700,2420,1848,2069,1897,2056,2093
5177727576603700,2419,1849,2089,1891,2058,2102
5177727585697700,2419,1849,2070,1893,2054,2096
5177727585697700,2420,1847,2070,1901,2083,2093
5177727585697700,2428,1850,2068,1907,1798,2094
5177727585697700,2421,1850,2070,1892,2054,2088
5177727585697700,2422,1848,2068,1898,2056,2091
5177727593919300,2421,1849,2069,1903,2056,2094
5177727593919300,2417,1850,2071,1908,2056,2095
5177727593919300,2420,1848,2071,1906,2056,2096
5177727593919300,2419,1850,2069,1901,2056,2095
5177727603146600,2420,1893,2069,1894,2056,2096
5177727603146600,2451,1851,2068,1905,1801,2093
5177727603146600,2420,1850,2069,1905,2059,2097
5177727603146600,2420,1848,2088,1911,2058,2099
5177727603146600,2420,1849,2069,1901,2056,2098
5177727611331500,2418,1848,2071,1899,2056,2097
5177727611331500,2420,1850,2069,1902,2057,2096
5177727611331500,2421,1849,2072,1902,2057,2096
5177727611331500,2538,1849,2070,1906,2059,2101
5177727620994600,2419,1848,2069,1902,2055,2098
5177727620994600,2420,1855,2070,1893,2058,2098
5177727620994600,2419,1853,2071,1901,2056,2103
5177727620994600,2421,1849,2070,1909,2104,2103
5177727629929800,2420,1848,2069,1908,2054,2098
5177727629929800,2420,1848,2071,1899,2056,2096
5177727629929800,2417,1849,2069,1882,2058,2146
5177727629929800,2420,1846,2067,1872,2215,2104
5177727629929800,2419,1848,2069,1879,2056,2100
5177727637802800,2418,1849,2068,1902,2059,2097
5177727637802800,2422,1849,2069,1909,2059,2102
5177727637802800,2421,1849,2071,1894,2055,2096
5177727637802800,2419,1847,2072,1760,2053,2093
5177727647394900,2419,1850,2070,1900,2066,2093
5177727647394900,2421,1860,2073,1909,2060,2089
5177727647394900,2421,1852,2069,1916,2058,2091
5177727647394900,2417,1850,2071,1916,2056,2086
5177727647394900,2421,1850,2070,1970,2056,2096
5177727656716200,2419,1850,2069,1914,2068,2094
5177727656716200,2420,1850,2076,1913,2057,2088
5177727656716200,2420,1850,2072,1910,2057,2096
5177727656716200,2421,1851,2067,1914,2284,2088
5177727666036900,2420,1848,2070,1920,2057,2095
5177727666036900,2420,1850,2070,1913,2097,2098
5177727666036900,2418,1849,2069,1921,2055,1840
5177727666036900,2419,1850,2069,1905,2058,2093
5177727666036900,2421,1851,2071,1919,2056,2092
5177727673789000,2421,1849,2076,1904,2056,2098
5177727673789000,2417,1850,2071,1910,2057,2098
5177727673789000,2418,1850,2069,1918,2058,2100
5177727673789000,2419,1866,2071,1908,2056,2106
5177727683281200,2422,1714,2071,1899,2084,2110
5177727683281200,2420,1848,2069,1911,2058,2106
5177727683281200,2421,1848,2070,1913,2055,2109
5177727683281200,2422,1849,2069,1916,2062,2106
5177727692676200,2421,1848,2072,1918,2056,2167
5177727692676200,2422,1849,2073,1913,2056,2110
5177727692676200,2420,1848,2070,1912,2055,2108
5177727692676200,2418,1849,2074,1909,2055,2111
5177727692676200,2424,1851,2070,1909,2057,2114
5177727700357300,2418,1851,2073,1909,2058,2124
5177727700357300,2420,1852,2071,1920,2056,2112
5177727700357300,2422,1848,2070,1913,2073,2112
5177727700357300,2425,1848,2071,1913,2054,2118
5177727709763700,2421,1849,2094,1910,2057,2122
5177727709763700,2419,1847,2071,1918,2054,2113
5177727709763700,2421,1850,2071,1909,2087,2111
5177727709763700,2429,1848,2072,1928,1799,2114
5177727709763700,2420,1851,2069,1926,2057,2117
5177727719013800,2419,1845,2072,1921,2056,2116
5177727719013800,2420,1851,2069,1926,2054,2115
5177727719013800,2419,1850,2070,1921,2056,2119
5177727719013800,2420,1850,2071,1923,2057,2112
5177727728624900,2421,1848,2073,1927,2057,2114
5177727728624900,2421,1897,2071,1923,2057,2114
5177727728624900,2451,1850,2070,1928,1801,2111
5177727728624900,2422,1854,2069,1927,2058,2114
5177727728624900,2420,1849,2090,1923,2056,2113
5177727736428800,2418,1848,2070,1919,2060,2114
5177727736428800,2418,1850,2071,1920,2058,2111
5177727736428800,2419,1847,2072,1916,2056,2112
5177727736428800,2421,1849,2073,1919,2056,2113
5177727744223000,2538,1850,2070,1918,2056,2114
5177727744223000,2419,1849,2072,1928,2057,2115
5177727744223000,2421,1852,2073,1915,2056,2111
5177727744223000,2420,1849,2073,1915,2054,2118
5177727754442300,2422,1849,2073,1907,2056,2115
5177727754442300,2420,1849,2071,1914,2053,2117
5177727754442300,2420,1851,2072,1912,2054,2118
5177727754442300,2422,1849,2071,1910,2055,2167
5177727754442300,2418,1851,2071,1905,2216,2117
5177727762054300,2421,1850,2073,1916,2057,2116
5177727762054300,2420,1849,2072,1920,2056,2120
5177727762054300,2420,1849,2073,1925,2060,2116
5177727762054300,2423,1851,2073,1922,2057,2118
5177727773601900,2422,1850,2072,1781,2058,2116
5177727773601900,2420,1850,2070,1926,2057,2117
5177727773601900,2422,1859,2071,1923,2060,2117
5177727773601900,2422,1849,2067,1924,2060,2115
5177727773601900,2422,1850,2073,1920,2056,2113
5177727779789500,2421,1849,2072,1982,2057,2116
5177727779789500,2423,1848,2074,1923,2058,2116
5177727779789500,2422,1849,2078,1924,2056,2115
5177727779789500,2422,1851,2074,1920,2058,2117
5177727791067100,2421,1847,2073,1920,2058,2114
5177727791067100,2418,1850,2076,1920,2056,2118
5177727791067100,2422,1850,2072,1920,2096,2118
5177727791067100,2424,1848,2075,1920,2052,1861
5177727791067100,2422,1849,2072,1922,2056,2114
5177727798980700,2424,1849,2074,1924,2097,2119
5177727798980700,2424,1851,2080,1924,2054,2114
5177727798980700,2426,1850,2074,1925,2055,2110
5177727798980700,2424,1851,2073,1925,2057,2116
5177727806839700,2425,1869,2077,1921,2056,2118
5177727806839700,2426,1715,2073,1923,2078,2117
5177727806839700,2427,1850,2075,1929,2056,2118
5177727806839700,2428,1850,2073,1928,2057,2118
5177727816801400,2428,1851,2072,1926,2054,2119
5177727816801400,2428,1850,2074,1925,2056,2196
5177727816801400,2427,1849,2080,1926,2055,2120
5177727816801400,2429,1850,2073,1926,2055,2117
5177727816801400,2430,1849,2074,1924,2056,2124
5177727824207900,2436,1849,2071,1933,2058,2115
5177727824207900,2429,1853,2075,1928,2054,2135
5177727824207900,2430,1849,2075,1929,2057,2116
5177727824207900,2429,1847,2073,1937,2047,2107
5177727834963300,2431,1851,2074,1923,2056,2109
5177727834963300,2429,1848,2096,1932,2056,2113
5177727834963300,2432,1847,2074,1925,2055,2113
5177727834963300,2433,1849,2075,1929,2083,2110
5177727834963300,2440,1848,2075,1936,1798,2107
5177727842628800,2432,1852,2078,1932,2054,2112
5177727842628800,2434,1848,2076,1935,2054,2112
5177727842628800,2432,1849,2077,1933,2057,2113
5177727842628800,2435,1847,2077,1936,2057,2117
5177727851982300,2432,1852,2077,1938,2056,2116
5177727851982300,2433,1847,2078,1935,2051,2115
5177727851982300,2435,1898,2079,1937,2057,2112
5177727851982300,2470,1850,2076,1936,1801,2112
5177727851982300,2434,1850,2079,1938,2058,2106
5177727861355300,2435,1849,2096,1937,2058,2111
5177727861355300,2436,1850,2077,1938,2059,2109
5177727861355300,2434,1849,2078,1936,2059,2110
5177727861355300,2433,1848,2078,1934,2058,2110
5177727869092600,2436,1848,2080,1939,2055,2106
5177727869092600,2551,1849,2080,1940,2059,2103
5177727869092600,2434,1851,2075,1941,2056,2104
5177727869092600,2435,1847,2081,1941,2058,2103
5177727878399000,2435,1849,2080,1941,2058,2103
5177727878399000,2435,1849,2080,1938,2055,2101
5177727878399000,2437,1847,2078,1942,2057,2105
5177727878399000,2435,1848,2083,1940,2058,2096
5177727878399000,2436,1850,2078,1942,2057,2151
5177727886193900,2433,1850,2080,1942,2215,2103
5177727886193900,2436,1850,2081,1942,2058,2105
5177727886193900,2438,1849,2080,1944,2056,2110
5177727886193900,2436,1852,2083,1941,2059,2106
5177727897879600,2435,1850,2084,1945,2057,2107
5177727897879600,2438,1850,2086,2090,2059,2105
5177727897879600,2435,1849,2083,1942,2057,2102
5177727897879600,2437,1861,2087,1948,2062,2107
5177727897879600,2439,1848,2086,1943,2056,2096
5177727905395600,2436,1848,2091,1947,2057,2105
5177727905395600,2437,1850,2091,2000,2056,2092
5177727905395600,2434,1850,2089,1946,2070,2097
5177727905395600,2438,1848,2098,1948,2057,2097
5177727914547100,2437,1849,2096,1950,2057,2102
5177727914547100,2436,1849,2096,1948,2058,2097
5177727914547100,2436,1848,2097,1949,2057,2097
5177727914547100,2436,1851,2098,1948,2096,2095
5177727914547100,2434,1848,2099,1949,2054,1847
5177727923386100,2437,1850,2100,1951,2057,2093
5177727923386100,2435,1850,2099,1953,2058,2095
5177727923386100,2438,1851,2110,1954,2058,2094
5177727923386100,2438,1849,2104,1958,2058,2090
5177727930580700,2436,1851,2105,1958,2057,2089
5177727930580700,2436,1870,2109,1958,2059,2317
5177727930580700,2436,1716,2110,1961,2083,2091
5177727930580700,2440,1852,2111,1962,2058,2091
5177727941296800,2437,1850,2114,1963,2056,2077
5177727941296800,2438,1849,2115,1961,2060,2095
5177727941296800,2438,1850,2119,1963,2054,2168
5177727941296800,2436,1850,2124,1965,2057,2102
5177727941296800,2438,1848,2120,1961,2056,2090
5177727949290800,2436,1850,2119,1964,2057,2092
5177727949290800,2441,1849,2122,1964,2056,2089
5177727949290800,2436,1850,2129,1965,2056,2119
5177727949290800,2440,1848,2128,1966,2055,2093
5177727958799600,2438,1848,2131,1968,2058,2092
5177727958799600,2436,1851,2133,1971,2058,2097
5177727958799600,2436,1850,2155,1971,2056,2084
5177727958799600,2436,1849,2136,1968,2055,2093
5177727958799600,2441,1850,2136,1956,2087,2091
5177727966798200,2444,1847,2138,1946,1801,2098
5177727966798200,2437,1848,2141,1970,2056,2106
5177727966798200,2434,1849,2141,1971,2056,2142
5177727966798200,2437,1849,2144,1971,2057,2107
5177727977496600,2438,1852,2144,1970,2057,2104
5177727977496600,2438,1849,2147,1971,2058,2112
5177727977496600,2438,1849,2150,1969,2059,2110
5177727977496600,2438,1884,2151,1970,2057,2112
5177727977496600,2473,1848,2149,1978,1800,2102
5177727984842700,2438,1849,2149,1974,2058,2099
5177727984842700,2437,1849,2168,1969,2059,2103
5177727984842700,2438,1850,2149,1972,2056,2115
5177727984842700,2436,1851,2152,1969,2059,2109
5177727992587100,2439,1847,2150,1973,2060,2108
5177727992587100,2437,1849,2154,1973,2055,2110
5177727992587100,2554,1849,2152,1975,2058,2111
5177727992587100,2437,1849,2156,1973,2057,2116
5177728002916500,2438,1855,2155,1972,2060,2109
5177728002916500,2436,1849,2156,1978,2058,2118
5177728002916500,2437,1849,2154,1974,2037,2111
5177728002916500,2435,1850,2153,1974,2056,2113
5177728002916500,2436,1849,2155,1974,2062,2118
5177728010591800,2438,1846,2154,1972,2057,2164
5177728010591800,2438,1849,2155,1970,2216,2112
5177728010591800,2436,1848,2155,1975,2057,2123
5177728010591800,2442,1850,2156,1974,2058,2120
5177728021295700,2437,1848,2157,1973,2058,2121
5177728021295700,2436,1849,2156,1976,2059,2124
5177728021295700,2436,1850,2156,2122,2059,2127
5177728021295700,2438,1850,2154,1977,2056,2122
5177728021295700,2437,1860,2157,1974,2064,2126
5177728029223900,2440,1847,2156,1978,2057,2129
5177728029223900,2437,1850,2158,1972,2058,2129
5177728029223900,2437,1850,2157,2024,2056,2129
5177728029223900,2438,1850,2157,1973,2076,2129
5177728038335000,2437,1850,2168,1974,2058,2130
5177728038335000,2436,1851,2158,1976,2058,2132
5177728038335000,2436,1852,2156,1976,2206,2136
5177728038335000,2437,1848,2157,1974,2060,2130
5177728038335000,2436,1850,2158,1975,2096,2134
5177728047611200,2440,1848,2159,1977,2058,1878
5177728047611200,2437,1850,2154,1978,2059,2133
5177728047611200,2438,1849,2159,1974,2060,2132
5177728047611200,2436,1850,2168,1976,2058,2136
5177728055329600,2437,1850,2158,1974,2059,2134
5177728055329600,2435,1848,2157,1976,2061,2134
5177728055329600,2437,1869,2159,1973,2064,2134
5177728055329600,2440,1714,2157,1977,2083,2133
5177728064501700,2439,1848,2159,1976,2059,2135
5177728064501700,2435,1850,2158,1974,2059,2136
5177728064501700,2438,1850,2159,1973,2062,2136
5177728064501700,2438,1848,2159,1974,2058,2195
5177728064501700,2436,1850,2162,1975,2058,2136
5177728073729100,2439,1848,2158,1968,2059,2135
5177728073729100,2437,1848,2159,1974,2058,2135
5177728073729100,2440,1849,2160,1977,2060,2132
5177728073729100,2436,1850,2160,1975,2061,2131
5177728083078400,2440,1849,2155,1977,2059,2134
5177728083078400,2437,1848,2161,1976,2047,2137
5177728083078400,2437,1848,2159,1976,2060,2139
5177728083078400,2438,1848,2178,1977,2060,2134
5177728083078400,2435,1848,2160,1975,2062,2141
5177728090900500,2438,1848,2160,1976,2060,2140
5177728090900500,2444,1848,2160,1974,1800,2141
5177728090900500,2437,1845,2161,1972,2060,2142
5177728090900500,2435,1852,2160,1975,2058,2143
5177728101628600,2437,1851,2160,1974,2060,2142
5177728101628600,2440,1848,2159,1974,2060,2140
5177728101628600,2437,1847,2161,1975,2064,2141
5177728101628600,2436,1848,2161,1977,2062,2141
5177728101628600,2438,1843,2159,1979,2060,2164
5177728109326000,2444,1848,2158,1980,1805,2137
5177728109326000,2436,1848,2159,1978,2063,2138
5177728109326000,2438,1848,2166,1977,2060,2131
5177728109326000,2438,1846,2157,1979,2061,2141
5177728117051000,2437,1850,2160,1976,2064,2141
5177728117051000,2437,1848,2162,1975,2064,2142
5177728117051000,2435,1849,2159,1977,2061,2139
5177728117051000,2558,1848,2156,1973,1807,2143
5177728126806000,2436,1850,2158,1977,2059,2144
5177728126806000,2437,1850,2159,1978,2064,2140
5177728126806000,2435,1850,2161,1977,2062,2145
5177728126806000,2438,1849,2160,1974,2082,2145
5177728126806000,2435,1849,2157,1975,2061,2143
5177728136022900,2436,1848,2160,1976,2063,2148
5177728136022900,2438,1848,2161,1972,2061,2190
5177728136022900,2436,1848,2158,1976,2222,2149
5177728136022900,2437,1850,2161,1977,2066,2148
5177728145304000,2439,1847,2161,1975,2062,2150
5177728145304000,2436,1850,2162,1975,2063,2149
5177728145304000,2437,1849,2161,1977,2061,2150
5177728145304000,2438,1848,2161,1977,2064,2151
5177728145304000,2438,1850,2161,1979,2070,2154
5177728153087800,2437,1852,2163,1976,2070,2155
5177728153087800,2441,1849,2157,1978,2064,2151
5177728153087800,2437,1848,2161,1978,2063,2156
5177728153087800,2438,1848,2161,1960,2066,2153
5177728164141900,2437,1847,2159,1972,2064,2159
5177728164141900,2438,1850,2162,1978,2068,2157
5177728164141900,2436,1849,2159,1977,2068,2156
5177728164141900,2437,1849,2159,1974,2007,2151
5177728164141900,2436,1847,2161,1976,2069,2159
5177728171094800,2438,1850,2160,1978,2094,2155
5177728171094800,2437,1849,2161,1977,2066,2155
5177728171094800,2437,1852,2158,1976,2068,2157
5177728171094800,2440,1848,2160,1975,2067,2158
5177728179076200,2438,1850,2162,1979,2070,2160
5177728179076200,2440,1851,2159,1976,2069,2158
5177728179076200,2434,1847,2161,1976,2074,2155
5177728179076200,2435,1848,2160,1976,2071,2251
5177728189625700,2438,1713,2159,1975,2082,2156
5177728189625700,2439,1848,2159,1976,2071,2157
5177728189625700,2438,1849,2160,1978,2072,2153
5177728189625700,2436,1850,2159,1980,2073,2155
5177728189625700,2439,1849,2162,1975,2072,2200
5177728197683100,2438,1851,2156,1979,2073,2155
5177728197683100,2437,1849,2160,1976,2075,2157
5177728197683100,2436,1847,2159,1976,2076,2158
5177728197683100,2440,1850,2161,1977,2074,2158
5177728207504900,2436,1849,2161,1976,2076,2154
5177728207504900,2438,1849,2160,1980,2079,2152
5177728207504900,2438,1849,2162,1974,2084,2156
5177728207504900,2436,1847,2160,1977,2074,2150
5177728207504900,2437,1849,2180,1977,2077,2145
5177728216492800,2436,1849,2160,1981,2077,2144
5177728216492800,2440,1848,2162,1978,2077,2148
5177728216492800,2445,1849,2158,1982,1819,2149
5177728216492800,2438,1849,2161,1984,2080,2152
5177728225434000,2434,1846,2161,1983,2082,2154
5177728225434000,2438,1848,2157,1984,2083,2150
5177728225434000,2439,1848,2162,1985,2080,2153
5177728225434000,2437,1846,2160,1986,2085,2149
5177728225434000,2438,1849,2161,1988,2082,2148
5177728232968300,2438,1848,2156,1992,2084,2166
5177728232968300,2446,1848,2158,1993,1827,2134
5177728232968300,2436,1849,2159,1990,2088,2120
5177728232968300,2439,1848,2165,1990,2087,2126
5177728242322800,2438,1846,2157,1994,2087,2142
5177728242322800,2435,1849,2160,1997,2089,2143
5177728242322800,2437,1852,2161,1994,2086,2152
5177728242322800,2437,1849,2160,1999,2086,2140
5177728251685800,2557,1849,2161,1999,2090,2153
5177728251685800,2437,1846,2161,1980,2091,2152
5177728251685800,2437,1847,2160,2003,2089,2163
5177728251685800,2438,1849,2159,2007,2089,2158
5177728251685800,2434,1849,2160,2000,2114,2150
5177728259561900,2437,1850,2158,2004,2095,2137
5177728259561900,2439,1845,2161,2011,2096,2120
5177728259561900,2437,1848,2157,2004,2098,2137
5177728259561900,2437,1850,2159,2010,2256,2106
5177728270457300,2438,1849,2161,2012,2099,2087
5177728270457300,2439,1851,2162,2016,2101,2085
5177728270457300,2436,1849,2163,2017,2102,2088
5177728270457300,2440,1849,2160,2018,2100,2035
5177728270457300,2434,1850,2161,2018,2103,2038
5177728278180400,2436,1847,2159,2020,2093,2036
5177728278180400,2438,1852,2158,2017,2112,2037
5177728278180400,2438,1847,2157,2019,2106,2038
5177728278180400,2434,1848,2158,2021,2105,2041
5177728286943600,2436,1850,2160,2018,2110,2042
5177728286943600,2437,1850,2159,2022,2109,2043
5177728286943600,2436,1849,2162,2024,2111,2045
5177728286943600,2437,1849,2160,2024,2110,2044
5177728286943600,2438,1852,2160,2026,2204,2050
5177728296525200,2440,1847,2161,2027,2112,2053
5177728296525200,2438,1850,2158,2026,2134,2054
5177728296525200,2437,1848,2161,2029,2112,1799
5177728296525200,2438,1851,2160,2030,2112,2054
5177728304912200,2438,1846,2160,2029,2114,2057
5177728304912200,2439,1849,2161,2032,2113,2058
5177728304912200,2439,1852,2163,2029,2114,2058
5177728304912200,2437,1850,2160,2032,2114,2061
5177728314473300,2437,1849,2159,2035,2116,2062
5177728314473300,2439,1714,2159,2033,2126,2062
5177728314473300,2439,1849,2161,2033,2116,2061
5177728314473300,2439,1851,2160,2033,2114,2067
5177728314473300,2439,1851,2160,2035,2115,2064
5177728322394500,2438,1846,2159,2036,2117,2114
5177728322394500,2438,1850,2157,2037,2115,2063
5177728322394500,2437,1847,2160,2034,2116,2066
5177728322394500,2438,1849,2161,2035,2116,2074
5177728331493300,2434,1851,2160,2036,2115,2075
5177728331493300,2437,1848,2157,2035,2116,2074
5177728331493300,2439,1847,2159,2040,2115,2077
5177728331493300,2438,1849,2161,2032,2108,2081
5177728331493300,2439,1849,2160,2043,2116,2090
5177728339249400,2440,1848,2178,2042,2116,2095
5177728339249400,2438,1848,2160,2044,2114,2085
5177728339249400,2440,1849,2160,2044,2114,2071
5177728339249400,2443,1847,2160,2048,1860,2070
5177728350194400,2440,1849,2161,2042,2116,2067
5177728350194400,2434,1850,2161,2041,2116,2046
5177728350194400,2435,1848,2160,2048,2117,2045
5177728350194400,2436,1849,2161,2042,2116,2031
5177728350194400,2437,1850,2161,2045,2119,2028
5177728358066200,2437,1848,2162,2302,2119,2021
5177728358066200,2436,1849,2162,2046,2116,2052
5177728358066200,2443,1850,2160,2046,1860,2023
5177728358066200,2437,1848,2161,2046,2120,2019
5177728365650400,2436,1849,2167,2043,2118,2013
5177728365650400,2438,1849,2159,2043,2117,2021
5177728365650400,2435,1849,2160,2045,2118,2023
5177728365650400,2436,1848,2160,2046,2117,2017
5177728376971600,2435,1849,2161,1794,2118,2017
5177728376971600,2555,1847,2162,2049,2118,2020
5177728376971600,2435,1852,2161,2048,2118,2020
5177728376971600,2437,1853,2162,2049,2120,2016
5177728376971600,2437,1849,2164,2054,2117,2015
5177728384736000,2436,1851,2160,2050,2140,2015
5177728384736000,2436,1848,2161,2053,2118,2016
5177728384736000,2439,1848,2163,2050,2120,2016
5177728384736000,2436,1847,2159,2052,2118,2056
5177728394068700,2435,1850,2163,2052,2276,2014
5177728394068700,2437,1848,2160,2054,2120,2020
5177728394068700,2436,1849,2160,2055,2120,2014
5177728394068700,2435,1849,2164,2055,2119,2010
5177728394068700,2437,1849,2163,2056,2122,2014
5177728402744300,2436,1849,2162,2056,2118,2014
5177728402744300,2435,1848,2163,2058,2130,2013
5177728402744300,2437,1850,2163,2060,2124,2013
5177728402744300,2437,1847,2160,2056,2118,2018
5177728413060200,2436,1848,2163,2055,2118,2012
5177728413060200,2436,1849,2162,2044,2112,2012
5177728413060200,2436,1850,2161,2057,2118,2012
5177728413060200,2437,1847,2162,2060,2118,2010
5177728413060200,2436,1849,2161,2060,2119,2010
5177728419781200,2435,1852,2161,2057,2204,2008
5177728419781200,2436,1847,2163,2059,2120,2006
5177728419781200,2436,1849,2162,2060,2140,2000
5177728419781200,2434,1848,2163,2057,2117,2005
5177728429111000,2436,1849,2162,2060,2120,2004
5177728429111000,2439,1849,2163,2057,2120,2002
5177728429111000,2436,1848,2165,2061,2121,2003
5177728429111000,2438,1849,2164,2059,2120,2006
5177728438867500,2438,1847,2161,2059,2119,2008
5177728438867500,2434,1847,2165,2060,2121,2107
5177728438867500,2436,1713,2164,2060,2132,2008
5177728438867500,2437,1846,2166,2060,2120,2004
5177728438867500,2436,1849,2168,2059,2118,2004
5177728446803700,2436,1847,2165,2061,2129,2004
5177728446803700,2437,1849,2167,2062,2120,2050
5177728446803700,2435,1848,2166,2066,2115,2008
5177728446803700,2438,1850,2167,2062,2121,2007
5177728455560200,2436,1848,2167,2063,2119,2008
5177728455560200,2437,1851,2168,2064,2120,2007
5177728455560200,2435,1848,2170,2065,2120,2002
5177728455560200,2438,1851,2171,2065,2122,2006
5177728455560200,2437,1848,2170,2066,2128,2006
5177728463729700,2436,1848,2168,2066,2120,2010
5177728463729700,2435,1849,2187,2067,2118,2012
5177728463729700,2436,1848,2169,2068,2120,2011
5177728463729700,2437,1847,2170,2068,2115,2012
5177728475304900,2444,1849,2171,2066,1863,2009
5177728475304900,2436,1849,2173,2067,2120,2013
5177728475304900,2437,1847,2171,2067,2121,2016
5177728475304900,2438,1849,2172,2066,2121,2020
5177728475304900,2435,1846,2171,2064,2120,2019
5177728484366100,2435,1848,2171,2071,2122,2019
5177728484366100,2436,1848,2173,2064,2120,2021
5177728484366100,2437,1848,2172,2068,2120,2016
5177728484366100,2446,1850,2172,2070,1865,2013
5177728490466300,2436,1848,2173,2068,2119,2021
5177728490466300,2436,1846,2178,2069,2123,2021
5177728490466300,2436,1845,2172,2070,2121,2015
5177728490466300,2435,1844,2173,2067,2122,2014
5177728499942200,2436,1841,2173,2068,2121,2016
5177728499942200,2436,1843,2176,2067,2121,2019
5177728499942200,2551,1843,2174,2069,2120,2021
5177728499942200,2437,1842,2176,2069,2121,2024
5177728499942200,2436,1842,2174,2068,2122,2024
5177728507632700,2435,1841,2174,2069,2123,2024
5177728507632700,2435,1838,2172,2067,2120,2022
5177728507632700,2438,1838,2174,2068,2120,2021
5177728507632700,2436,1836,2177,2070,2124,2021
5177728518785200,2438,1833,2175,2067,2121,2063
5177728518785200,2436,1832,2174,2070,2279,2023
5177728518785200,2436,1834,2174,2071,2120,2023
5177728518785200,2435,1834,2175,2068,2122,2024
5177728518785200,2432,1834,2177,2069,2123,2022
5177728525944000,2436,1834,2175,2070,2123,2022
5177728525944000,2435,1832,2176,2070,2122,2021
5177728525944000,2436,1832,2176,2066,2132,2023
5177728525944000,2440,1833,2178,2067,2128,2022
5177728536432700,2438,1830,2176,2069,2122,2025
5177728536432700,2436,1830,2178,2069,2120,2020
5177728536432700,2438,1834,2177,2058,2121,2022
5177728536432700,2435,1830,2180,2067,2122,2020
5177728536432700,2438,1830,2183,2070,2119,2017
5177728544595000,2437,1830,2182,2068,2121,2020
5177728544595000,2435,1829,2181,2069,2060,2024
5177728544595000,2435,1827,2182,2070,2120,2024
5177728544595000,2434,1829,2178,2071,2140,2022
5177728552339400,2436,1828,2184,2068,2123,2021
5177728552339400,2435,1826,2180,2069,2120,2018
5177728552339400,2437,1823,2183,2070,2120,2022
5177728552339400,2437,1826,2185,2070,2119,2022
5177728562367200,2436,1827,2182,2070,2120,2020
5177728562367200,2436,1826,2185,2070,2122,2021
5177728562367200,2440,1824,2184,2067,2124,2018
5177728562367200,2435,1688,2183,2067,2133,2020
5177728562367200,2437,1824,2183,2068,2121,2022
5177728570387900,2434,1825,2183,2070,2123,2021
5177728570387900,2437,1827,2182,2066,2113,2021
5177728570387900,2435,1825,2184,2066,2123,2069
5177728570387900,2438,1823,2180,2071,2123,2022
5177728580073500,2435,1824,2183,2070,2124,2019
5177728580073500,2434,1823,2183,2070,2123,2021
5177728580073500,2436,1825,2184,2071,2120,2020
5177728580073500,2440,1824,2183,2069,2120,2016
5177728580073500,2437,1821,2183,2072,2121,2017
5177728588731200,2433,1824,2184,2064,2122,2018
5177728588731200,2436,1823,2184,2070,2120,2017
5177728588731200,2435,1824,2201,2074,2123,2021
5177728588731200,2436,1824,2186,2075,2120,2017
5177728598094200,2430,1822,2185,2070,2120,2019
5177728598094200,2443,1824,2186,2070,1866,2017
5177728598094200,2436,1823,2186,2070,2120,2017
5177728598094200,2435,1821,2186,2070,2120,2014
5177728598094200,2438,1828,2185,2069,2121,2011
5177728607684200,2436,1822,2189,2069,2121,2015
5177728607684200,2437,1822,2188,2069,2125,2012
5177728607684200,2437,1823,2192,2071,2122,2010
5177728607684200,2436,1822,2189,2073,2122,1989
5177728614366600,2445,1823,2187,2070,1865,2011
5177728614366600,2435,1824,2189,2075,2124,2011
5177728614366600,2437,1824,2195,2073,2123,2018
5177728614366600,2433,1823,2187,2070,2124,2010
5177728623832200,2440,1820,2193,2074,2122,2008
5177728623832200,2436,1822,2190,2071,2124,2011
5177728623832200,2436,1824,2192,2070,2123,2013
5177728623832200,2555,1823,2192,2071,2120,2015
5177728623832200,2435,1822,2191,2074,2124,2012
5177728633260200,2436,1823,2193,2076,2123,2009
5177728633260200,2433,1823,2194,2072,2124,2010
5177728633260200,2435,1824,2193,2076,2145,2013
5177728633260200,2436,1823,2193,2075,2122,2016
5177728642774900,2434,1824,2196,2075,2123,2011
5177728642774900,2434,1822,2196,2072,2124,2054
5177728642774900,2440,1824,2195,2075,2285,2013
5177728642774900,2437,1821,2194,2076,2124,2010
5177728642774900,2437,1823,2196,2075,2128,2010
5177728651203200,2437,1823,2199,2079,2125,2013
5177728651203200,2435,1822,2197,2080,2125,2011
5177728651203200,2437,1822,2198,1929,2125,2011
5177728651203200,2436,1821,2197,2079,2125,2012
5177728660440100,2437,1824,2199,2080,2133,2010
5177728660440100,2439,1824,2200,2082,2128,2013
5177728660440100,2436,1820,2202,2081,2131,2007
5177728660440100,2435,1820,2200,2082,2127,2009
5177728660440100,2436,1822,2202,2081,2132,2010
5177728669863900,2438,1822,2202,2082,2128,2010
5177728669863900,2436,1821,2202,2084,2131,2008
5177728669863900,2437,1821,2204,2083,2131,2009
5177728669863900,2434,1818,2205,2081,2133,2013
5177728677769400,2437,1820,2203,2088,2154,2007
5177728677769400,2436,1820,2205,2085,2131,2008
5177728677769400,2436,1820,2206,2086,2132,2009
5177728677769400,2435,1820,2206,2084,2154,2011
5177728686874300,2436,1819,2208,2089,2134,2008
5177728686874300,2436,1818,2207,2087,2134,2010
5177728686874300,2435,1820,2209,2089,2137,2011
5177728686874300,2435,1819,2210,2089,2138,2014
5177728686874300,2437,1681,2213,2093,2150,2007
5177728694478700,2438,1817,2211,2092,2140,2011
5177728694478700,2435,1819,2212,2090,2140,2013
5177728694478700,2434,1822,2214,2095,2131,2012
5177728694478700,2440,1820,2214,2095,2139,2058
5177728705592100,2437,1818,2211,2096,2142,2008
5177728705592100,2438,1819,2216,2096,2140,2009
5177728705592100,2435,1821,2213,2097,2139,2011
5177728705592100,2438,1821,2217,2098,2143,2007
5177728705592100,2436,1821,2217,2097,2144,2002
5177728713700700,2435,1819,2216,2099,2147,2010
5177728713700700,2435,1820,2219,2103,2144,2009
5177728713700700,2436,1818,2219,2102,2144,2004
5177728713700700,2436,1823,2238,2101,2144,2014
5177728722561200,2435,1820,2221,2100,2145,2011
5177728722561200,2438,1819,2222,2102,2141,2011
5177728722561200,2442,1817,2224,2102,1892,2010
5177728722561200,2435,1816,2223,2104,2147,2010
5177728722561200,2435,1819,2222,2104,2148,1988
5177728730325700,2436,1820,2225,2103,2147,2014
5177728730325700,2435,1819,2225,2102,2147,2014
5177728730325700,2436,1821,2225,2105,2150,2013
5177728730325700,2436,1818,2228,2106,2144,2013
5177728738642000,2436,1820,2228,2106,2148,2036
5177728738642000,2444,1818,2228,2112,1894,2011
5177728738642000,2436,1819,2227,2105,2152,2008
5177728738642000,2435,1818,2235,2108,2149,2018
5177728749543700,2434,1821,2228,2107,2150,2011
5177728749543700,2434,1819,2230,2105,2152,2009
5177728749543700,2436,1819,2233,2111,2152,2012
5177728749543700,2435,1821,2231,2110,2151,2011
5177728749543700,2558,1819,2232,2107,2148,2011
5177728757211400,2435,1818,2234,2111,2155,2010
5177728757211400,2437,1821,2233,2108,2149,2016
5177728757211400,2435,1819,2233,2112,2149,2012
5177728757211400,2437,1820,2233,2112,2152,2011
5177728766778000,2437,1818,2231,2112,2151,2011
5177728766778000,2437,1819,2235,2114,2154,2008
5177728766778000,2435,1818,2234,2112,2152,2052
5177728766778000,2436,1820,2234,2112,2053,2009
5177728766778000,2435,1819,2236,2114,2152,2010
5177728774603000,2438,1820,2234,2115,2154,2011
5177728774603000,2435,1817,2237,2113,2153,2010
5177728774603000,2436,1819,2237,2117,2150,2012
5177728774603000,2437,1819,2237,2117,2152,2013
5177728784399800,2435,1816,2237,2114,2166,2010
5177728784399800,2436,1822,2237,2115,2159,2011
5177728784399800,2441,1817,2235,2116,2154,2012
5177728784399800,2436,1819,2237,2111,2156,2010
5177728784399800,2437,1817,2240,2100,2154,2011
5177728793598100,2436,1820,2240,2117,2155,2010
5177728793598100,2436,1819,2240,2118,2157,2011
5177728793598100,2438,1819,2238,2118,2158,2010
5177728793598100,2435,1820,2238,2118,2098,2011
5177728801528800,2436,1819,2239,2115,2159,2015
5177728801528800,2433,1819,2239,2119,2182,2010
5177728801528800,2438,1820,2239,2120,2162,2012
5177728801528800,2433,1818,2242,2121,2162,2012
5177728810872800,2437,1819,2242,2118,2184,2013
5177728810872800,2437,1819,2242,2125,2166,2011
5177728810872800,2434,1819,2241,2121,2166,2012
5177728810872800,2434,1818,2241,2125,2166,2009
5177728810872800,2438,1814,2242,2123,2168,2012
5177728818539400,2436,1681,2242,2125,2176,2011
5177728818539400,2438,1819,2241,2126,2169,2011
5177728818539400,2436,1818,2242,2126,2169,2010
5177728818539400,2436,1820,2244,2130,2170,2009
5177728828729100,2435,1819,2243,2128,2170,2057
5177728828729100,2436,1819,2243,2130,2170,2009
5177728828729100,2437,1817,2242,2129,2172,2009
5177728828729100,2436,1820,2243,2131,2174,2011
5177728828729100,2438,1817,2243,2136,2174,2010
5177728837403000,2436,1821,2244,2129,2176,2004
5177728837403000,2437,1819,2244,2133,2177,2009
5177728837403000,2434,1820,2246,2131,2187,2011
5177728837403000,2435,1820,2246,2134,2178,2010
5177728847413900,2435,1818,2258,2136,2179,2016
5177728847413900,2436,1819,2247,2133,2181,2011
5177728847413900,2437,1815,2246,2132,2176,2011
5177728847413900,2444,1817,2248,2136,2183,2010
5177728847413900,2434,1819,2248,2134,2184,2012
5177728854642700,2434,1818,2253,2132,2184,2036
5177728854642700,2438,1818,2249,2134,2185,2012
5177728854642700,2437,1819,2249,2132,2185,2012
5177728854642700,2437,1823,2252,2134,2189,2016
5177728863817200,2437,1817,2252,2133,2189,2011
5177728863817200,2438,1811,2251,2138,2192,2014
5177728863817200,2440,1819,2252,2142,1934,2007
5177728863817200,2436,1819,2251,2139,2196,2010
5177728873068700,2436,1818,2260,2139,2194,2012
5177728873068700,2437,1819,2252,2141,2198,2011
5177728873068700,2437,1818,2250,2144,2197,2012
5177728873068700,2438,1818,2254,2141,2196,2011
5177728873068700,2436,1818,2252,2143,2199,2010
5177728881093500,2555,1822,2256,2145,2200,2012
5177728881093500,2434,1820,2257,2146,2201,2010
5177728881093500,2436,1818,2256,2145,2202,2014
5177728881093500,2434,1819,2257,2139,2202,2013
5177728890972100,2435,1819,2254,2142,2182,2011
5177728890972100,2434,1818,2256,2144,2202,2013
5177728890972100,2437,1818,2258,2145,2202,2016
5177728890972100,2436,1821,2257,2149,2203,2053
5177728890972100,2436,1819,2256,2145,2104,2015
5177728898847800,2437,1817,2258,2149,2207,2014
5177728898847800,2436,1818,2259,2148,2205,2013
5177728898847800,2434,1818,2261,2149,2206,2014
5177728898847800,2435,1817,2260,2149,2205,2012
5177728908426300,2436,1820,2259,2004,2205,2010
5177728908426300,2436,1818,2258,2150,2206,2014
5177728908426300,2435,1821,2258,2152,2210,2015
5177728908426300,2436,1819,2257,2152,2207,2013
5177728908426300,2435,1818,2259,2149,2209,2014
5177728917601900,2436,1819,2258,2130,2211,2012
5177728917601900,2435,1816,2261,2147,2210,2014
5177728917601900,2434,1818,2262,2153,2210,2018
5177728917601900,2437,1816,2260,2153,2211,2014
5177728925443600,2436,1820,2261,2154,2277,2015
5177728925443600,2436,1817,2262,2154,2212,2015
5177728925443600,2436,1816,2263,2152,2232,2015
5177728925443600,2437,1820,2263,2154,2212,2016
5177728935089700,2435,1819,2264,2152,2211,2016
5177728935089700,2435,1822,2263,2152,2213,2015
5177728935089700,2440,1818,2265,2157,2214,2015
5177728935089700,2436,1819,2264,2159,2214,2015
5177728935089700,2436,1817,2265,2158,2214,2015
5177728942962100,2433,1811,2263,2157,2210,2015
5177728942962100,2437,1688,2265,2160,2226,2013
5177728942962100,2435,1818,2265,2158,2216,2013
5177728942962100,2435,1817,2264,2155,2216,2016
5177728953612200,2433,1817,2265,2157,2223,2012
5177728953612200,2435,1818,2266,2159,2214,2063
5177728953612200,2436,1820,2264,2157,2216,2014
5177728953612200,2436,1816,2268,2159,2219,2015
5177728953612200,2436,1818,2267,2160,2218,2016
5177728961578100,2438,1817,2267,2160,2217,2017
5177728961578100,2434,1820,2268,2163,2221,2010
5177728961578100,2435,1817,2266,2164,2221,2016
5177728961578100,2433,1818,2267,2163,2221,2015
5177728970956600,2435,1817,2268,2167,2220,2015
5177728970956600,2436,1817,2283,2166,2221,2020
5177728970956600,2436,1817,2269,2166,2221,2013
5177728970956600,2436,1819,2268,2167,2218,2015
5177728970956600,2442,1818,2269,2169,2226,2014
5177728980167700,2432,1819,2271,2168,2222,2015
5177728980167700,2435,1816,2270,2171,2225,2040
5177728980167700,2436,1819,2269,2168,2228,2015
5177728980167700,2434,1818,2269,2168,2228,2018
5177728987927100,2436,1817,2271,2170,2228,2016
5177728987927100,2434,1818,2272,2171,2231,2017
5177728987927100,2437,1813,2269,2172,2232,2014
5177728987927100,2441,1817,2269,2174,2233,2017
5177728996937200,2436,1814,2271,2173,2236,2015
5177728996937200,2436,1818,2277,2173,2233,2016
5177728996937200,2436,1820,2271,2172,2235,2016
5177728996937200,2433,1817,2272,2172,2236,2015
5177728996937200,2436,1817,2274,2175,2238,2016
5177729004670100,2435,1817,2272,2175,2235,2018
5177729004670100,2556,1819,2273,2174,2238,2014
5177729004670100,2433,1817,2273,2174,2239,2017
5177729004670100,2436,1819,2273,2173,2239,2015
5177729015586100,2435,1817,2273,2172,2241,2015
5177729015586100,2433,1821,2272,2176,2240,2015
5177729015586100,2434,1817,2272,2175,2241,2012
5177729015586100,2434,1818,2275,2180,2242,2015
5177729015586100,2436,1819,2276,2176,2241,2057
5177729023341000,2433,1810,2273,2176,2146,2013
5177729023341000,2435,1820,2274,2177,2244,2016
5177729023341000,2436,1818,2277,2177,2243,2014
5177729023341000,2432,1817,2277,2179,2244,2016
5177729032660200,2432,1818,2277,2180,2242,2013
5177729032660200,2436,1819,2277,2323,2244,2013
5177729032660200,2439,1818,2276,2176,2249,2014
5177729032660200,2437,1820,2275,2176,2256,2015
5177729032660200,2436,1816,2276,2177,2249,2011
5177729041154100,2432,1817,2277,2179,2253,2014
5177729041154100,2431,1818,2278,2158,2251,2013
5177729041154100,2434,1819,2277,2177,2253,2014
5177729041154100,2432,1816,2280,2182,2254,2017
5177729049072300,2432,1819,2276,2178,2253,2016
5177729049072300,2430,1819,2279,2180,2194,2017
5177729049072300,2429,1816,2280,2176,2257,2018
5177729049072300,2427,1819,2279,2177,2278,2015
5177729059189400,2430,1816,2279,2184,2256,2015
5177729059189400,2428,1818,2278,2181,2257,2016
5177729059189400,2429,1818,2279,2179,2259,2016
5177729059189400,2427,1818,2282,2184,2260,2016
5177729059189400,2429,1819,2282,2182,2263,2016
5177729068107500,2426,1819,2281,2183,2261,2014
5177729068107500,2425,1811,2278,2179,2263,2111
5177729068107500,2426,1681,2281,2182,2273,2016
5177729068107500,2427,1817,2282,2184,2263,2014
5177729077679900,2424,1816,2282,2184,2267,2012
5177729077679900,2424,1815,2281,2182,2277,2015
5177729077679900,2424,1818,2283,2182,2268,2063
5177729077679900,2424,1823,2278,2184,2271,2014
5177729077679900,2421,1818,2283,2184,2271,2015
5177729085427100,2422,1818,2281,2183,2269,2016
5177729085427100,2424,1817,2282,2192,2272,2019
5177729085427100,2420,1818,2282,2185,2270,2009
5177729085427100,2422,1818,2282,2182,2275,2014
5177729096275900,2421,1819,2282,2187,2282,2014
5177729096275900,2421,1821,2281,2189,2275,2014
5177729096275900,2423,1817,2296,2188,2274,2013
5177729096275900,2420,1816,2284,2188,2274,2015
5177729096275900,2421,1815,2282,2189,2271,2014
5177729103943200,2424,1818,2282,2188,2277,2013
5177729103943200,2421,1812,2285,2187,2278,2015
5177729103943200,2419,1817,2283,2187,2278,2014
5177729103943200,2420,1817,2281,2186,2277,2013
5177729111359400,2422,1814,2280,2188,2280,2015
5177729111359400,2422,1817,2283,2189,2280,2013
5177729111359400,2422,1819,2284,2189,2279,2015
5177729111359400,2420,1812,2284,2191,2278,2016
5177729122415600,2426,1819,2282,2194,2280,2015
5177729122415600,2417,1818,2283,2191,2281,2015
5177729122415600,2421,1818,2292,2185,2281,2013
5177729122415600,2420,1819,2283,2189,2281,2013
5177729122415600,2419,1821,2284,2189,2279,2014
5177729130206500,2420,1818,2286,2192,2280,2015
5177729130206500,2420,1820,2284,2190,2279,2014
5177729130206500,2543,1818,2284,2188,2283,2015
5177729130206500,2419,1818,2282,2193,2282,2015
5177729139243200,2418,1818,2284,2188,2282,2014
5177729139243200,2419,1817,2285,2190,2281,2015
5177729139243200,2420,1819,2284,2190,2267,2015
5177729139243200,2418,1821,2283,2192,2282,2014
5177729139243200,2419,1818,2286,2192,2285,2014
5177729147862000,2421,1817,2285,2192,2284,2056
5177729147862000,2420,1816,2283,2192,2185,2014
5177729147862000,2416,1819,2286,2190,2284,2016
5177729147862000,2420,1819,2286,2191,2285,2015
5177729157224200,2419,1817,2287,2189,2285,2014
5177729157224200,2418,1818,2285,2194,2288,2016
5177729157224200,2418,1818,2288,2192,2289,2017
5177729157224200,2421,1816,2287,2196,2276,2015
5177729157224200,2419,1820,2289,2194,2291,2017
5177729165279300,2421,1817,2285,2193,2287,2014
5177729165279300,2416,1817,2290,2192,2288,2016
5177729165279300,2418,1818,2288,2180,2287,2013
5177729165279300,2417,1818,2287,2192,2288,2016
5177729174430100,2418,1818,2289,2195,2290,2015
5177729174430100,2420,1819,2288,2196,2288,2016
5177729174430100,2418,1817,2288,2192,2290,2016
5177729174430100,2418,1817,2290,2196,2287,2018
5177729184549700,2417,1818,2291,2194,2054,2014
5177729184549700,2416,1818,2291,2194,2289,2015
5177729184549700,2415,1821,2286,2197,2291,2015
5177729184549700,2418,1818,2290,2198,2314,2017
5177729184549700,2419,1817,2292,2199,2290,2018
5177729192002600,2418,1816,2291,2200,2291,2020
5177729192002600,2416,1818,2293,2199,2292,2019
5177729192002600,2417,1818,2290,2201,2292,2021
5177729192002600,2420,1684,2291,2200,2298,2017
5177729201724100,2420,1817,2292,2200,2289,2018
5177729201724100,2415,1816,2291,2201,2291,2022
5177729201724100,2418,1819,2291,2200,2290,2017
5177729201724100,2418,1817,2293,2201,2290,2064
5177729201724100,2418,1818,2290,2206,2289,2017
5177729209659900,2418,1818,2290,2202,2292,2016
5177729209659900,2418,1819,2290,2201,2290,2017
5177729209659900,2418,1818,2293,2201,2291,2018
5177729209659900,2414,1818,2292,2199,2290,2013
5177729221166200,2418,1814,2292,2202,2290,2018
5177729221166200,2417,1817,2293,2201,2286,2020
5177729221166200,2421,1816,2292,2202,2292,2024
5177729221166200,2417,1818,2057,2203,2291,2020
5177729221166200,2415,1817,2293,2204,2293,2021
5177729228682200,2420,1819,2293,2204,2302,2023
5177729228682200,2426,1817,2294,2208,2293,2022
5177729228682200,2416,1816,2292,2203,2292,2022
5177729228682200,2417,1816,2295,2203,2294,2023
5177729236271700,2418,1819,2293,2205,2293,2021
5177729236271700,2417,1817,2296,2204,2291,2022
5177729236271700,2420,1816,2298,2207,2293,2021
5177729236271700,2416,1816,2298,2207,2292,2019
5177729245765800,2418,1830,2299,2206,2292,2044
5177729245765800,2433,1818,2297,2212,2293,2016
5177729245765800,2418,1819,2297,2204,2294,2018
5177729245765800,2418,1816,2306,2209,2293,2018
5177729245765800,2417,1818,2301,2208,2293,2019
5177729253851700,2417,1820,2298,2208,2295,2019
5177729253851700,2418,1817,2299,2210,2294,2020
5177729253851700,2417,1816,2298,2211,2293,2019
5177729253851700,2536,1818,2298,2208,2295,2020
5177729263364300,2415,1816,2298,2212,2293,2020
5177729263364300,2418,1818,2300,2206,2294,2020
5177729263364300,2417,1820,2299,2209,2292,2021
5177729263364300,2419,1814,2298,2210,2294,2021
5177729263364300,2416,1818,2298,2210,2291,2021
5177729272960500,2418,1816,2301,2215,2294,2020
5177729272960500,2416,1818,2298,2212,2293,2060
5177729272960500,2417,1814,2301,2210,2195,2020
5177729272960500,2417,1817,2302,2212,2292,2019
5177729282430300,2418,1819,2298,2212,2294,2015
5177729282430300,2418,1818,2303,2213,2294,2016
5177729282430300,2422,1818,2303,2216,2295,2013
5177729282430300,2419,1818,2297,2212,2298,2013
5177729282430300,2414,1820,2300,2212,2283,2010
5177729290288400,2417,1822,2301,2213,2301,2008
5177729290288400,2420,1816,2300,2217,2294,2004
5177729290288400,2416,1818,2302,2213,2294,2008
5177729290288400,2417,1816,2300,2196,2295,2005
5177729298210900,2417,1820,2301,2216,2297,2008
5177729298210900,2418,1819,2304,2219,2290,2011
5177729298210900,2414,1818,2301,2218,2296,2006
5177729298210900,2417,1819,2301,2221,2294,2009
5177729308910000,2417,1811,2303,2219,2296,2008
5177729308910000,2416,1821,2301,2217,2060,2007
5177729308910000,2418,1819,2301,2219,2297,2008
5177729308910000,2418,1816,2299,2221,2296,2012
5177729308910000,2418,1819,2302,2220,2318,2015
5177729318331000,2418,1815,2304,2224,2295,2014
5177729318331000,2418,1818,2301,2222,2296,2013
5177729318331000,2417,1815,2304,2221,2297,2016
5177729318331000,2419,1820,2302,2221,2297,2162
5177729326969200,2418,1682,2302,2217,2054,2016
5177729326969200,2419,1818,2305,2224,2296,2019
5177729326969200,2418,1814,2304,2221,2296,2020
5177729326969200,2419,1815,2304,2221,2296,2019
5177729326969200,2419,1816,2304,2218,2293,2065
5177729334036100,2419,1817,2558,2223,2297,2022
5177729334036100,2417,1817,2304,2224,2297,2021
5177729334036100,2419,1819,2303,2222,2296,2021
5177729334036100,2418,1818,2304,2224,2298,2021
5177729344767600,2417,1818,2304,2223,2297,2017
5177729344767600,2418,1818,2304,2223,2299,2022
5177729344767600,2414,1819,2303,2224,2295,2021
5177729344767600,2418,1819,2305,2225,2296,2023
5177729344767600,2415,1819,2068,2222,2297,2020
5177729352563600,2417,1816,2304,2225,2301,2020
5177729352563600,2416,1819,2306,2225,2301,2022
5177729352563600,2421,1816,2305,2226,2298,2016
5177729352563600,2415,1815,2308,2224,2300,2022
5177729360487000,2415,1817,2308,2223,2298,2021
5177729360487000,2418,1819,2309,2225,2299,2020
5177729360487000,2419,1816,2307,2224,2298,2019
5177729360487000,2414,1818,2310,2224,2300,2019
5177729369824300,2417,1819,2310,2225,2299,2017
5177729369824300,2417,1822,2310,2224,2299,1995
5177729369824300,2428,1818,2310,2230,2299,2015
5177729369824300,2415,1812,2309,2226,2302,2016
5177729369824300,2419,1815,2315,2230,2301,2015
5177729379088300,2418,1819,2309,2225,2300,2018
5177729379088300,2415,1821,2309,2224,2301,2014
5177729379088300,2417,1818,2312,2225,2300,2010
5177729379088300,2415,1818,2312,2223,2302,2012
5177729387920100,2536,1817,2310,2225,2302,2011
5177729387920100,2417,1816,2310,2225,2301,2016
5177729387920100,2418,1817,2311,2226,2302,2019
5177729387920100,2413,1817,2312,2225,2298,2024
5177729387920100,2414,1818,2310,2226,2304,2023
5177729396551200,2415,1821,2309,2224,2299,2025
5177729396551200,2416,1816,2313,2226,2302,2024
5177729396551200,2418,1817,2313,2226,2300,2066
5177729396551200,2416,1818,2309,2224,2203,2027
5177729407585100,2418,1818,2314,2225,2300,2025
5177729407585100,2418,1819,2314,2224,2302,2025
5177729407585100,2416,1817,2314,2225,2302,2027
5177729407585100,2415,1818,2315,2231,2301,2025
5177729407585100,2417,1820,2315,2229,2300,2024
5177729414146000,2416,1819,2314,2224,2304,2026
5177729414146000,2417,1822,2314,2227,2054,2024
5177729414146000,2419,1816,2312,2224,2558,2025
5177729414146000,2413,1817,2316,2225,2302,2028
5177729421923500,2416,1818,2316,2226,2301,2028
5177729421923500,2415,1819,2315,2227,2297,2029
5177729421923500,2418,1817,2316,2229,2302,2029
5177729421923500,2415,1818,2316,2230,2303,2026
5177729433599700,2416,1818,2315,2226,2304,2028
5177729433599700,2419,1813,2316,2230,2559,2028
5177729433599700,2416,1818,2317,2228,2322,2027
5177729433599700,2416,1817,2316,2227,2306,2028
5177729433599700,2415,1818,2313,2228,2302,2029
5177729440356600,2417,1818,2315,2226,2303,2021
5177729440356600,2416,1816,2318,2230,2302,2027
5177729440356600,2416,1818,2317,2229,2302,2026
5177729440356600,2416,1820,2316,2230,2304,2027
5177729450160400,2415,1819,2317,2226,2048,2030
5177729450160400,2416,1682,2313,2227,2313,2028
5177729450160400,2419,1817,2317,2231,2303,2028
5177729450160400,2416,1817,2316,2231,2302,2028
5177729450160400,2417,1816,2317,2229,2313,2027
5177729459340300,2415,1821,2316,2229,2304,2075
5177729459340300,2414,1818,2315,2231,2305,2026
5177729459340300,2418,1818,2315,2229,2304,2030
5177729459340300,2416,1818,2317,2232,2304,2030
5177729467662700,2418,1816,2315,2232,2559,2028
5177729467662700,2416,1816,2315,2231,2304,2026
5177729467662700,2414,1817,2317,2231,2303,2030
5177729467662700,2414,1816,2315,2232,2301,2030
5177729467662700,2417,1818,2316,2232,2302,2029
5177729477658300,2415,1818,2334,2230,2304,2030
5177729477658300,2415,1817,2318,2229,2302,2029
5177729477658300,2416,1815,2318,2230,2307,2031
5177729477658300,2412,1816,2316,2232,2048,2031
5177729484302400,2416,1819,2319,2228,2304,2029
5177729484302400,2415,1818,2317,2231,2303,2028
5177729484302400,2418,1818,2317,2231,2305,2028
5177729484302400,2414,1817,2317,2231,2304,2031
5177729495034400,2418,1817,2317,2230,2301,2026
5177729495034400,2413,1818,2318,2233,2306,2026
5177729495034400,2415,1817,2319,2235,2302,2030
5177729495034400,2428,1819,2316,2234,2302,2029
5177729495034400,2416,1820,2317,2233,2306,2027
5177729502884700,2415,1818,2322,2233,2305,2028
5177729502884700,2417,1820,2317,2233,2305,2030
5177729502884700,2414,1818,2317,2232,2306,2032
5177729502884700,2416,1816,2317,2231,2306,2030
5177729512568400,2415,1818,2323,2233,2305,2029
5177729512568400,2533,1818,2318,2232,2049,2031
5177729512568400,2415,1817,2317,2233,2305,2028
5177729512568400,2418,1817,2319,2230,2308,2024
5177729512568400,2415,1816,2317,2228,2304,2029
5177729521874900,2414,1818,2317,2233,2286,2027
5177729521874900,2414,1816,2316,2234,2304,2029
5177729521874900,2415,1817,2318,2232,2306,2029
5177729521874900,2414,1818,2318,2234,2306,2070
5177729531237300,2413,1817,2317,2229,2462,2029
5177729531237300,2415,1816,2320,2234,2304,2029
5177729531237300,2416,1818,2320,2234,2304,2030
5177729531237300,2418,1817,2319,2233,2303,2029
5177729531237300,2417,1818,2320,2234,2304,2028
5177729539543800,2416,1817,2318,2234,2305,2028
5177729539543800,2414,1819,2317,2233,2304,2030
5177729539543800,2415,1821,2321,2236,2311,2030
5177729539543800,2418,1817,2317,2234,2306,2034
5177729547328000,2414,1817,2319,2235,2306,2032
5177729547328000,2415,1818,2315,2234,2304,2030
5177729547328000,2414,1817,2317,2234,2303,2032
5177729547328000,2415,1818,2320,2236,2308,2032
5177729556124300,2415,1819,2317,2236,2304,2032
5177729556124300,2419,1819,2315,2231,2244,2033
5177729556124300,2413,1815,2319,2232,2305,2034
5177729556124300,2413,1820,2317,2234,2322,2031
5177729556124300,2414,1816,2318,2235,2304,2030
5177729565596900,2415,1819,2316,2232,2304,2032
5177729565596900,2415,1818,2321,2233,2288,2031
5177729565596900,2412,1820,2320,2233,2306,2031
5177729565596900,2414,1817,2319,2236,2306,2031
5177729574927500,2414,1819,2317,2235,2304,2029
5177729574927500,2414,1819,2319,2234,2049,2157
5177729574927500,2415,1682,2319,2236,2312,2029
5177729574927500,2417,1818,2319,2235,2304,2031
5177729574927500,2416,1817,2318,2236,2297,2030
5177729582360500,2414,1819,2318,2236,2297,2033
5177729582360500,2414,1815,2317,2235,2304,2076
5177729582360500,2414,1816,2316,2236,2304,2030
5177729582360500,2411,1816,2320,2234,2305,2030
5177729592334700,2415,1819,2317,2238,2304,2029
5177729592334700,2414,1818,2317,2236,2559,2029
5177729592334700,2411,1820,2319,2233,2304,2026
5177729592334700,2418,1818,2318,2235,2305,2033
5177729592334700,2409,1817,2317,2236,2299,2031
5177729600561600,2413,1818,2318,2236,2308,2029
5177729600561600,2413,1817,2334,2235,2304,2029
5177729600561600,2413,1815,2318,2237,2301,2032
5177729600561600,2412,1818,2318,2235,2312,2031
5177729608644900,2418,1815,2318,2236,2303,2029
5177729608644900,2409,1813,2321,2236,2305,2027
5177729608644900,2413,1816,2318,2236,2304,2029
5177729608644900,2413,1816,2319,2238,2305,2030
5177729618446600,2412,1816,2318,2236,2304,2030
5177729618446600,2412,1821,2319,2235,2302,2030
5177729618446600,2409,1817,2320,2235,2299,2031
5177729618446600,2414,1821,2318,2236,2304,2030
5177729618446600,2428,1818,2317,2237,2049,2028
5177729627754300,2412,1816,2315,2238,2307,2026
5177729627754300,2411,1817,2325,2236,2305,2029
5177729627754300,2411,1819,2314,2237,2306,2030
5177729627754300,2409,1819,2317,2234,2306,2029
5177729636169000,2411,1817,2319,2238,2304,2028
5177729636169000,2413,1818,2320,2237,2303,2030
5177729636169000,2529,1819,2318,2237,2052,2030
5177729636169000,2409,1815,2316,2236,2304,2029
5177729636169000,2410,1818,2318,2236,2304,2029
5177729645909600,2411,1815,2319,2236,2306,2031
5177729645909600,2415,1817,2317,2237,2290,2031
5177729645909600,2411,1817,2318,2240,2304,2029
5177729645909600,2412,1817,2319,2237,2306,2030
5177729655857600,2409,1818,2320,2234,2304,2068
5177729655857600,2410,1819,2317,2234,2460,2029
5177729655857600,2409,1819,2320,2237,2306,2026
5177729655857600,2412,1818,2318,2238,2304,2028
5177729655857600,2411,1817,2324,2237,2304,2028
5177729663786400,2411,1818,2318,2237,2306,2028
5177729663786400,2410,1817,2320,2092,2303,2029
5177729663786400,2411,1818,2317,2234,2314,2028
5177729663786400,2412,1824,2317,2236,2313,2029
5177729673047900,2415,1818,2317,2236,2050,2029
5177729673047900,2409,1818,2319,2235,2307,2029
5177729673047900,2412,1819,2317,2236,2306,2026
5177729673047900,2412,1819,2320,2238,2306,2025
5177729681244300,2413,1817,2321,2240,2306,2029
5177729681244300,2410,1816,2318,2237,2305,2030
5177729681244300,2409,1820,2319,2237,2305,2029
5177729681244300,2412,1815,2319,2235,2306,2030
5177729681244300,2412,1819,2318,2233,2324,2031
5177729689299300,2412,1818,2319,2234,2306,2030
5177729689299300,2410,1818,2316,2235,2304,2028
5177729689299300,2409,1816,2319,2234,2304,2028
5177729689299300,2411,1820,2321,2237,2304,2029
5177729699804900,2410,1819,2319,2237,2304,2029
5177729699804900,2403,1821,2317,2237,2305,2031
5177729699804900,2410,1820,2319,2237,2048,2033
5177729699804900,2412,1683,2318,2234,2317,2029
5177729699804900,2415,1817,2319,2237,2305,2030
5177729707926400,2412,1817,2320,2234,2306,2030
5177729707926400,2409,1817,2319,2236,2305,2031
5177729707926400,2412,1821,2319,2237,2304,2073
5177729707926400,2410,1817,2318,2239,2304,2033
5177729718954500,2410,1818,2317,2235,2306,2031
5177729718954500,2410,1817,2321,2233,2306,2032
5177729718954500,2412,1816,2318,2237,2559,2031
5177729718954500,2409,1820,2320,2236,2304,2029
5177729718954500,2410,1818,2320,2234,2304,2033
5177729725165500,2410,1818,2318,2236,2313,2034
5177729725165500,2411,1817,2320,2236,2305,2032
5177729725165500,2412,1818,2336,2236,2305,2033
5177729725165500,2411,1817,2320,2236,2307,2034
5177729732800100,2408,1818,2318,2234,2312,2034
5177729732800100,2414,1819,2320,2236,2050,2035
5177729732800100,2410,1818,2322,2236,2308,2031
5177729732800100,2409,1814,2320,2235,2304,2034
5177729743064000,2413,1819,2317,2238,2303,2032
5177729743064000,2408,1821,2318,2240,2304,2031
5177729743064000,2410,1817,2320,2237,2306,2033
5177729743064000,2410,1817,2320,2239,2306,2036
5177729743064000,2409,1817,2319,2234,2304,2033
5177729750789800,2433,1819,2320,2238,2300,2035
5177729750789800,2411,1817,2318,2237,2308,2033
5177729750789800,2408,1816,2323,2240,2305,2032
5177729750789800,2410,1818,2318,2240,2304,2034
5177729760514100,2409,1818,2320,2238,2308,2031
5177729760514100,2410,1817,2318,2236,2306,2030
5177729760514100,2410,1816,2322,2240,2305,2031
5177729760514100,2527,1821,2319,2236,2051,2031
5177729760514100,2407,1817,2316,2238,2306,2031
5177729769521600,2410,1819,2319,2244,2304,2031
5177729769521600,2409,1818,2320,2239,2307,2034
5177729769521600,2409,1819,2319,2240,2288,2031
5177729769521600,2410,1817,2316,2239,2302,2032
5177729778621800,2412,1816,2319,2240,2305,2030
5177729778621800,2411,1818,2317,2237,2304,2070
5177729778621800,2410,1818,2318,2240,2462,2035
5177729778621800,2413,1818,2320,2238,2304,2031
5177729778621800,2410,1819,2318,2240,2303,2030
5177729787948200,2409,1818,2319,2239,2304,2032
5177729787948200,2410,1817,2319,2242,2304,2031
5177729787948200,2411,1817,2320,2095,2307,2033
5177729787948200,2410,1817,2319,2236,2292,2031
5177729795562100,2412,1824,2320,2242,2310,2032
5177729795562100,2415,1817,2318,2237,2304,2032
5177729795562100,2410,1817,2318,2242,2306,2032
5177729795562100,2409,1816,2318,2219,2308,2031
5177729805527000,2410,1819,2317,2240,2302,2033
5177729805527000,2411,1818,2322,2239,2306,2030
5177729805527000,2410,1816,2318,2240,2306,2032
5177729805527000,2412,1819,2319,2238,2306,2033
5177729805527000,2411,1816,2319,2237,2309,2031
5177729813395400,2410,1816,2316,2241,2325,2031
5177729813395400,2412,1817,2321,2243,2304,2033
5177729813395400,2407,1818,2318,2239,2309,2032
5177729813395400,2410,1817,2318,2238,2323,2031
5177729824775600,2410,1818,2321,2242,2307,2033
5177729824775600,2410,1818,2319,2240,2304,2035
5177729824775600,2411,1817,2317,2240,2312,2031
5177729824775600,2412,1818,2319,2240,2306,2034
5177729824775600,2411,1681,2319,2241,2317,2031
5177729830742200,2414,1816,2319,2240,2306,2035
5177729830742200,2411,1817,2320,2240,2304,2037
5177729830742200,2411,1820,2319,2236,2305,2033
5177729830742200,2410,1816,2320,2244,2304,2075
5177729841897700,2412,1819,2316,2243,2305,2030
5177729841897700,2410,1815,2318,2241,2303,2032
5177729841897700,2412,1816,2319,2246,2304,2030
5177729841897700,2416,1819,2321,2241,2306,2032
5177729841897700,2408,1824,2318,2241,2304,2028
5177729849478500,2410,1817,2318,2242,2305,2032
5177729849478500,2407,1819,2316,2243,2306,2034
5177729849478500,2411,1817,2318,2246,2304,2033
5177729849478500,2409,1817,2338,2240,2304,2034
5177729857160600,2411,1818,2320,2241,2304,2033
5177729857160600,2410,1819,2319,2237,2317,2037
5177729857160600,2414,1818,2320,2242,2303,2032
5177729857160600,2409,1814,2321,2241,2308,2031
5177729867698600,2407,1816,2319,2240,2305,2035
5177729867698600,2411,1817,2317,2243,2305,2034
5177729867698600,2409,1817,2319,2240,2310,2034
5177729867698600,2410,1818,2319,2241,2304,2033
5177729867698600,2410,1820,2320,2244,2305,2032
5177729875420200,2410,1823,2319,2238,2049,2033
5177729875420200,2426,1818,2318,2246,2303,2034
5177729875420200,2410,1819,2319,2242,2308,2033
5177729875420200,2412,1817,2325,2243,2309,2032
5177729884842900,2412,1818,2319,2243,2305,2030
5177729884842900,2412,1817,2319,2241,2303,2034
5177729884842900,2411,1817,2321,2242,2306,2033
5177729884842900,2410,1818,2320,2242,2305,2033
5177729884842900,2529,1819,2320,2244,2049,2033
5177729894025300,2411,1817,2319,2242,2304,2032
5177729894025300,2412,1817,2318,2244,2308,2035
5177729894025300,2412,1817,2319,2241,2302,2034
5177729894025300,2411,1817,2318,2242,2288,2035
5177729903678600,2409,1817,2316,2242,2306,2035
5177729903678600,2410,1818,2318,2243,2306,2033
5177729903678600,2410,1819,2320,2245,2305,2071
5177729903678600,2409,1817,2320,2244,2460,2034
5177729903678600,2409,1814,2320,2243,2304,2033
5177729911956800,2412,1818,2316,2246,2306,2033
5177729911956800,2409,1818,2319,2243,2304,2035
5177729911956800,2411,1816,2319,2248,2303,2035
5177729911956800,2411,1820,2320,2100,2305,2034
5177729919202300,2411,1818,2318,2244,2294,2033
5177729919202300,2412,1824,2318,2246,2314,2033
5177729919202300,2415,1818,2317,2242,2307,2035
5177729919202300,2409,1816,2319,2243,2305,2032
5177729929946300,2409,1815,2320,2251,2304,2033
5177729929946300,2410,1818,2318,2240,2308,2035
5177729929946300,2411,1819,2320,2244,2306,2035
5177729929946300,2407,1818,2320,2246,2302,2035
5177729929946300,2410,1818,2320,2244,2244,2033
5177729938706800,2409,1816,2319,2242,2304,2035
5177729938706800,2408,1818,2319,2244,2326,2033
5177729938706800,2408,1819,2319,2242,2306,2033
5177729938706800,2411,1818,2317,2244,2307,2034
5177729948368200,2411,1819,2319,2244,2304,2034
5177729948368200,2411,1818,2322,2244,2301,2032
5177729948368200,2412,1818,2316,2246,2309,2034
5177729948368200,2410,1818,2317,2245,2306,2033
5177729948368200,2409,1819,2320,2245,2306,2034
5177729956165600,2411,1681,2319,2245,2318,2031
5177729956165600,2415,1813,2324,2243,2302,2032
5177729956165600,2410,1817,2318,2241,2305,2032
5177729956165600,2411,1817,2319,2246,2303,2031
5177729966086500,2412,1816,2319,2245,2306,2081
5177729966086500,2409,1818,2321,2247,2303,2032
5177729966086500,2410,1817,2317,2244,2306,2034
5177729966086500,2412,1816,2320,2246,2051,2036
5177729966086500,2414,1818,2319,2251,2305,2036
5177729973071600,2410,1819,2320,2243,2304,2028
5177729973071600,2412,1816,2322,2246,2304,2032
5177729973071600,2410,1818,2318,2243,2317,2036
5177729973071600,2410,1818,2318,2244,2306,2034
5177729981249400,2411,1812,2337,2243,2304,2033
5177729981249400,2412,1818,2320,2247,2304,2034
5177729981309900,2409,1818,2320,2243,2316,2030
5177729981309900,2415,1819,2316,2244,2051,2033
5177729991894100,2410,1819,2319,2246,2307,2032
5177729991894100,2411,1817,2319,2245,2304,2035
5177729991894100,2410,1819,2317,2245,2305,2034
5177729991894100,2409,1818,2319,2244,2304,2031
5177729991894100,2411,1818,2321,2244,2304,2032
5177729999661200,2409,1817,2319,2243,2305,2033
5177729999661200,2411,1818,2319,2242,2304,2033
5177729999661200,2430,1814,2317,2245,2303,2031
5177729999661200,2413,1814,2319,2244,2307,2034
5177730010410100,2406,1817,2327,2246,2305,2034
5177730010410100,2410,1820,2317,2246,2304,2032
5177730010410100,2410,1818,2320,2246,2305,2033
5177730010410100,2411,1820,2321,2244,2304,2033
5177730010410100,2410,1818,2321,2244,2305,2033
5177730018722900,2530,1818,2318,2246,2303,2032
5177730018722900,2409,1820,2319,2240,2305,2032
5177730018722900,2411,1818,2318,2244,2306,2031
5177730018722900,2406,1819,2319,2245,2302,2035
5177730027573300,2412,1817,2318,2242,2290,2034
5177730027573300,2410,1819,2315,2246,2304,2033
5177730027573300,2412,1818,2322,2244,2306,2034
5177730027573300,2412,1818,2319,2246,2306,2073
5177730027573300,2411,1818,2318,2242,2464,2034
5177730036650800,2408,1817,2321,2245,2306,2035
5177730036650800,2412,1818,2318,2244,2306,2033
5177730036650800,2409,1817,2322,2244,2304,2036
5177730036650800,2410,1818,2319,2244,2312,2033
5177730043638700,2413,1818,2320,2099,2303,2033
5177730043638700,2409,1816,2318,2244,2293,2034
5177730043638700,2415,1826,2319,2244,2315,2033
5177730043638700,2417,1814,2318,2244,2304,2034
5177730053696600,2410,1816,2321,2243,2307,2033
5177730053696600,2411,1817,2320,2248,2304,2033
5177730053696600,2408,1819,2318,2242,2309,2036
5177730053696600,2410,1819,2322,2246,2305,2035
5177730053696600,2412,1818,2318,2245,2305,2034
5177730061549700,2411,1818,2319,2242,2305,2033
5177730061549700,2410,1815,2318,2244,2048,2035
5177730061549700,2412,1816,2319,2243,2323,2033
5177730061549700,2409,1816,2321,2242,2305,2034
5177730072063200,2409,1819,2317,2244,2307,2032
5177730072063200,2413,1819,2317,2245,2290,2034
5177730072063200,2411,1817,2320,2246,2304,2033
5177730072063200,2412,1817,2318,2245,2304,2034
5177730072063200,2410,1818,2317,2245,2304,2035
5177730080278800,2409,1819,2320,2245,2305,2176
5177730080278800,2410,1682,2319,2246,2317,2032
5177730080278800,2416,1821,2321,2244,2305,2033
5177730080278800,2410,1818,2317,2241,2305,2036
5177730090072400,2410,1819,2318,2245,2293,2031
5177730090072400,2410,1816,2318,2246,2304,2078
5177730090072400,2410,1818,2318,2246,2304,2034
5177730090072400,2412,1814,2318,2244,2306,2034
5177730090072400,2410,1819,2319,2242,2305,2035
5177730097884400,2414,1818,2318,2241,2049,2035
5177730097884400,2412,1820,2318,2243,2297,2026
5177730097884400,2412,1818,2320,2243,2305,2032
5177730097884400,2409,1818,2319,2245,2305,2034
5177730106130700,2409,1820,2318,2244,2309,2034
5177730106130700,2413,1817,2337,2243,2306,2033
5177730106130700,2409,1819,2320,2241,2305,2037
5177730106130700,2410,1817,2319,2245,2317,2034
5177730115671000,2415,1818,2317,2244,2048,2035
5177730115671000,2411,1811,2321,2243,2308,2033
5177730115671000,2410,1816,2318,2249,2305,2036
5177730115671000,2413,1818,2320,2245,2305,2034
5177730115671000,2410,1819,2318,2243,2300,2036
5177730124188000,2412,1817,2319,2246,2306,2033
5177730124188000,2410,1817,2320,2244,2305,2035
5177730124188000,2412,1824,2319,2245,2304,2035
5177730124188000,2430,1815,2318,2246,2048,2035
5177730133436300,2410,1819,2317,2244,2307,2034
5177730133436300,2410,1816,2328,2245,2305,2036
5177730133436300,2412,1818,2319,2245,2305,2035
5177730133436300,2410,1818,2319,2247,2305,2035
5177730133436300,2412,1818,2323,2245,2306,2034
5177730142595100,2410,1821,2321,2241,2304,2034
5177730142595100,2529,1817,2320,2246,2049,2035
5177730142595100,2410,1818,2320,2248,2304,2033
5177730142595100,2408,1817,2318,2246,2306,2033
5177730151881200,2411,1816,2319,2245,2306,2036
5177730151881200,2412,1817,2319,2244,2288,2032
5177730151881200,2414,1818,2315,2246,2304,2033
5177730151881200,2412,1817,2323,2244,2306,2033
5177730151881200,2413,1821,2317,2245,2305,2073
5177730159645300,2410,1818,2318,2242,2461,2033
5177730159645300,2411,1816,2320,2245,2306,2034
5177730159645300,2410,1820,2320,2250,2304,2034
5177730159645300,2413,1816,2321,2245,2305,2032
5177730167678600,2411,1818,2321,2244,2305,2033
5177730167678600,2412,1819,2320,2094,2305,2034
5177730167678600,2410,1820,2318,2245,2319,2032
5177730167678600,2410,1825,2319,2242,2313,2036
5177730178537300,2418,1818,2318,2244,2306,2032
5177730178537300,2412,1818,2320,2245,2306,2034
5177730178537300,2411,1818,2318,2248,2305,2032
5177730178537300,2411,1820,2317,2241,2303,2035
5177730178537300,2409,1817,2320,2247,2304,2034
5177730186306000,2412,1818,2320,2245,2306,2032
5177730186306000,2408,1817,2318,2242,2307,2029
5177730186306000,2411,1813,2318,2245,2305,2037
5177730186306000,2412,1816,2318,2248,2326,2034
5177730195698300,2410,1816,2319,2245,2300,2033
5177730195698300,2409,1816,2316,2244,2304,2034
5177730195698300,2412,1819,2317,2242,2286,2034
5177730195698300,2412,1818,2322,2246,2304,2034
5177730195698300,2411,1819,2319,2245,2305,2033
5177730205080800,2410,1820,2320,2244,2304,2035
5177730205080800,2409,1821,2321,2245,2304,2036
5177730205080800,2412,1682,2319,2243,2318,2034
5177730205080800,2414,1818,2319,2243,2306,2035
5177730214642000,2411,1819,2320,2242,2304,2038
5177730214642000,2409,1819,2318,2244,2293,2036
5177730214642000,2411,1818,2320,2243,2306,2080
5177730214642000,2411,1813,2316,2246,2306,2032
5177730214642000,2410,1819,2318,2245,2305,2036
5177730222567200,2411,1819,2319,2244,2306,2036
5177730222567200,2414,1819,2318,2240,2306,2034
5177730222567200,2409,1822,2320,2244,2304,2026
5177730222567200,2411,1816,2318,2240,2305,2035
5177730230860200,2408,1819,2318,2243,2314,2038
5177730230860200,2410,1819,2320,2245,2306,2035
5177730230860200,2409,1817,2342,2246,2304,2036
5177730230860200,2409,1814,2320,2243,2303,2036
5177730240665700,2410,1817,2318,2240,2319,2037
5177730240665700,2417,1819,2318,2248,2050,2036
5177730240665700,2409,1811,2319,2245,2308,2035
5177730240665700,2410,1814,2318,2245,2305,2036
5177730240665700,2410,1814,2317,2244,2305,2033
5177730249104000,2412,1817,2321,2243,2304,2036
5177730249104000,2410,1819,2319,2247,2307,2035
5177730249104000,2409,1817,2321,2243,2305,2035
5177730249104000,2410,1824,2319,2244,2306,2011
5177730259044200,2429,1818,2317,2248,2050,2033
5177730259044200,2411,1818,2317,2246,2306,2040
5177730259044200,2410,1817,2328,2243,2304,2036
5177730259044200,2411,1819,2317,2245,2305,2034
5177730259044200,2410,1819,2318,2244,2306,2035
5177730266535900,2413,1818,2320,2242,2304,2034
5177730266535900,2410,1817,2321,2248,2304,2035
5177730266535900,2530,1818,2318,2244,2050,2034
5177730266535900,2409,1820,2320,2245,2305,2030
5177730275826400,2412,1817,2319,2246,2306,2034
5177730275826400,2409,1819,2319,2242,2304,2038
5177730275826400,2410,1819,2320,2245,2324,2034
5177730275826400,2411,1818,2317,2244,2304,2035
5177730275826400,2413,1818,2321,2242,2304,2034
5177730283777600,2414,1816,2317,2243,2305,2076
5177730283777600,2411,1816,2320,2242,2462,2035
5177730283777600,2409,1817,2320,2245,2308,2035
5177730283777600,2414,1817,2320,2246,2302,2038
5177730292137800,2408,1817,2322,2245,2306,2038
5177730292137800,2411,1819,2316,2244,2304,2037
5177730292137800,2412,1818,2318,2245,2305,2037
5177730292137800,2411,1819,2318,2244,2302,2036
5177730303000500,2411,1825,2319,2245,2312,2038
5177730303000500,2413,1817,2318,2245,2306,2037
5177730303000500,2411,1817,2319,2246,2304,2035
5177730303000500,2412,1816,2318,2225,2303,2034
5177730303000500,2411,1817,2317,2247,2305,2037
5177730311022100,2410,1819,2322,2245,2304,2036
5177730311022100,2409,1817,2320,2245,2303,2036
5177730311022100,2409,1819,2319,2244,2244,2036
5177730311022100,2410,1816,2319,2248,2304,2037
5177730320708200,2408,1816,2320,2245,2332,2036
5177730320708200,2410,1813,2319,2244,2306,2038
5177730320708200,2410,1817,2318,2245,2305,2035
5177730320708200,2412,1820,2319,2244,2304,2037
5177730320708200,2410,1820,2320,2245,2304,2036
5177730328363300,2410,1817,2319,2244,2307,2036
5177730328363300,2412,1819,2321,2243,2305,2035
5177730328363300,2409,1826,2319,2246,2304,2037
5177730328363300,2412,1682,2319,2242,2326,2037
5177730339127600,2414,1818,2322,2246,2305,2035
5177730339127600,2412,1816,2320,2246,2304,2037
5177730339127600,2409,1817,2317,2244,2317,2036
5177730339127600,2409,1819,2318,2242,2304,2087
5177730339127600,2413,1819,2318,2247,2307,2035
5177730347293500,2412,1822,2317,2247,2306,2036
5177730347293500,2411,1818,2319,2240,2304,2037
5177730347293500,2414,1820,2318,2245,2304,2033
5177730347293500,2410,1818,2319,2243,2298,2027
5177730355106800,2409,1818,2318,2246,2305,2035
5177730355106800,2410,1818,2319,2244,2305,2037
5177730355106800,2411,1816,2320,2245,2304,2038
5177730355106800,2411,1820,2340,2245,2304,2037
5177730364368400,2411,1817,2318,2243,2306,2036
5177730364368400,2410,1817,2320,2246,2327,2038
5177730364368400,2416,1820,2320,2246,2048,2037
5177730364368400,2410,1819,2321,2244,2306,2036
5177730364368400,2410,1817,2320,2244,2304,2038
5177730372133900,2410,1817,2317,2246,2307,2039
5177730372133900,2410,1815,2319,2244,2304,2038
5177730372133900,2411,1818,2319,2245,2304,2039
5177730372133900,2413,1818,2320,2246,2304,2039
5177730383162400,2410,1839,2322,2246,2048,2040
5177730383162400,2438,1819,2318,2246,2048,2036
5177730383162400,2412,1817,2317,2246,2308,2038
5177730383162400,2411,1819,2331,2239,2306,2038
5177730383162400,2412,1819,2317,2244,2306,2038
5177730390856300,2410,1820,2320,2246,2303,2036
5177730390856300,2410,1816,2321,2240,2306,2037
5177730390856300,2409,1817,2321,2246,2303,2039
5177730390856300,2530,1818,2320,2241,2303,2038
5177730400168500,2409,1818,2318,2246,2305,2036
5177730400168500,2410,1817,2319,2247,2306,2037
5177730400168500,2411,1821,2321,2244,2304,2040
5177730400168500,2410,1817,2317,2244,2288,2037
5177730400168500,2408,1818,2316,2246,2304,2036
5177730409669400,2412,1820,2319,2243,2306,2038
5177730409669400,2412,1822,2318,2247,2304,2079
5177730409669400,2410,1817,2318,2244,2463,2037
5177730409669400,2411,1820,2321,2245,2306,2037
5177730418228600,2412,1818,2320,2242,2307,2037
5177730418228600,2411,1813,2321,2249,2305,2038
5177730418228600,2410,1817,2318,2245,2305,2035
5177730418228600,2411,1818,2320,2099,2303,2036
5177730427606500,2409,1818,2318,2246,2304,2037
5177730427606500,2411,1827,2321,2244,2310,2040
5177730427606500,2414,1818,2318,2248,2305,2036
5177730427606500,2409,1818,2320,2247,2305,2037
5177730427606500,2410,1819,2320,2258,2303,2037
5177730435711100,2411,1819,2319,2241,2308,2041
5177730435711100,2409,1818,2324,2241,2304,2039
5177730435711100,2411,1817,2319,2245,2304,2036
5177730435711100,2410,1819,2319,2242,2304,2039
5177730444442700,2411,1813,2319,2246,2306,2041
5177730444442700,2410,1817,2319,2246,2333,2037
5177730444442700,2416,1818,2319,2245,2305,2039
5177730444442700,2412,1819,2320,2246,2304,2038
5177730444442700,2410,1818,2319,2245,2307,2035
5177730452542700,2410,1818,2323,2247,2304,2038
5177730452542700,2411,1820,2318,2245,2304,2039
5177730452542700,2411,1819,2317,2246,2306,2037
5177730452542700,2407,1826,2320,2243,2050,2039
5177730461944400,2410,1680,2319,2245,2324,2038
5177730461944400,2413,1818,2317,2246,2305,2039
5177730461944400,2412,1817,2320,2243,2305,2038
5177730461944400,2409,1819,2318,2243,2311,2038
5177730461944400,2412,1818,2320,2244,2304,2092
5177730471079400,2412,1818,2322,2246,2306,2037
5177730471079400,2412,1818,2317,2245,2302,2039
5177730471079400,2410,1819,2321,2249,2306,2039
5177730471079400,2416,1817,2318,2245,2309,2039
5177730478846700,2410,1817,2320,2244,2305,2040
5177730478846700,2414,1820,2318,2245,2305,2041
5177730478846700,2408,1819,2319,2246,2306,2035
5177730478846700,2410,1815,2320,2248,2306,2035
5177730489489800,2409,1819,2342,2246,2304,2033
5177730489489800,2411,1820,2324,2245,2306,2038
5177730489489800,2413,1817,2318,2245,2320,2036
5177730489489800,2418,1817,2320,2248,2051,2038
5177730489489800,2412,1815,2320,2244,2304,2038
5177730496657600,2410,1816,2320,2245,2305,2040
5177730496657600,2412,1819,2321,2245,2305,2037
5177730496657600,2410,1819,2319,2245,2304,2040
5177730496657600,2411,1818,2321,2237,2304,2037
5177730506688900,2409,1820,2320,2247,2305,2038
5177730506688900,2412,1837,2321,2244,2304,2037
5177730506688900,2434,1816,2317,2250,2048,2037
5177730506688900,2412,1819,2317,2246,2308,2039
5177730506688900,2409,1820,2332,2246,2305,2038
5177730515340700,2410,1816,2319,2246,2303,2039
5177730515340700,2411,1818,2320,2246,2305,2037
5177730515340700,2411,1819,2320,2245,2308,2037
5177730515340700,2408,1816,2320,2243,2304,2038
5177730524625700,2527,1819,2320,2243,2050,2037
5177730524625700,2409,1818,2320,2247,2305,2037
5177730524625700,2412,1820,2319,2242,2306,2037
5177730524625700,2409,1819,2318,2246,2304,2039
5177730524625700,2412,1817,2319,2246,2285,2039
5177730532574000,2410,1817,2318,2245,2305,2036
5177730532574000,2414,1818,2319,2246,2306,2038
5177730532574000,2411,1818,2317,2246,2305,2086
5177730532574000,2410,1817,2320,2242,2465,2037
5177730541894000,2409,1818,2321,2247,2305,2038
5177730541894000,2411,1791,2320,2242,2306,2038
5177730541894000,2411,1818,2319,2245,2306,2042
5177730541894000,2410,1819,2319,2246,2305,2037
5177730551092000,2412,1819,2320,2097,2306,2036
5177730551092000,2411,1818,2317,2244,2318,2036
5177730551092000,2412,1824,2318,2246,2312,2039
5177730551092000,2413,1816,2318,2249,2306,2038
5177730551092000,2410,1818,2319,2247,2305,2038
5177730559133800,2409,1817,2319,2272,2304,2039
5177730559133800,2410,1818,2317,2235,2311,2039
5177730559133800,2412,1818,2325,2246,2304,2038
5177730559133800,2411,1820,2320,2245,2307,2037
5177730568966900,2410,1819,2319,2244,2241,2031
5177730568966900,2410,1814,2317,2244,2305,2039
5177730568966900,2410,1819,2319,2244,2338,2039
5177730568966900,2409,1818,2319,2244,2305,2040
5177730568966900,2411,1818,2317,2243,2304,2038
5177730576715500,2411,1816,2319,2243,2308,2040
5177730576715500,2409,1819,2324,2246,2305,2040
5177730576715500,2413,1819,2320,2244,2304,2042
5177730576715500,2408,1819,2321,2245,2304,2039
5177730586977400,2411,1829,2318,2243,2306,2042
5177730586977400,2412,1680,2319,2243,2323,2040
5177730586977400,2413,1817,2319,2246,2305,2039
5177730586977400,2409,1820,2320,2245,2304,2041
5177730586977400,2409,1818,2318,2245,2302,2041
5177730595961800,2412,1820,2320,2245,2300,2091
5177730595961800,2410,1818,2321,2247,2304,2038
5177730595961800,2412,1818,2320,2244,2305,2040
5177730595961800,2411,1816,2318,2247,2305,2039
5177730603565300,2414,1819,2318,2245,2305,2041
5177730603565300,2411,1820,2320,2245,2304,2034
5177730603565300,2413,1819,2318,2246,2303,2040
5177730603565300,2408,1817,2320,2245,2305,2039
5177730613065800,2409,1820,2319,2245,2301,2041
5177730613065800,2411,1818,2345,2246,2304,2041
5177730613065800,2412,1820,2318,2246,2306,2038
5177730613065800,2412,1818,2318,2244,2326,2039
5177730613065800,2416,1818,2318,2248,2049,2039
5177730620760600,2409,1813,2318,2240,2306,2039
5177730620760600,2410,1816,2319,2246,2306,2041
5177730620760600,2410,1819,2320,2244,2303,2039
5177730620760600,2409,1819,2320,2244,2304,2040
5177730632398300,2410,1818,2319,2245,2306,2040
5177730632398300,2411,1818,2321,2249,2305,2039
5177730632398300,2411,1839,2321,2246,2307,2016
5177730632398300,2436,1820,2318,2246,2048,2041
5177730632398300,2410,1819,2319,2244,2306,2040
5177730639503200,2409,1816,2330,2247,2306,2039
5177730639503200,2412,1818,2318,2246,2306,2039
5177730639503200,2411,1818,2317,2244,2309,2037
5177730639503200,2413,1822,2319,2243,2307,2039
5177730649404600,2410,1818,2320,2244,2306,2041
5177730649404600,2532,1818,2317,2245,2050,2041
5177730649404600,2410,1820,2319,2246,2307,2037
5177730649404600,2410,1818,2320,2245,2308,2038
5177730649404600,2409,1819,2321,2245,2304,2038
5177730657590700,2410,1820,2320,2243,2326,2040
5177730657590700,2409,1820,2316,2245,2305,2040
5177730657590700,2412,1818,2319,2242,2306,2042
5177730657590700,2410,1818,2319,2244,2304,2085
5177730665502100,2410,1820,2319,2244,2208,2040
5177730665502100,2411,1818,2319,2249,2307,2041
5177730665502100,2412,1819,2318,2245,2305,2039
5177730665502100,2410,1817,2319,2245,2303,2040
5177730675971200,2410,1819,2318,2247,2306,2040
5177730675971200,2411,1818,2319,2242,2305,2042
5177730675971200,2409,1818,2317,2244,2302,2040
5177730675971200,2413,1823,2318,2245,2313,2045
5177730675971200,2415,1817,2318,2242,2050,2042
5177730683619600,2409,1817,2320,2246,2306,2040
5177730683619600,2410,1818,2318,2255,2304,2039
5177730683619600,2411,1819,2318,2244,2306,2041
5177730683619600,2412,1817,2321,2246,2304,2042
5177730692903000,2410,1818,2317,2243,2305,2042
5177730692903000,2412,1816,2319,2242,2303,2041
5177730692903000,2409,1815,2319,2244,2305,2046
5177730692903000,2412,1817,2319,2244,2338,2040
5177730692903000,2410,1815,2319,2244,2304,2041
5177730700972500,2411,1818,2319,2248,2304,2041
5177730700972500,2410,1818,2319,2244,2306,2043
5177730700972500,2411,1818,2324,2246,2304,2045
5177730700972500,2412,1822,2319,2248,2300,2044
5177730711680400,2409,1817,2317,2246,2305,2041
5177730711680400,2411,1822,2321,2244,2306,2043
5177730711680400,2410,1682,2319,2245,2318,2042
5177730711680400,2414,1819,2318,2246,2306,2042
5177730711680400,2409,1819,2318,2245,2302,2041
5177730719316000,2411,1818,2317,2246,2321,2043
5177730719316000,2409,1818,2321,2245,2304,2087
5177730719316000,2411,1818,2316,2249,2302,2040
5177730719316000,2412,1817,2322,2242,2307,2048
5177730726958300,2410,1818,2318,2243,2304,2045
5177730726958300,2414,1818,2318,2246,2305,2046
5177730726958300,2411,1819,2318,2249,2304,2037
5177730726958300,2411,1814,2318,2244,2305,2047
5177730738373300,2411,1818,2318,2241,2313,2047
5177730738373300,2412,1818,2317,2245,2309,2044
5177730738373300,2413,1817,2339,2247,2304,2045
5177730738373300,2413,1817,2320,2245,2308,2048
5177730738373300,2410,1818,2319,2241,2306,2051
5177730744974200,2417,1818,2318,2245,2052,2049
5177730744974200,2414,1818,2319,2245,2308,2303
5177730744974200,2407,1818,2320,2247,2303,2048
5177730744974200,2414,1818,2317,2244,2307,2048
5177730754707700,2412,1817,2319,2246,2304,2049
5177730754707700,2410,1819,2319,2245,2312,2048
5177730754707700,2412,1816,2320,2246,2304,2049
5177730754707700,2413,1807,2323,2245,2048,2047
5177730754707700,2421,1818,2316,2249,2050,2051
5177730763257900,2410,1819,2315,2244,2307,2302
5177730763257900,2413,1817,2326,2247,2304,2049
5177730763257900,2412,1816,2318,2245,2305,2050
5177730763257900,2408,1817,2318,2244,2307,2048
5177730774265300,2411,1820,2320,2244,2305,2052
5177730774265300,2413,1817,2320,2245,2305,2051
5177730774265300,2534,1811,2320,2241,2051,2050
5177730774265300,2412,1818,2318,2249,2305,2052
5177730774265300,2415,1818,2318,2242,2306,2052
5177730781512600,2413,1818,2319,2244,2305,2052
5177730781512600,2411,1819,2316,2246,2288,2048
5177730781512600,2414,1820,2317,2246,2305,2050
5177730781512600,2413,1818,2317,2244,2308,2050
5177730789466900,2414,1819,2317,2244,2305,2092
5177730789466900,2410,1821,2317,2245,2464,2049
5177730789466900,2411,1823,2320,2247,2306,2049
5177730789466900,2412,1823,2317,2246,2305,2046
5177730799969200,2412,1819,2319,2247,2304,2048
5177730799969200,2412,1823,2317,2247,2306,2055
5177730799969200,2413,1818,2320,2100,2305,2048
5177730799969200,2410,1818,2317,2244,2300,2042
5177730799969200,2412,1820,2318,2248,2312,2045
5177730807679700,2416,1816,2319,2248,2306,2040
5177730807679700,2409,1820,2317,2246,2305,2039
5177730807679700,2413,1817,2317,2220,2306,2037
5177730807679700,2412,1820,2315,2246,2304,2039
5177730817079900,2411,1819,2320,2245,2306,2037
5177730817079900,2412,1819,2317,2245,2307,2033
5177730817079900,2412,1819,2317,2245,2237,2033
5177730817079900,2413,1815,2318,2242,2304,2032
5177730817079900,2412,1818,2317,2244,2330,2037
5177730825662300,2412,1817,2318,2245,2308,2036
5177730825662300,2411,1816,2316,2246,2304,2035
5177730825662300,2412,1818,2317,2244,2287,2035
5177730825662300,2414,1817,2320,2248,2306,2036
5177730834981900,2412,1815,2319,2244,2306,2034
5177730834981900,2411,1818,2316,2246,2304,2033
5177730834981900,2413,1814,2317,2244,2305,2136
5177730834981900,2413,1680,2318,2244,2318,2036
5177730834981900,2414,1817,2319,2244,2307,2035
5177730843121300,2412,1817,2317,2245,2306,2035
5177730843121300,2411,1819,2311,2244,2304,2035
5177730843121300,2413,1822,2317,2245,2304,2079
5177730843121300,2415,1820,2314,2245,2302,2037
5177730852451300,2412,1818,2316,2243,2305,2036
5177730852451300,2413,1817,2315,2244,2305,2036
5177730852451300,2416,1819,2316,2247,2559,2036
5177730852451300,2412,1816,2317,2245,2305,2030
5177730862078500,2413,1818,2315,2245,2304,2042
5177730862078500,2412,1817,2317,2244,2299,2046
5177730862078500,2413,1822,2317,2245,2306,2052
5177730862078500,2413,1820,2338,2241,2304,2044
5177730862078500,2414,1818,2318,2245,2305,2052
5177730870448300,2415,1819,2313,2247,2305,2054
5177730870448300,2421,1818,2310,2244,2050,2054
5177730870448300,2414,1817,2315,2244,2306,2054
5177730870448300,2415,1819,2315,2245,2305,2055
5177730879819800,2415,1819,2316,2239,2303,2053
5177730879819800,2416,1818,2315,2244,2304,2060
5177730879819800,2416,1818,2315,2244,2306,2053
5177730879819800,2415,1818,2318,2246,2304,2055
5177730879819800,2416,1803,2315,2245,2304,2056
5177730887651100,2426,1819,2313,2248,2053,2054
5177730887651100,2415,1818,2311,2249,2308,2055
5177730887651100,2411,1815,2323,2242,2306,2051
5177730887651100,2416,1820,2313,2244,2306,2055
5177730897027600,2417,1819,2314,2246,2306,2053
5177730897027600,2418,1817,2316,2244,2308,2050
5177730897027600,2415,1819,2314,2245,2306,2059
5177730897027600,2538,1819,2314,2245,2050,2059
5177730897027600,2417,1817,2312,2245,2305,2059
5177730905905900,2418,1819,2315,2242,2306,2053
5177730905905900,2418,1816,2314,2241,2304,2052
5177730905905900,2415,1818,2312,2242,2288,2055
5177730905905900,2418,1819,2307,2240,2302,2052
5177730914278000,2420,1819,2315,2241,2306,2050
5177730914278000,2412,1818,2312,2236,2306,2089
5177730914278000,2416,1819,2312,2236,2466,2037
5177730914278000,2416,1820,2312,2239,2306,2031
5177730924046000,2418,1820,2312,2240,2306,2033
5177730924046000,2415,1820,2313,2239,2304,2036
5177730924046000,2415,1819,2315,2237,2307,2037
5177730924046000,2418,1816,2313,2235,2306,2044
5177730924046000,2419,1818,2309,2237,2306,2048
5177730932475700,2419,1822,2312,2236,2312,2049
5177730932475700,2423,1817,2310,2237,2307,2049
5177730932475700,2418,1817,2309,2239,2306,2049
5177730932475700,2417,1818,2308,2210,2306,2045
5177730942307100,2417,1819,2313,2234,2304,2047
5177730942307100,2419,1818,2312,2235,2301,2044
5177730942307100,2419,1817,2310,2235,2306,2046
5177730942307100,2420,1821,2309,2234,2380,2049
5177730942307100,2418,1815,2309,2236,2308,2047
5177730951123500,2418,1818,2308,2237,2326,2051
5177730951123500,2421,1818,2309,2231,2307,1795
5177730951123500,2418,1818,2305,2236,2305,2045
5177730951123500,2421,1817,2306,2235,2328,2041
5177730960352400,2424,1817,2309,2234,2306,2053
5177730960352400,2417,1819,2306,2233,2307,2047
5177730960352400,2422,1818,2305,2232,2306,2051
5177730960352400,2423,1813,2305,2230,2306,2057
5177730960352400,2422,1677,2306,2228,2318,2055
5177730968313200,2423,1818,2306,2231,2305,2058
5177730968313200,2421,1818,2306,2230,2308,2060
5177730968313200,2422,1819,2303,2228,2308,2060
5177730968313200,2422,1822,2048,2227,2305,2105
5177730975867400,2423,1815,2558,2231,2305,2061
5177730975867400,2418,1818,2304,2228,2306,2058
5177730975867400,2423,1820,2303,2225,2305,2062
5177730975867400,2426,1818,2300,2222,2307,2062
5177730986574500,2419,1820,2303,2225,2305,2050
5177730986574500,2423,1816,2301,2224,2306,2060
5177730986574500,2420,1823,2300,2224,2308,2059
5177730986574500,2423,1820,2302,2224,2305,2062
5177730986574500,2423,1819,2068,2224,2304,2059
5177730994704300,2422,1819,2301,2222,2306,2058
5177730994704300,2422,1817,2301,2225,2306,2058
5177730994704300,2428,1818,2301,2220,2049,2062
5177730994704300,2421,1815,2301,2220,2307,2061
5177731004036200,2421,1817,2300,2217,2306,2055
5177731004036200,2422,1819,2297,2218,2307,2056
5177731004036200,2421,1817,2299,2208,2306,2057
5177731004036200,2422,1817,2301,2214,2306,2054
5177731004036200,2421,1818,2300,2218,2305,2063
5177731012300000,2421,1805,2302,2213,2305,2055
5177731012300000,2432,1817,2298,2216,2050,2057
5177731012300000,2420,1820,2299,2212,2309,2057
5177731012300000,2421,1819,2304,2211,2308,2060
5177731022734600,2414,1817,2294,2212,2305,2058
5177731022734600,2421,1820,2299,2210,2309,2063
5177731022734600,2421,1819,2298,2208,2308,2062
5177731022734600,2420,1818,2294,2210,2303,2062
5177731022734600,2538,1819,2299,2208,2049,2062
5177731030715700,2419,1819,2296,2209,2304,2061
5177731030715700,2421,1819,2295,2209,2306,2064
5177731030715700,2415,1820,2294,2206,2305,2063
5177731030715700,2423,1822,2293,2203,2328,2065
5177731038281500,2419,1820,2290,2205,2305,2064
5177731038281500,2420,1818,2293,2201,2308,2065
5177731038281500,2418,1822,2293,2201,2307,2107
5177731038281500,2417,1818,2291,2202,2465,2065
5177731047785400,2421,1814,2290,2202,2306,2066
5177731047785400,2421,1820,2291,2204,2308,2065
5177731047785400,2420,1819,2291,2201,2307,2065
5177731047785400,2417,1822,2289,2196,2307,2066
5177731047785400,2418,1817,2290,2202,2305,2066
5177731056523500,2418,1819,2286,2200,2307,2069
5177731056523500,2418,1822,2287,2197,2312,2065
5177731056523500,2424,1816,2283,2200,2307,2065
5177731056523500,2416,1813,2286,2190,2306,2056
5177731066432600,2417,1818,2282,2168,2304,2056
5177731066432600,2417,1818,2285,2194,2306,2058
5177731066432600,2417,1818,2286,2195,2306,2055
5177731066432600,2416,1820,2282,2189,2308,2054
5177731066432600,2413,1819,2283,2192,2306,2049
5177731074846900,2415,1815,2283,2189,2306,2047
5177731074846900,2413,1820,2283,2192,2330,2045
5177731074846900,2419,1819,2284,2191,2307,2042
5177731074846900,2413,1819,2281,2191,2305,2044
5177731083693100,2414,1819,2279,2189,2304,2042
5177731083693100,2416,1818,2284,2191,2305,2046
5177731083693100,2416,1817,2281,2188,2307,2043
5177731083693100,2415,1819,2277,2188,2308,2049
5177731083693100,2413,1815,2281,2185,2307,2145
5177731091755800,2414,1682,2279,2185,2320,2045
5177731091755800,2416,1817,2283,2187,2307,2045
5177731091755800,2412,1817,2279,2185,2308,2045
5177731091755800,2411,1817,2278,2181,2294,2046
5177731100066500,2414,1818,2279,2181,2306,2090
5177731100066500,2413,1819,2277,2181,2307,2046
5177731100066500,2415,1817,2276,2180,2307,2048
5177731100066500,2408,1819,2278,2179,2306,2050
5177731110392600,2413,1818,2275,2179,2305,2043
5177731110392600,2409,1820,2278,2179,2305,2290
5177731110392600,2412,1818,2275,2180,2309,2046
5177731110392600,2414,1819,2275,2176,2306,2049
5177731110392600,2413,1817,2276,2176,2306,2045
5177731118983700,2411,1819,2297,2178,2304,2048
5177731118983700,2412,1818,2274,2177,2307,2048
5177731118983700,2415,1819,2275,2176,2308,2049
5177731118983700,2418,1818,2274,2176,2053,2049
5177731128144900,2414,1817,2275,2174,2307,2049
5177731128144900,2413,1814,2274,2174,2305,2050
5177731128144900,2416,1819,2273,2176,2303,2050
5177731128144900,2413,1819,2273,2169,2304,2052
5177731128144900,2414,1818,2273,2172,2307,2056
5177731135921400,2412,1818,2276,2172,2308,2055
5177731135921400,2413,1810,2273,2173,2306,2034
5177731135921400,2421,1818,2272,2176,2050,2060
5177731135921400,2413,1818,2273,2174,2310,2059
5177731146625600,2413,1817,2282,2169,2307,2059
5177731146625600,2414,1820,2275,2168,2306,2058
5177731146625600,2410,1820,2271,2168,2307,2056
5177731146625600,2412,1822,2271,2168,2307,2060
5177731146625600,2412,1821,2272,2164,2305,2059
5177731154690800,2532,1820,2272,2166,2052,2060
5177731154690800,2411,1819,2269,2167,2306,2059
5177731154690800,2413,1820,2271,2164,2307,2060
5177731154690800,2411,1821,2272,2160,2306,2058
5177731162357200,2413,1818,2270,2160,2306,2057
5177731162357200,2412,1818,2266,2162,2306,2057
5177731162357200,2413,1818,2271,2160,2302,2061
5177731162357200,2412,1820,2271,2160,2306,2103
5177731172993200,2412,1818,2271,2160,2465,2061
5177731172993200,2415,1816,2271,2162,2301,2060
5177731172993200,2410,1820,2270,2161,2309,2059
5177731172993200,2412,1819,2271,2161,2306,2060
5177731172993200,2410,1819,2271,2160,2305,2060
5177731180713600,2411,1819,2270,2010,2304,2059
5177731180713600,2410,1820,2269,2155,2314,2060
5177731180713600,2414,1821,2270,2156,2315,2061
5177731180713600,2415,1818,2269,2160,2308,2060
5177731190362300,2409,1819,2270,2160,2309,2059
5177731190362300,2410,1817,2267,2134,2307,2058
5177731190362300,2410,1820,2268,2155,2310,2058
5177731190362300,2415,1816,2268,2158,2306,2058
5177731190362300,2412,1820,2268,2157,2305,2059
5177731198240000,2413,1819,2268,2153,2379,2057
5177731198240000,2410,1816,2266,2154,2307,2062
5177731198240000,2412,1820,2267,2152,2328,2060
5177731198240000,2409,1819,2267,2153,2305,1809
5177731208857700,2409,1821,2264,2154,2310,2065
5177731208857700,2410,1821,2266,2152,2328,2066
5177731208857700,2412,1822,2269,2153,2306,2066
5177731208857700,2412,1817,2266,2151,2307,2068
5177731208857700,2408,1818,2265,2152,2306,2069
5177731216684400,2408,1813,2265,2156,2307,2171
5177731216684400,2406,1684,2263,2149,2318,2076
5177731216684400,2411,1818,2264,2152,2307,2072
5177731216684400,2412,1819,2261,2149,2306,2071
5177731224302600,2411,1818,2261,2146,2321,2071
5177731224302600,2410,1816,2263,2150,2306,2120
5177731224302600,2410,1821,2257,2150,2306,2072
5177731224302600,2410,1817,2258,2148,2308,2075
5177731234633900,2408,1816,2259,2144,2309,2077
5177731234633900,2412,1818,2256,2142,2306,2076
5177731234633900,2407,1824,2258,2141,2304,2064
5177731234633900,2409,1818,2256,2145,2306,2076
5177731234633900,2409,1817,2255,2144,2306,2076
5177731242360600,2409,1816,2254,2146,2305,2076
5177731242360600,2409,1817,2272,2144,2306,2081
5177731242360600,2410,1815,2252,2143,2308,2080
5177731242360600,2408,1815,2248,2147,2305,2081
5177731253078000,2414,1815,2250,2144,2050,2081
5177731253078000,2407,1810,2250,2148,2308,2080
5177731253078000,2407,1816,2249,2144,2305,2102
5177731253078000,2406,1818,2245,2144,2308,2075
5177731253078000,2408,1815,2246,2145,2307,2073
5177731261170900,2403,1817,2245,2142,2306,2075
5177731261170900,2408,1815,2245,2143,2311,2074
5177731261170900,2406,1807,2242,2142,2305,2076
5177731261170900,2414,1816,2240,2144,2054,2078
5177731270285100,2406,1817,2239,2141,2306,2075
5177731270285100,2406,1813,2246,2139,2307,2074
5177731270285100,2405,1817,2234,2137,2308,2074
5177731270285100,2404,1815,2236,2134,2311,2069
5177731270285100,2404,1819,2237,2136,2308,2070
5177731278300300,2401,1816,2234,2127,2310,2065
5177731278300300,2521,1816,2232,2132,2050,2070
5177731278300300,2401,1816,2233,2139,2307,2068
5177731278300300,2401,1816,2231,2133,2306,2068
5177731287351700,2402,1814,2231,2132,2306,2068
5177731287351700,2401,1817,2229,2131,2330,2066
5177731287351700,2400,1815,2227,2133,2306,2067
5177731287351700,2401,1815,2229,2133,2306,2066
5177731296970700,2402,1817,2227,2128,2306,2109
5177731296970700,2401,1816,2227,2128,2460,2067
5177731296970700,2401,1813,2226,2129,2306,2066
5177731296970700,2399,1815,2226,2130,2306,2069
5177731296970700,2399,1816,2226,2127,2305,2072
5177731305399300,2398,1817,2225,2130,2305,2068
5177731305399300,2395,1817,2228,2128,2306,2065
5177731305399300,2396,1816,2223,2124,2300,2063
5177731305399300,2394,1820,2223,2125,2313,2066
5177731314878400,2392,1815,2222,2125,2308,2071
5177731314878400,2388,1816,2207,2124,2305,2069
5177731314878400,2390,1817,2222,2098,2305,2067
5177731314878400,2388,1813,2219,2120,2306,2066
5177731314878400,2386,1816,2224,2121,2306,2070
5177731322280700,2386,1816,2220,2121,2308,2068
5177731322280700,2383,1818,2219,2119,2243,2069
5177731322280700,2382,1811,2220,2117,2308,2072
5177731322280700,2376,1816,2219,2120,2328,2072
5177731332966000,2374,1818,2219,2121,2307,1824
5177731332966000,2375,1817,2216,2119,2306,2083
5177731332966000,2373,1817,2217,2118,2289,2083
5177731332966000,2375,1818,2219,2118,2304,2080
5177731332966000,2373,1816,2218,2120,2306,2073
5177731340080400,2369,1817,2216,2120,2305,2077
5177731340080400,2368,1810,2218,2120,2305,2171
5177731340080400,2372,1682,2217,2117,2316,2067
5177731340080400,2368,1816,2218,2119,2308,2065
5177731349611000,2367,1818,2216,2115,2308,2061
5177731349611000,2366,1816,2217,2119,2318,2066
5177731349611000,2364,1818,2217,2115,2306,2110
5177731349611000,2364,1817,2213,2119,2306,2066
5177731359017900,2366,1815,2215,2119,2309,2079
5177731359017900,2367,1819,2215,2119,2306,2084
5177731359017900,2366,1817,2214,2120,2308,2083
5177731359017900,2363,1818,2216,2121,2308,2072
5177731359017900,2362,1816,2216,2119,2306,2073
5177731366901900,2364,1819,2214,2115,2317,2088
5177731366901900,2363,1817,2214,2117,2304,2091
5177731366901900,2364,1817,2236,2119,2306,2096
5177731366901900,2362,1818,2214,2117,2309,2094
5177731377530400,2363,1822,2213,2121,2306,2098
5177731377530400,2368,1815,2214,2118,2052,2073
5177731377530400,2362,1816,2216,2120,2306,2073
5177731377530400,2362,1814,2212,2120,2306,2070
5177731377530400,2362,1819,2213,2120,2309,2098
5177731385361700,2361,1818,2212,2120,2306,2098
5177731385361700,2362,1817,2215,2116,2307,2094
5177731385361700,2363,1817,2214,2118,2310,2090
5177731385361700,2360,1809,2217,2116,2307,2068
5177731394727700,2368,1817,2212,2122,2050,2093
5177731394727700,2359,1815,2213,2117,2308,2091
5177731394727700,2358,1817,2220,2113,2308,2106
5177731394727700,2359,1816,2212,2118,2306,2102
5177731394727700,2357,1816,2216,2120,2309,2093
5177731402899800,2357,1816,2214,2119,2308,2094
5177731402899800,2354,1819,2213,2119,2305,2091
5177731402899800,2477,1817,2211,2116,2053,2098
5177731402899800,2352,1817,2212,2116,2306,2093
5177731410967200,2355,1815,2214,2118,2304,2092
5177731410967200,2353,1819,2213,2118,2305,2097
5177731410967200,2351,1817,2210,2117,2306,2089
5177731410967200,2353,1817,2212,2118,2308,2089
5177731420703100,2352,1817,2213,2116,2307,2089
5177731420703100,2352,1815,2213,2116,2306,2128
5177731420703100,2348,1817,2211,2118,2460,2086
5177731420703100,2351,1819,2212,2117,2307,2087
5177731420703100,2353,1817,2212,2116,2309,2089
5177731428662600,2349,1815,2214,2117,2307,2090
5177731428662600,2349,1817,2214,2118,2304,2097
5177731428662600,2347,1816,2216,2262,2305,2096
5177731428662600,2350,1819,2212,2117,2300,2094
5177731439153400,2348,1820,2211,2118,2312,2098
5177731439153400,2353,1818,2211,2117,2309,2095
5177731439153400,2347,1817,2224,2118,2306,2095
5177731439153400,2347,1815,2212,2130,2306,2097
5177731439153400,2348,1819,2211,2115,2304,2103
5177731446518400,2348,1820,2216,2117,2308,2102
5177731446518400,2348,1817,2212,2118,2305,2096
5177731446518400,2347,1820,2213,2116,2242,2094
5177731446518400,2347,1814,2212,2122,2310,2095
5177731457375500,2347,1817,2213,2119,2326,2090
5177731457375500,2346,1822,2213,2116,2306,1832
5177731457375500,2345,1819,2210,2116,2308,2091
5177731457375500,2347,1819,2212,2114,2307,2092
5177731457375500,2345,1816,2216,2114,2304,2093
5177731464521700,2346,1819,2212,2115,2307,2093
5177731464521700,2343,1818,2212,2117,2306,2100
5177731464521700,2344,1814,2213,2116,2310,2099
5177731464521700,2348,1684,2213,2114,2316,2099
5177731473383100,2346,1818,2213,2115,2308,2102
5177731473383100,2346,1818,2212,2113,2307,2109
5177731473383100,2344,1817,2210,2114,2299,2111
5177731473383100,2345,1818,2214,2115,2306,2160
5177731483440800,2346,1819,2210,2115,2307,2107
5177731483440800,2345,1819,2211,2114,2305,2109
5177731483440800,2343,1818,2211,2114,2306,2107
5177731483440800,2347,1819,2212,2110,2307,2106
5177731483440800,2341,1818,2212,2113,2306,2094
5177731490602400,2344,1819,2212,2113,2307,2102
5177731490602400,2341,1819,2211,2112,2308,2105
5177731490602400,2344,1819,2212,2110,2306,2101
5177731490602400,2341,1818,2233,2109,2305,2100
5177731501489200,2343,1818,2212,2110,2305,2098
5177731501489200,2344,1815,2211,2108,2306,2098
5177731501489200,2346,1817,2212,2112,2303,2096
5177731501489200,2341,1815,2213,2109,2308,2092
5177731501489200,2340,1816,2211,2110,2307,2068
5177731509492200,2341,1819,2211,2110,2305,2090
5177731509492200,2341,1816,2211,2110,2306,2093
5177731509492200,2340,1820,2212,2111,2307,2090
5177731509492200,2342,1818,2214,2110,2307,2091
5177731518891800,2342,1810,2213,2109,2306,2065
5177731518891800,2348,1818,2210,2108,2050,2088
5177731518891800,2342,1821,2209,2108,2311,2088
5177731518891800,2338,1818,2218,2111,2305,2092
5177731518891800,2342,1819,2209,2108,2304,2086
5177731527217200,2341,1817,2212,2108,2308,2085
5177731527217200,2341,1818,2208,2110,2306,2087
5177731527217200,2341,1816,2210,2108,2307,2088
5177731527217200,2459,1818,2211,2108,2051,2085
5177731535109000,2339,1822,2211,2108,2308,2085
5177731535109000,2341,1817,2210,2111,2306,2084
5177731535109000,2340,1818,2211,2108,2307,2086
5177731535109000,2338,1818,2210,2110,2306,2085
5177731545881100,2342,1817,2207,2107,2307,2092
5177731545881100,2339,1817,2210,2107,2306,2089
5177731545881100,2340,1817,2211,2107,2306,2131
5177731545881100,2340,1816,2210,2104,2462,2089
5177731545881100,2342,1818,2210,2102,2307,2088
5177731554256100,2341,1819,2211,2104,2307,2088
5177731554256100,2340,1817,2214,2107,2306,2086
5177731554256100,2336,1817,2211,2107,2308,2086
5177731554256100,2340,1818,2212,2250,2306,2089
5177731564002600,2339,1818,2211,2105,2304,2088
5177731564002600,2339,1822,2211,2104,2311,2089
5177731564002600,2342,1817,2210,2102,2307,2089
5177731564002600,2336,1818,2217,2104,2308,2090
5177731564002600,2338,1818,2212,2078,2310,2089
5177731571675700,2339,1815,2210,2102,2309,2091
5177731571675700,2338,1817,2212,2105,2307,2092
5177731571675700,2340,1818,2209,2105,2308,2090
5177731571675700,2341,1818,2211,2101,2244,2091
5177731581135200,2338,1814,2212,2102,2308,2093
5177731581135200,2338,1818,2212,2100,2329,2092
5177731581135200,2336,1818,2212,2101,2307,1836
5177731581135200,2334,1818,2210,2098,2305,2094
5177731581135200,2337,1818,2213,2101,2288,2091
5177731588827000,2340,1818,2213,2095,2310,2095
5177731588827000,2338,1816,2211,2097,2306,2095
5177731588827000,2336,1817,2212,2096,2310,2094
5177731588827000,2337,1814,2212,2098,2307,2196
5177731597422200,2336,1683,2211,2092,2318,2097
5177731597422200,2339,1818,2215,2090,2307,2096
5177731597422200,2336,1816,2212,2089,2307,2097
5177731597422200,2341,1817,2209,2087,2319,2100
5177731608622400,2336,1818,2212,2085,2305,2145
5177731608622400,2336,1816,2208,2090,2306,2100
5177731608622400,2338,1818,2209,2081,2305,2097
5177731608622400,2337,1818,2212,2084,2308,2100
5177731608622400,2339,1817,2209,2084,2307,2099
5177731615008800,2336,1819,2212,2081,2306,2090
5177731615008800,2336,1816,2211,2084,2307,2100
5177731615008800,2335,1818,2210,2082,2314,2098
5177731615008800,2335,1818,2211,2082,2304,2096
5177731625526000,2337,1817,2232,2082,2305,2101
5177731625526000,2338,1816,2212,2070,2306,2096
5177731625526000,2336,1817,2211,2080,2307,2099
5177731625526000,2344,1815,2212,2074,2057,2098
5177731625526000,2336,1817,2213,2075,2308,2098
5177731633270300,2334,1817,2212,2055,2307,2072
5177731633270300,2338,1819,2209,2051,2305,2095
5177731633270300,2336,1817,2211,2073,2306,2099
5177731633270300,2336,1816,2212,2074,2306,2096
5177731644241300,2336,1819,2212,2077,2306,2096
5177731644241300,2332,1810,2213,2073,2305,2095
5177731644241300,2344,1822,2210,2075,2050,2095
5177731644241300,2336,1817,2212,2068,2308,2096
5177731644241300,2336,1815,2217,2067,2309,2102
5177731652364500,2333,1818,2213,2063,2309,2097
5177731652364500,2337,1813,2211,2060,2309,2102
5177731652364500,2338,1817,2214,2061,2308,2096
5177731652364500,2334,1815,2211,2060,2304,2095
5177731660606400,2451,1813,2211,2061,2050,2094
5177731660606400,2335,1818,2208,2060,2307,2096
5177731660606400,2337,1817,2210,2059,2308,2093
5177731660606400,2336,1818,2211,2054,2308,2098
5177731669837500,2335,1822,2208,2050,2307,2095
5177731669837500,2335,1817,2208,2044,2304,2097
5177731669837500,2336,1818,2209,2044,2306,2094
5177731669837500,2336,1816,2212,2039,2307,2133
5177731669837500,2333,1818,2210,2036,2459,2093
5177731677952300,2333,1816,2209,2030,2306,2093
5177731677952300,2336,1815,2213,2034,2306,2094
5177731677952300,2334,1819,2214,2025,2306,2094
5177731677952300,2333,1818,2210,2018,2304,2091
5177731687281500,2334,1819,2210,2159,2306,2094
5177731687281500,2333,1813,2210,2012,2296,2089
5177731687281500,2334,1820,2210,2009,2312,2094
5177731687281500,2337,1817,2209,2006,2306,2092
5177731687281500,2334,1819,2212,1995,2310,2092
5177731696762900,2334,1816,2208,1974,2304,2092
5177731696762900,2335,1814,2209,1986,2306,2092
5177731696762900,2334,1818,2213,1985,2304,2091
5177731696762900,2334,1816,2211,1980,2307,2092
5177731706225300,2335,1818,2209,1981,2305,2091
5177731706225300,2335,1816,2211,1976,2305,2094
5177731706225300,2332,1818,2208,1970,2326,2093
5177731706225300,2333,1820,2209,1968,2304,1835
5177731706225300,2334,1818,2210,1965,2306,2092
5177731713640500,2335,1818,2209,1958,2286,2092
5177731713640500,2334,1817,2212,1960,2305,2093
5177731713640500,2334,1819,2209,1956,2304,2089
5177731713640500,2332,1817,2209,1953,2304,2091
5177731721800700,2327,1814,2210,1948,2305,2195
5177731721800700,2332,1684,2211,1946,2316,2092
5177731721800700,2339,1816,2211,1945,2305,2091
5177731721800700,2332,1817,2208,1944,2305,2093
5177731731463400,2333,1815,2209,1944,2317,2092
5177731731463400,2333,1817,2211,1939,2300,2141
5177731731463400,2332,1818,2208,1931,2306,2092
5177731731463400,2336,1816,2208,1921,2304,2093
5177731731463400,2336,1817,2210,1923,2050,2093
5177731740327500,2336,1818,2205,1920,2305,2094
5177731740327500,2333,1818,2208,1917,2308,2086
5177731740327500,2334,1819,2209,1918,2306,2092
5177731740327500,2332,1818,2207,1917,2304,2096
5177731750114500,2333,1815,2209,1917,2305,2093
5177731750114500,2332,1818,2228,1917,2308,2099
5177731750114500,2333,1816,2209,1915,2304,2091
5177731750114500,2334,1818,2209,1917,2309,2092
5177731750114500,2340,1817,2208,1917,2051,2095
5177731757829700,2333,1811,2211,1912,2305,2093
5177731757829700,2333,1814,2210,1916,2305,2069
5177731757829700,2333,1820,2208,1919,2305,2095
5177731757829700,2333,1816,2208,1917,2305,2095
5177731768265200,2335,1819,2208,1917,2308,2094
5177731768265200,2331,1818,2211,1919,2304,2093
5177731768265200,2332,1810,2211,1919,2304,2093
5177731768265200,2342,1817,2208,1924,2049,2095
5177731768265200,2333,1817,2207,1918,2308,2095
5177731776180800,2334,1818,2216,1920,2306,2098
5177731776180800,2335,1818,2208,1921,2304,2095
5177731776180800,2331,1818,2209,1921,2306,2096
5177731776180800,2335,1817,2210,1919,2304,2095
5177731784298500,2334,1817,2208,1921,2306,2094
5177731784298500,2450,1819,2208,1922,2305,2095
5177731784298500,2333,1818,2208,1920,2310,2094
5177731784298500,2334,1818,2208,1919,2304,2096
5177731793009100,2332,1819,2208,1918,2305,2094
5177731793009100,2337,1816,2209,1916,2304,2095
5177731793009100,2333,1818,2206,1922,2304,2095
5177731793009100,2334,1816,2211,1919,2298,2096
5177731793009100,2334,1817,2208,1918,2304,2138
5177731802245500,2333,1817,2210,1916,2462,2097
5177731802245500,2333,1818,2210,1919,2306,2097
5177731802245500,2334,1815,2208,1918,2306,2097
5177731802245500,2333,1817,2212,1921,2306,2098
5177731811712200,2333,1816,2211,1917,2304,2097
5177731811712200,2333,1819,2209,2064,2305,2096
5177731811712200,2335,1820,2207,1920,2304,2095
5177731811712200,2335,1821,2210,1918,2312,2098
5177731811712200,2336,1816,2208,1922,2306,2098
5177731820617900,2332,1817,2209,1918,2306,2096
5177731820617900,2334,1818,2208,1897,2305,2101
5177731820617900,2333,1820,2208,1916,2307,2098
5177731820617900,2335,1819,2211,1917,2305,2098
5177731829892200,2334,1821,2209,1920,2307,2097
5177731829892200,2333,1817,2210,1917,2308,2099
5177731829892200,2333,1814,2211,1918,2306,2100
5177731829892200,2330,1818,2207,1921,2329,2097
5177731829892200,2334,1818,2207,1917,2304,1842
5177731837664200,2334,1818,2208,1919,2307,2098
5177731837664200,2334,1818,2207,1920,2306,2097
5177731837664200,2333,1817,2211,1919,2306,2099
5177731837664200,2334,1820,2209,1918,2305,2100
5177731845873000,2332,1817,2209,1922,2306,2099
5177731845873000,2333,1813,2210,1921,2306,2100
5177731845873000,2333,1682,2209,1920,2060,2097
5177731845873000,2334,1817,2210,1916,2306,2096
5177731855360800,2333,1817,2208,1919,2305,2098
5177731855360800,2333,1816,2209,1919,2316,2101
5177731855360800,2334,1818,2208,1917,2306,2145
5177731855360800,2331,1816,2204,1919,2305,2095
5177731855360800,2334,1817,2208,1919,2304,2098
5177731865011600,2332,1818,2207,1920,2306,2099
5177731865011600,2336,1815,2208,1921,2306,2097
5177731865011600,2330,1818,2208,1919,2304,2090
5177731865011600,2330,1821,2209,1922,2305,2098
5177731873458400,2332,1817,2210,1918,2314,2099
5177731873458400,2331,1817,2207,1921,2304,2096
5177731873458400,2331,1816,2228,1920,2304,2098
5177731873458400,2330,1814,2208,1920,2305,2098
5177731873458400,2331,1817,2210,1919,2305,2099
5177731882957600,2337,1815,2208,1920,2049,2099
5177731882957600,2328,1815,2216,1918,2306,2098
5177731882957600,2330,1814,2209,1918,2309,2074
5177731882957600,2330,1818,2208,1920,2306,2098
5177731892551800,2329,1820,2209,1917,2304,2099
5177731892551800,2329,1818,2207,1917,2308,2099
5177731892551800,2327,1817,2211,1922,2305,2100
5177731892551800,2330,1808,2210,1919,2304,2099
5177731892551800,2336,1816,2208,1920,2302,2100
5177731900337200,2330,1817,2207,1918,2307,2098
5177731900337200,2329,1817,2215,1919,2306,2103
5177731900337200,2328,1817,2209,1921,2305,2099
5177731900337200,2325,1817,2207,1917,2307,2098
5177731908948800,2328,1816,2208,1918,2306,2100
5177731908948800,2328,1817,2208,1915,2311,2099
5177731908948800,2446,1818,2208,1918,2559,2098
5177731908948800,2325,1817,2208,1919,2305,2099
5177731918450100,2329,1817,2208,1916,2305,2097
5177731918450100,2327,1817,2209,1919,2302,2097
5177731918450100,2327,1818,2209,1918,2305,2097
5177731918450100,2329,1818,2206,1919,2305,2100
5177731918450100,2328,1816,2209,1920,2306,2102
5177731926248800,2327,1817,2208,1917,2304,2143
5177731926248800,2327,1820,2208,1914,2460,2100
5177731926248800,2328,1817,2209,1918,2306,2100
5177731926248800,2327,1816,2208,1918,2306,2100
5177731935685500,2326,1814,2209,1921,2305,2101
5177731935685500,2326,1812,2207,1919,2304,2099
5177731935685500,2327,1819,2210,2064,2306,2099
5177731935685500,2323,1816,2207,1916,2297,2100
5177731935685500,2327,1824,2209,1917,2310,2101
5177731943750200,2329,1815,2206,1921,2306,2101
5177731943750200,2325,1816,2209,1917,2306,2101
5177731943750200,2327,1817,2208,1896,2303,2100
5177731943750200,2327,1820,2208,1917,2306,2101
5177731954934000,2327,1818,2209,1925,2304,2102
5177731954934000,2327,1817,2208,1919,2305,2098
5177731954934000,2326,1818,2208,1920,2306,2101
5177731954934000,2326,1816,2208,1917,2307,2103
5177731954934000,2325,1819,2209,1916,2328,2101
5177731962400000,2328,1818,2209,1920,2304,1847
5177731962400000,2321,1817,2208,1918,2306,2101
5177731962400000,2331,1818,2209,1917,2286,2102
5177731962400000,2325,1819,2212,1918,2300,2101
5177731971187200,2326,1817,2209,1921,2307,2101
5177731971187200,2324,1817,2212,1919,2306,2100
5177731971187200,2323,1816,2212,1916,2308,2103
5177731971187200,2326,1683,2207,1914,2318,2099
5177731981749700,2324,1820,2210,1916,2305,2100
5177731981749700,2324,1815,2208,1915,2304,2101
5177731981749700,2322,1815,2210,1916,2297,2101
5177731981749700,2321,1817,2211,1916,2304,2148
5177731981749700,2320,1818,2205,1917,2303,2099
5177731988279600,2319,1815,2208,1912,2305,2101
5177731988279600,2318,1817,2207,1915,2304,2102
5177731988279600,2321,1817,2208,1917,2307,2101
5177731988279600,2315,1818,2210,1915,2304,2092
5177731999066200,2319,1818,2208,1914,2308,2099
5177731999066200,2317,1817,2210,1915,2316,2103
5177731999066200,2317,1818,2208,1913,2304,2101
5177731999066200,2317,1817,2229,1915,2304,2106
5177731999066200,2316,1816,2208,1913,2306,2102
5177732006613000,2316,1818,2209,1914,2305,2099
5177732006613000,2322,1816,2206,1916,2048,2102
5177732006613000,2315,1810,2211,1914,2306,2105
5177732006613000,2313,1818,2208,1914,2304,2077
5177732015912600,2316,1817,2209,1914,2305,2104
5177732015912600,2312,1822,2208,1913,2304,2104
5177732015912600,2314,1820,2207,1907,2305,2095
5177732015912600,2314,1820,2210,1915,2305,2101
5177732015912600,2313,1812,2209,1912,2305,2103
5177732025557800,2322,1816,2208,1917,2048,2103
5177732025557800,2311,1818,2211,1917,2307,2102
5177732025557800,2312,1817,2215,1914,2306,2108
5177732025557800,2312,1819,2209,1916,2305,2103
5177732031918200,2309,1817,2208,1916,2307,2099
5177732031918200,2312,1818,2206,1915,2307,2100
5177732031918200,2309,1817,2209,1913,2305,2102
5177732031918200,2424,1818,2208,1914,2306,2100
5177732042823000,2307,1818,2210,1913,2305,2101
5177732042823000,2306,1816,2209,1915,2308,2095
5177732042823000,2308,1817,2207,1913,2304,2100
5177732042823000,2304,1818,2208,1914,2307,2101
5177732042823000,2307,1817,2208,1915,2304,2103
5177732050767900,2306,1816,2207,1915,2304,2100
5177732050767900,2305,1820,2209,1913,2304,2142
5177732050767900,2304,1818,2209,1912,2459,2100
5177732050767900,2307,1817,2209,1913,2304,2100
5177732060527200,2306,1815,2206,1916,2306,2099
5177732060527200,2301,1817,2212,1913,2306,2099
5177732060527200,2302,1818,2207,1915,2302,2099
5177732060527200,2302,1819,2211,2056,2304,2099
5177732060527200,2304,1818,2208,1916,2297,2096
5177732068168500,2301,1820,2207,1915,2306,2100
5177732068168500,2304,1817,2207,1914,2305,2101
5177732068168500,2298,1819,2208,1917,2305,2100
5177732068168500,2299,1817,2207,1889,2305,2102
5177732079162400,2302,1816,2208,1913,2306,2101
5177732079162400,2300,1820,2210,1914,2307,2102
5177732079162400,2300,1818,2210,1913,2307,2100
5177732079162400,2297,1819,2207,1917,2306,2099
5177732079162400,2299,1815,2207,1913,2306,2101
5177732086812800,2297,1817,2209,1916,2328,2099
5177732086812800,2297,1818,2209,1912,2306,1844
5177732086812800,2298,1817,2206,1916,2304,2098
5177732086812800,2298,1819,2209,1916,2286,2100
5177732094348100,2298,1818,2211,1917,2304,2102
5177732094348100,2300,1819,2211,1922,2304,2102
5177732094348100,2299,1817,2208,1918,2304,2099
5177732094348100,2297,1819,2209,1919,2558,2101
5177732105346700,2298,1683,2211,1918,2317,2101
5177732105346700,2298,1817,2209,1922,2306,2101
5177732105346700,2297,1818,2210,1914,2305,2102
5177732105346700,2296,1826,2207,1912,2305,2103
5177732105346700,2296,1818,2208,1914,2305,2149
5177732112909500,2295,1817,2206,1918,2305,2099
5177732112909500,2300,1816,2208,1913,2304,2102
5177732112909500,2298,1819,2207,1913,2304,2105
5177732112909500,2302,1818,2207,1914,2305,2102
5177732123120800,2293,1818,2209,1913,2302,2096
5177732123120800,2296,1817,2208,1916,2305,2101
5177732123120800,2295,1820,2207,1913,2308,2104
5177732123120800,2296,1817,2209,1914,2304,2102
5177732123120800,2295,1817,2232,1913,2305,2108
5177732131010300,2293,1819,2208,1913,2304,2104
5177732131010300,2294,1820,2209,1915,2305,2103
5177732131010300,2301,1815,2209,1914,2050,2103
5177732131010300,2294,1814,2212,1914,2304,2104
5177732140669800,2293,1817,2206,1912,2301,2103
5177732140669800,2294,1817,2205,1915,2306,2104
5177732140669800,2292,1818,2207,1914,2304,2104
5177732140669800,2292,1816,2209,1915,2306,2102
5177732140669800,2292,1816,2209,1914,2302,2103
5177732148410700,2294,1826,2208,1918,2049,2102
5177732148410700,2310,1815,2208,1920,2302,2104
5177732148410700,2292,1817,2208,1912,2307,2102
5177732148410700,2294,1817,2216,1914,2305,2110
5177732157867800,2294,1818,2207,1914,2302,2103
5177732157867800,2293,1820,2208,1914,2304,2101
5177732157867800,2292,1815,2210,1911,2304,2104
5177732157867800,2290,1815,2208,1913,2305,2104
5177732166578400,2409,1818,2206,1914,2306,2106
5177732166578400,2291,1818,2208,1914,2307,2104
5177732166578400,2290,1819,2209,1915,2305,2100
5177732166578400,2291,1816,2209,1914,2306,2101
5177732166578400,2291,1818,2206,1913,2304,2103
5177732174900600,2294,1820,2204,1911,2305,2099
5177732174900600,2295,1816,2209,1914,2304,2101
5177732174900600,2292,1818,2206,1912,2301,2146
5177732174900600,2291,1815,2209,1912,2456,2104
5177732184712400,2292,1818,2210,1913,2306,2104
5177732184712400,2292,1815,2209,1912,2306,2101
5177732184712400,2291,1817,2210,1909,2307,2104
5177732184712400,2290,1817,2209,1914,2305,2103
5177732184712400,2292,1815,2209,2058,2307,2105
5177732193306400,2290,1818,2207,1910,2306,2101
5177732193306400,2290,1824,2208,1914,2305,2104
5177732193306400,2292,1816,2207,1914,2304,2103
5177732193306400,2290,1816,2211,1912,2306,2102
5177732202707100,2290,1818,2208,1911,2304,2104
5177732202707100,2292,1816,2208,1920,2307,2103
5177732202707100,2291,1817,2206,1914,2304,2101
5177732202707100,2290,1818,2208,1914,2306,2103
5177732202707100,2291,1815,2208,1913,2428,2102
5177732210116600,2290,1814,2210,1912,2306,2106
5177732210116600,2290,1816,2208,1905,2328,2104
5177732210116600,2290,1817,2208,1913,2305,1846
5177732210116600,2291,1816,2208,1913,2306,2104
5177732220480400,2293,1817,2209,1914,2285,2102
5177732220480400,2289,1811,2210,1919,2304,2103
5177732220480400,2289,1817,2206,1914,2304,2100
5177732220480400,2289,1818,2208,1914,2304,2103
5177732228438600,2286,1823,2208,1914,2308,2104
5177732228438600,2289,1683,2209,1912,2318,2103
5177732228438600,2293,1817,2208,1914,2306,2103
5177732228438600,2289,1818,2208,1914,2306,2103
5177732228438600,2289,1818,2206,1916,2297,2101
5177732236301400,2289,1817,2206,1915,2300,2148
5177732236301400,2288,1817,2206,1914,2304,2099
5177732236301400,2287,1815,2209,1916,2304,2102
5177732236301400,2292,1819,2209,1913,2307,2104
5177732247069300,2296,1817,2208,1914,2306,2103
5177732247069300,2286,1816,2208,1915,2305,2096
5177732247069300,2291,1817,2210,1913,2300,2102
5177732247069300,2290,1817,2208,1916,2303,2102
5177732247069300,2289,1817,2209,1913,2304,2103
5177732254696100,2288,1817,2230,1912,2301,2106
5177732254696100,2289,1816,2208,1912,2305,2102
5177732254696100,2289,1817,2207,1916,2048,2100
5177732254696100,2294,1817,2208,1916,2050,2103
5177732265620300,2288,1819,2209,1914,2306,2099
5177732265620300,2287,1818,2207,1913,2306,2099
5177732265620300,2286,1817,2209,1915,2306,2102
5177732265620300,2286,1817,2206,1918,2304,2103
5177732265620300,2286,1817,2207,1915,2305,2104
5177732273617600,2285,1819,2209,1916,2305,2102
5177732273617600,2285,1823,2209,1912,2304,2104
5177732273617600,2305,1817,2206,1921,2303,2103
5177732273617600,2285,1815,2207,1916,2308,2100
5177732281690600,2284,1816,2211,1917,2305,2109
5177732281690600,2284,1818,2209,1914,2305,2103
5177732281690600,2284,1815,2209,1914,2306,2100
5177732281690600,2286,1817,2209,1917,2308,2102
5177732291016700,2282,1816,2209,1915,2305,2101
5177732291016700,2396,1818,2208,1918,2308,2102
5177732291016700,2278,1818,2208,1916,2305,2100
5177732291016700,2279,1816,2208,1918,2307,2099
5177732291016700,2278,1816,2209,1920,2305,2104
5177732298652400,2275,1818,2206,1920,2305,2103
5177732298652400,2274,1819,2203,1917,2306,2102
5177732298652400,2274,1816,2209,1915,2307,2105
5177732298652400,2274,1820,2207,1920,2304,2148
5177732309745000,2276,1816,2208,1920,2460,2105
5177732309745000,2276,1820,2206,1918,2305,2104
5177732309745000,2276,1817,2207,1925,2305,2102
5177732309745000,2273,1816,2209,1919,2305,2102
5177732309745000,2272,1817,2208,1918,2304,2104
5177732317697100,2272,1817,2210,2070,2306,2099
5177732317697100,2270,1817,2205,1928,2306,2102
5177732317697100,2271,1824,2206,1928,2306,2107
5177732317697100,2271,1817,2205,1930,2304,2108
5177732327110700,2267,1816,2198,1929,2305,2103
5177732327110700,2265,1817,2205,1918,2304,2104
5177732327110700,2274,1817,2205,1928,2306,2105
5177732327110700,2266,1817,2210,1931,2305,2104
5177732327110700,2267,1815,2206,1931,2307,2103
5177732334915100,2265,1817,2206,1929,2426,2104
5177732334915100,2266,1814,2207,1934,2305,2103
5177732334915100,2265,1816,2207,1932,2326,2105
5177732334915100,2264,1817,2206,1931,2306,1849
5177732342955600,2264,1816,2206,1928,2305,2102
5177732342955600,2266,1817,2207,1932,2305,2105
5177732342955600,2264,1817,2209,1931,2304,2102
5177732342955600,2263,1816,2206,1932,2306,2104
5177732352531300,2264,1817,2208,1928,2305,2102
5177732352531300,2262,1822,2207,1930,2304,2104
5177732352531300,2263,1680,2207,1930,2318,2102
5177732352531300,2264,1816,2210,1928,2305,2103
5177732352531300,2262,1817,2206,1932,2306,2102
5177732361938100,2260,1818,2207,1929,2307,2104
5177732361938100,2261,1817,2208,1934,2304,2147
5177732361938100,2260,1820,2205,1935,2304,2101
5177732361938100,2260,1815,2208,1934,2306,2100
5177732371747900,2259,1818,2206,1934,2305,2102
5177732371747900,2264,1816,2206,1935,2305,2101
5177732371747900,2257,1820,2206,1933,2304,2096
5177732371747900,2258,1816,2205,1937,2308,2101
5177732371747900,2257,1816,2206,1931,2313,2101
5177732379307600,2259,1816,2207,1936,2305,2102
5177732379307600,2256,1817,2232,1934,2304,2098
5177732379307600,2254,1817,2208,1935,2305,2100
5177732379307600,2260,1817,2206,1932,2304,2101
5177732388992700,2262,1815,2206,1939,2051,2102
5177732388992700,2254,1813,2207,1934,2305,2101
5177732388992700,2254,1816,2205,1931,2305,2102
5177732388992700,2256,1818,2205,1931,2305,2102
5177732388992700,2254,1818,2204,1936,2305,2102
5177732397596700,2251,1818,2207,1935,2306,2101
5177732397596700,2255,1815,2208,1934,2305,2103
5177732397596700,2254,1830,2206,1933,2304,2102
5177732397596700,2273,1817,2208,1934,2303,2104
5177732406312400,2252,1817,2206,1933,2306,2105
5177732406312400,2251,1815,2210,1933,2306,2112
5177732406312400,2251,1817,2206,1929,2306,2103
5177732406312400,2249,1817,2205,1933,2306,2102
5177732415214900,2251,1817,2208,1929,2306,2104
5177732415214900,2248,1817,2208,1934,2306,2104
5177732415214900,2364,1817,2205,1935,2305,2104
5177732415214900,2247,1818,2204,1937,2303,2103
5177732415214900,2249,1817,2206,1936,2310,2103
5177732423305100,2249,1817,2205,1931,2305,2104
5177732423305100,2246,1817,2207,1932,2301,2105
5177732423305100,2248,1817,2203,1933,2305,2102
5177732423305100,2248,1817,2205,1936,2304,2104
5177732432632900,2246,1816,2203,1935,2304,2148
5177732432632900,2248,1817,2203,1934,2458,2104
5177732432632900,2247,1817,2205,1936,2306,2103
5177732432632900,2245,1817,2205,1936,2306,2104
5177732432632900,2246,1819,2209,1933,2304,2104
5177732440772200,2244,1818,2207,1936,2304,2106
5177732440772200,2243,1817,2209,2078,2311,2104
5177732440772200,2245,1818,2204,1932,2302,2105
5177732440772200,2242,1822,2205,1933,2306,2105
5177732451037500,2246,1820,2204,1932,2307,2104
5177732451037500,2240,1817,2188,1932,2308,2104
5177732451037500,2239,1817,2204,1944,2305,2103
5177732451037500,2235,1818,2205,1936,2310,2104
5177732451037500,2236,1815,2210,1932,2306,2105
5177732458862500,2236,1819,2206,1937,2308,2103
5177732458862500,2235,1815,2206,1936,2305,2103
5177732458862500,2234,1817,2205,1938,2305,2106
5177732458862500,2234,1818,2206,1935,2329,2101
5177732468450800,2233,1817,2205,1938,2305,1848
5177732468450800,2232,1817,2204,1925,2305,2104
5177732468450800,2235,1817,2204,1926,2305,2102
5177732468450800,2234,1818,2205,1915,2305,2102
5177732477637900,2234,1820,2204,1931,2306,2105
5177732477637900,2231,1817,2201,1915,2307,2103
5177732477637900,2232,1821,2206,1936,2309,2246
5177732477637900,2231,1682,2204,1937,2319,2101
5177732477637900,2230,1816,2205,1936,2305,2103
5177732485523900,2231,1817,2203,1934,2305,2104
5177732485523900,2229,1817,2205,1939,2316,2103
5177732485523900,2232,1817,2208,1937,2304,2154
5177732485523900,2230,1817,2207,1939,2305,2101
5177732494728900,2229,1817,2204,1936,2307,2103
5177732494728900,2230,1816,2206,1936,2304,2103
5177732494728900,2235,1817,2206,1936,2306,2103
5177732494728900,2231,1818,2206,1937,2304,2108
5177732494728900,2230,1816,2206,1936,2306,2101
5177732504016700,2228,1816,2207,1935,2307,2104
5177732504016700,2225,1818,2205,1937,2298,2103
5177732504016700,2228,1815,2233,1937,2304,2101
5177732504016700,2228,1815,2205,1936,2306,2102
5177732512733300,2229,1815,2206,1937,2310,2103
5177732512733300,2238,1818,2206,1937,2049,2101
5177732512733300,2230,1819,2205,1936,2307,2102
5177732512733300,2229,1820,2205,1938,2309,2102
5177732512733300,2230,1817,2204,1935,2307,2103
5177732521988500,2231,1817,2205,1934,2305,2103
5177732521988500,2230,1817,2206,1935,2302,2103
5177732521988500,2228,1816,2206,1935,2306,2101
5177732521988500,2228,1853,2205,1939,2305,2101
5177732529738500,2260,1817,2205,1937,2049,2101
5177732529738500,2229,1815,2207,1938,2306,2103
5177732529738500,2230,1814,2214,1935,2307,2112
5177732529738500,2230,1818,2206,1935,2305,2102
5177732539376300,2229,1817,2205,1936,2307,2102
5177732539376300,2230,1817,2207,1933,2306,2101
5177732539376300,2226,1817,2206,1936,2304,2103
5177732539376300,2344,1815,2206,1939,2559,2100
5177732539376300,2228,1820,2210,1938,2305,2101
5177732547669400,2228,1818,2206,1937,2308,2101
5177732547669400,2228,1819,2206,1937,2305,2100
5177732547669400,2227,1817,2204,1938,2305,2100
5177732547669400,2228,1817,2202,1935,2306,2102
5177732557120500,2227,1816,2205,1937,2304,2102
5177732557120500,2230,1816,2204,1936,2306,2144
5177732557120500,2228,1816,2203,1935,2460,2103
5177732557120500,2227,1816,2206,1934,2302,2101
5177732557120500,2230,1817,2204,1938,2307,2103
5177732565354100,2227,1818,2206,1943,2304,2102
5177732565354100,2227,1818,2205,1936,2305,2104
5177732565354100,2226,1816,2205,1788,2304,2102
5177732565354100,2227,1818,2205,1936,2306,2101
5177732576218300,2229,1822,2205,1936,2306,2103
5177732576218300,2233,1816,2205,1936,2305,2102
5177732576218300,2228,1817,2205,1938,2305,2101
5177732576218300,2227,1818,2205,1919,2306,2101
5177732576218300,2229,1816,2203,1937,2304,2103
5177732584592600,2228,1817,2206,1939,2306,2100
5177732584592600,2228,1817,2206,1937,2301,2105
5177732584592600,2228,1818,2205,1936,2304,2099
5177732584592600,2229,1812,2207,1934,2305,2105
5177732592420900,2227,1814,2204,1938,2324,2100
5177732592420900,2229,1816,2205,1937,2305,1847
5177732592420900,2228,1819,2203,1938,2305,2104
5177732592420900,2229,1817,2206,1937,2327,2102
5177732602003100,2230,1816,2208,1941,2306,2103
5177732602003100,2229,1817,2207,1937,2305,2103
5177732602003100,2228,1815,2205,1939,2305,2103
5177732602003100,2227,1812,2208,1938,2307,2199
5177732602003100,2230,1681,2205,1939,2314,2101
5177732610234300,2230,1817,2207,1935,2306,2101
5177732610234300,2229,1817,2204,1936,2306,2101
5177732610234300,2229,1817,2206,1940,2298,2103
5177732610234300,2227,1818,2204,1937,2304,2150
5177732619601500,2227,1820,2204,1944,2307,2104
5177732619601500,2230,1817,2205,1936,2303,2102
5177732619601500,2229,1816,2205,1936,2558,2103
5177732619601500,2232,1820,2200,1936,2305,2103
5177732619601500,2228,1815,2203,1935,2305,2094
5177732627722600,2230,1816,2205,1939,2305,2103
5177732627722600,2231,1818,2202,1936,2314,2099
5177732627722600,2228,1817,2205,1936,2300,2104
5177732627722600,2225,1816,2223,1938,2300,2101
5177732637006300,2228,1821,2204,1939,2304,2104
5177732637006300,2226,1818,2205,1936,2557,2103
5177732637006300,2234,1817,2205,1939,2050,2102
5177732637006300,2228,1815,2206,1939,2304,2103
5177732637339500,2226,1819,2204,1941,2306,2103
5177732646743600,2228,1817,2205,1939,2305,2104
5177732646743600,2228,1816,2206,1938,2307,2105
5177732646743600,2228,1818,2207,1936,2308,2104
5177732646743600,2230,1817,2206,1940,2308,2105
5177732654375600,2228,1807,2207,1938,2305,2104
5177732654375600,2235,1816,2208,1940,2050,2103
5177732654375600,2230,1817,2206,1936,2307,2104
5177732654375600,2230,1816,2210,1938,2306,2112
5177732663636300,2229,1817,2206,1938,2306,2105
5177732663636300,2231,1820,2205,1937,2306,2105
5177732663636300,2230,1817,2207,1936,2306,2105
5177732663636300,2229,1815,2204,1940,2305,2104
5177732663636300,2347,1818,2204,1937,2307,2105
5177732671301900,2229,1814,2204,1938,2305,2104
5177732671301900,2229,1814,2205,1936,2304,2104
5177732671301900,2228,1815,2205,1937,2304,2104
5177732671301900,2230,1815,2203,1936,2304,2103
5177732682406000,2229,1817,2202,1936,2306,2104
5177732682406000,2232,1816,2207,1938,2308,2104
5177732682406000,2229,1818,2204,1940,2306,2147
5177732682406000,2229,1817,2203,1938,2459,2106
5177732682406000,2231,1816,2206,1935,2305,2106
5177732689966300,2233,1817,2206,1938,2303,2103
5177732689966300,2231,1818,2205,1939,2306,2103
5177732689966300,2232,1817,2205,1940,2304,2105
5177732689966300,2232,1818,2206,1789,2302,2105
5177732700394800,2233,1817,2205,1937,2306,2103
5177732700394800,2232,1822,2206,1936,2305,2105
5177732700394800,2235,1817,2206,1936,2304,2106
5177732700394800,2233,1816,2212,1938,2307,2104
5177732700394800,2234,1818,2204,1916,2305,2104
5177732708501800,2234,1818,2205,1936,2310,2104
5177732708501800,2236,1814,2206,1939,2306,2104
5177732708501800,2234,1818,2203,1934,2307,2105
5177732708501800,2235,1818,2205,1935,2305,2105
5177732716338400,2235,1816,2204,1937,2305,2105
5177732716338400,2237,1816,2205,1937,2328,2105
5177732716338400,2238,1817,2207,1939,2306,1850
5177732716338400,2240,1814,2205,1941,2305,2104
5177732725648600,2238,1817,2205,1937,2279,2104
5177732725648600,2242,1820,2206,1941,2304,2103
5177732725648600,2242,1818,2207,1938,2303,2106
5177732725648600,2241,1816,2205,1940,2306,2105
5177732725648600,2243,1816,2207,1937,2305,2201
5177732733598800,2242,1680,2206,1939,2316,2104
5177732733598800,2245,1816,2207,1940,2304,2105
5177732733598800,2246,1819,2203,1937,2308,2104
5177732733598800,2247,1815,2204,1938,2305,2103
5177732744986600,2248,1819,2206,1938,2306,2155
5177732744986600,2246,1815,2202,1937,2305,2104
5177732744986600,2249,1817,2205,1938,2303,2103
5177732744986600,2250,1816,2207,1936,2307,2105
5177732744986600,2251,1816,2205,1941,2051,2105
5177732752589000,2249,1816,2204,1939,2304,2101
5177732752589000,2254,1816,2204,1938,2305,2104
5177732752589000,2255,1817,2205,1937,2300,2104
5177732752589000,2256,1817,2205,1938,2304,2103
5177732762280000,2256,1818,2229,1936,2307,2104
5177732762280000,2257,1816,2206,1939,2305,2104
5177732762280000,2260,1814,2205,1938,2556,2106
5177732762280000,2265,1817,2204,1940,2049,2106
5177732762280000,2257,1817,2208,1937,2304,2105
5177732770780500,2259,1820,2204,1940,2302,2104
5177732770780500,2257,1817,2205,1937,2306,2104
5177732770780500,2260,1815,2206,1938,2304,2105
5177732770780500,2263,1816,2206,1938,2306,2104
5177732777685800,2261,1822,2206,1939,2307,2103
5177732777685800,2262,1812,2207,1937,2050,2081
5177732777685800,2268,1817,2205,1937,2049,2104
5177732777685800,2260,1816,2205,1939,2307,2105
5177732788797300,2264,1818,2210,1939,2306,2110
5177732788797300,2262,1818,2204,1937,2306,2106
5177732788797300,2263,1817,2205,1933,2305,2103
5177732788797300,2263,1816,2206,1937,2305,2105
5177732788797300,2260,1817,2203,1938,2304,2104
5177732796558700,2383,1817,2205,1936,2306,2105
5177732796558700,2259,1816,2204,1938,2299,2106
5177732796558700,2260,1818,2204,1938,2306,2103
5177732796558700,2261,1817,2207,1935,2308,2105
5177732806130100,2261,1818,2203,1938,2305,2106
5177732806130100,2264,1815,2201,1937,2304,2104
5177732806130100,2264,1817,2205,1938,2306,2104
5177732806130100,2265,1814,2204,1936,2306,2146
5177732806130100,2262,1813,2203,1936,2461,2104
5177732813960200,2265,1818,2205,1938,2308,2103
5177732813960200,2264,1819,2204,1938,2304,2104
5177732813960200,2261,1816,2207,1937,2305,2106
5177732813960200,2265,1817,2207,1936,2304,2104
5177732823602700,2266,1817,2206,1788,2304,2104
5177732823602700,2265,1818,2205,1936,2306,2106
5177732823602700,2264,1816,2204,1936,2305,2104
5177732823602700,2266,1817,2206,1934,2306,2103
5177732823602700,2264,1814,2195,1933,2307,2105
5177732833543600,2265,1815,2208,1938,2306,2104
5177732833543600,2265,1815,2205,1935,2305,2105
5177732833543600,2262,1817,2206,1936,2304,2106
5177732833543600,2264,1817,2205,1936,2305,2105
5177732839882400,2266,1816,2205,1937,2306,2106
5177732839882400,2264,1816,2205,1938,2304,2107
5177732839882400,2264,1816,2204,1940,2326,2104
5177732839882400,2265,1817,2205,1936,2302,1852
